PRAGMA foreign_keys=OFF;
BEGIN TRANSACTION;
CREATE TABLE IF NOT EXISTS "django_migrations" ("id" integer NOT NULL PRIMARY KEY AUTOINCREMENT, "app" varchar(255) NOT NULL, "name" varchar(255) NOT NULL, "applied" datetime NOT NULL);
INSERT INTO django_migrations VALUES(1,'contenttypes','0001_initial','2024-04-24 04:57:44.056481');
INSERT INTO django_migrations VALUES(2,'auth','0001_initial','2024-04-24 04:57:44.774747');
INSERT INTO django_migrations VALUES(3,'account','0001_initial','2024-04-24 04:57:45.428729');
INSERT INTO django_migrations VALUES(4,'account','0002_email_max_length','2024-04-24 04:57:45.641920');
INSERT INTO django_migrations VALUES(5,'account','0003_alter_emailaddress_id_alter_emailconfirmation_id','2024-04-24 04:57:45.863928');
INSERT INTO django_migrations VALUES(6,'admin','0001_initial','2024-04-24 04:57:46.407696');
INSERT INTO django_migrations VALUES(7,'admin','0002_logentry_remove_auto_add','2024-04-24 04:57:46.624739');
INSERT INTO django_migrations VALUES(8,'admin','0003_logentry_add_action_flag_choices','2024-04-24 04:57:46.874949');
INSERT INTO django_migrations VALUES(9,'contenttypes','0002_remove_content_type_name','2024-04-24 04:57:47.100690');
INSERT INTO django_migrations VALUES(10,'auth','0002_alter_permission_name_max_length','2024-04-24 04:57:47.306300');
INSERT INTO django_migrations VALUES(11,'auth','0003_alter_user_email_max_length','2024-04-24 04:57:47.643597');
INSERT INTO django_migrations VALUES(12,'auth','0004_alter_user_username_opts','2024-04-24 04:57:47.993549');
INSERT INTO django_migrations VALUES(13,'auth','0005_alter_user_last_login_null','2024-04-24 04:57:48.210285');
INSERT INTO django_migrations VALUES(14,'auth','0006_require_contenttypes_0002','2024-04-24 04:57:48.402707');
INSERT INTO django_migrations VALUES(15,'auth','0007_alter_validators_add_error_messages','2024-04-24 04:57:48.657344');
INSERT INTO django_migrations VALUES(16,'auth','0008_alter_user_username_max_length','2024-04-24 04:57:48.861852');
INSERT INTO django_migrations VALUES(17,'auth','0009_alter_user_last_name_max_length','2024-04-24 04:57:49.086211');
INSERT INTO django_migrations VALUES(18,'auth','0010_alter_group_name_max_length','2024-04-24 04:57:49.335425');
INSERT INTO django_migrations VALUES(19,'auth','0011_update_proxy_permissions','2024-04-24 04:57:49.543159');
INSERT INTO django_migrations VALUES(20,'auth','0012_alter_user_first_name_max_length','2024-04-24 04:57:49.761570');
INSERT INTO django_migrations VALUES(21,'sessions','0001_initial','2024-04-24 04:57:50.256511');
INSERT INTO django_migrations VALUES(22,'sites','0001_initial','2024-04-24 04:57:50.611808');
INSERT INTO django_migrations VALUES(23,'sites','0002_alter_domain_unique','2024-04-24 04:57:50.976670');
INSERT INTO django_migrations VALUES(24,'socialaccount','0001_initial','2024-04-24 04:57:51.729836');
INSERT INTO django_migrations VALUES(25,'socialaccount','0002_token_max_lengths','2024-04-24 04:57:52.107934');
INSERT INTO django_migrations VALUES(26,'socialaccount','0003_extra_data_default_dict','2024-04-24 04:57:52.492892');
INSERT INTO django_migrations VALUES(27,'socialaccount','0004_alter_socialaccount_id_alter_socialapp_id_and_more','2024-04-24 04:57:52.905443');
INSERT INTO django_migrations VALUES(28,'account','0003_alter_emailaddress_create_unique_verified_email','2024-04-24 09:05:53.484784');
INSERT INTO django_migrations VALUES(29,'account','0004_alter_emailaddress_drop_unique_email','2024-04-24 09:05:53.693719');
INSERT INTO django_migrations VALUES(30,'account','0005_emailaddress_idx_upper_email','2024-04-24 09:05:53.967812');
INSERT INTO django_migrations VALUES(31,'account','0006_merge_20240424_1705','2024-04-24 09:05:54.146424');
INSERT INTO django_migrations VALUES(32,'account','0007_alter_emailaddress_id_alter_emailconfirmation_id','2024-04-24 09:05:54.368245');
INSERT INTO django_migrations VALUES(33,'socialaccount','0004_app_provider_id_settings','2024-04-24 09:05:54.581422');
INSERT INTO django_migrations VALUES(34,'socialaccount','0005_socialtoken_nullable_app','2024-04-24 09:05:54.803969');
INSERT INTO django_migrations VALUES(35,'socialaccount','0006_alter_socialaccount_extra_data','2024-04-24 09:05:55.023626');
INSERT INTO django_migrations VALUES(36,'socialaccount','0007_merge_20240424_1705','2024-04-24 09:05:55.230039');
INSERT INTO django_migrations VALUES(37,'socialaccount','0008_alter_socialaccount_id_alter_socialapp_id_and_more','2024-04-24 09:05:55.458087');
INSERT INTO django_migrations VALUES(38,'Agora','0001_initial','2024-04-27 02:31:34.853327');
INSERT INTO django_migrations VALUES(39,'Agora','0002_remove_account_email_remove_account_fullname_and_more','2024-04-27 04:07:40.367673');
INSERT INTO django_migrations VALUES(40,'Agora','0003_rename_auth_user_id_account_auth_user','2024-04-27 06:37:18.499138');
INSERT INTO django_migrations VALUES(41,'Agora','0004_alter_account_profile_photo','2024-04-30 06:25:44.936744');
INSERT INTO django_migrations VALUES(42,'Agora','0005_remove_account_address_remove_account_auth_user_and_more','2024-04-30 06:31:51.795354');
INSERT INTO django_migrations VALUES(43,'Agora','0006_account_auth_user','2024-04-30 06:33:30.528288');
INSERT INTO django_migrations VALUES(44,'Agora','0007_account_age_account_birthday_account_uiappearance_and_more','2024-04-30 11:00:59.843057');
INSERT INTO django_migrations VALUES(45,'Agora','0008_audience','2024-05-01 06:25:01.837006');
INSERT INTO django_migrations VALUES(46,'Agora','0009_post_photo_video','2024-05-03 00:04:56.346701');
INSERT INTO django_migrations VALUES(47,'Agora','0010_remove_photo_name_remove_video_name','2024-05-03 07:13:54.272414');
INSERT INTO django_migrations VALUES(48,'Agora','0011_rename_post_id_photo_post_and_more','2024-05-03 07:54:04.218814');
INSERT INTO django_migrations VALUES(49,'Agora','0012_rename_post_id_video_post','2024-05-03 08:09:31.885476');
INSERT INTO django_migrations VALUES(50,'Agora','0013_alter_photo_datetime_alter_post_datetime_and_more','2024-05-03 08:36:37.880520');
INSERT INTO django_migrations VALUES(51,'Agora','0014_audience_link','2024-05-04 22:50:49.173152');
INSERT INTO django_migrations VALUES(52,'Agora','0015_remove_photo_datetime_remove_video_datetime','2024-05-04 22:52:59.985756');
INSERT INTO django_migrations VALUES(53,'Agora','0016_alter_post_datetime','2024-05-05 12:46:35.024161');
INSERT INTO django_migrations VALUES(54,'Agora','0017_alter_post_datetime','2024-05-05 05:11:36.619313');
INSERT INTO django_migrations VALUES(55,'Agora','0018_alter_post_datetime','2024-05-05 05:19:35.954126');
INSERT INTO django_migrations VALUES(56,'Agora','0019_alter_post_datetime','2024-05-05 05:24:05.766001');
INSERT INTO django_migrations VALUES(57,'Agora','0020_alter_post_datetime','2024-05-05 05:34:25.494376');
INSERT INTO django_migrations VALUES(58,'Agora','0021_alter_post_datetime','2024-05-05 05:37:03.411868');
INSERT INTO django_migrations VALUES(59,'Agora','0022_tag','2024-05-05 12:20:15.090624');
INSERT INTO django_migrations VALUES(60,'Agora','0023_alter_post_caption','2024-05-05 12:41:34.625082');
INSERT INTO django_migrations VALUES(61,'Agora','0024_notification_friend','2024-05-06 06:36:05.837918');
INSERT INTO django_migrations VALUES(62,'Agora','0025_alter_tag_post','2024-05-06 07:08:22.878351');
INSERT INTO django_migrations VALUES(63,'Agora','0026_friend_date_friend_request_and_more','2024-05-06 09:44:54.385184');
INSERT INTO django_migrations VALUES(64,'Agora','0027_notification_frien_request','2024-05-06 11:34:08.957681');
INSERT INTO django_migrations VALUES(65,'Agora','0028_rename_frien_request_notification_friend_request','2024-05-06 11:35:21.466473');
INSERT INTO django_migrations VALUES(66,'Agora','0029_remove_notification_title','2024-05-06 11:46:18.452055');
INSERT INTO django_migrations VALUES(67,'Agora','0030_alter_friend_unique_together','2024-05-06 16:19:53.052560');
INSERT INTO django_migrations VALUES(68,'Agora','0031_alter_notification_friend_request','2024-05-06 16:34:19.562778');
INSERT INTO django_migrations VALUES(69,'Agora','0032_comment','2024-05-08 12:53:04.594151');
INSERT INTO django_migrations VALUES(70,'Agora','0033_alter_post_datetime','2024-05-09 14:43:55.120378');
INSERT INTO django_migrations VALUES(71,'Agora','0034_alter_post_datetime','2024-05-09 14:49:20.240926');
INSERT INTO django_migrations VALUES(72,'Agora','0035_alter_comment_datetime_and_more','2024-05-09 16:29:06.591701');
INSERT INTO django_migrations VALUES(73,'Agora','0036_remove_tag_post_tag_posts','2024-05-12 01:45:10.036180');
INSERT INTO django_migrations VALUES(74,'Agora','0037_remove_tag_posts_tag_post','2024-05-12 01:51:17.612345');
INSERT INTO django_migrations VALUES(75,'Agora','0038_alter_tag_post','2024-05-12 01:51:39.062407');
INSERT INTO django_migrations VALUES(76,'Agora','0039_glow','2024-05-12 16:01:44.865229');
INSERT INTO django_migrations VALUES(77,'Agora','0040_share','2024-05-14 06:11:49.951216');
INSERT INTO django_migrations VALUES(78,'Agora','0041_share_caption','2024-05-14 06:11:50.266431');
INSERT INTO django_migrations VALUES(79,'Agora','0042_share_audience','2024-05-15 22:17:39.223957');
INSERT INTO django_migrations VALUES(80,'Agora','0043_account_cover_photo','2024-05-16 02:12:03.050205');
INSERT INTO django_migrations VALUES(81,'account','0006_emailaddress_lower','2024-05-20 19:24:53.257897');
INSERT INTO django_migrations VALUES(82,'account','0007_emailaddress_idx_email','2024-05-20 19:24:53.311205');
INSERT INTO django_migrations VALUES(83,'account','0008_emailaddress_unique_primary_email_fixup','2024-05-20 19:24:53.356841');
INSERT INTO django_migrations VALUES(84,'account','0009_emailaddress_unique_primary_email','2024-05-20 19:24:53.395293');
INSERT INTO django_migrations VALUES(85,'Agora','0044_alter_account_auth_user','2024-05-22 01:21:45.532229');
INSERT INTO django_migrations VALUES(86,'Agora','0045_alter_account_auth_user','2024-05-22 01:26:16.292446');
INSERT INTO django_migrations VALUES(87,'Agora','0046_photo_link_id_imagekit','2024-09-02 01:05:56.606429');
INSERT INTO django_migrations VALUES(88,'Agora','0047_account_is_online_account_last_activity_and_more','2024-09-10 04:34:03.892008');
INSERT INTO django_migrations VALUES(89,'django_cron','0001_initial','2024-09-10 04:53:28.819719');
INSERT INTO django_migrations VALUES(90,'django_cron','0002_remove_max_length_from_CronJobLog_message','2024-09-10 04:53:28.827725');
INSERT INTO django_migrations VALUES(91,'django_cron','0003_cronjoblock','2024-09-10 04:53:28.832730');
INSERT INTO django_migrations VALUES(92,'Agora','0048_account_profile_photo_id_imagekit','2024-09-11 14:53:20.566902');
INSERT INTO django_migrations VALUES(93,'Agora','0049_account_cover_photo_id_imagekit','2024-09-17 14:53:30.140332');
CREATE TABLE IF NOT EXISTS "auth_group_permissions" ("id" integer NOT NULL PRIMARY KEY AUTOINCREMENT, "group_id" integer NOT NULL REFERENCES "auth_group" ("id") DEFERRABLE INITIALLY DEFERRED, "permission_id" integer NOT NULL REFERENCES "auth_permission" ("id") DEFERRABLE INITIALLY DEFERRED);
CREATE TABLE IF NOT EXISTS "auth_user_groups" ("id" integer NOT NULL PRIMARY KEY AUTOINCREMENT, "user_id" integer NOT NULL REFERENCES "auth_user" ("id") DEFERRABLE INITIALLY DEFERRED, "group_id" integer NOT NULL REFERENCES "auth_group" ("id") DEFERRABLE INITIALLY DEFERRED);
CREATE TABLE IF NOT EXISTS "auth_user_user_permissions" ("id" integer NOT NULL PRIMARY KEY AUTOINCREMENT, "user_id" integer NOT NULL REFERENCES "auth_user" ("id") DEFERRABLE INITIALLY DEFERRED, "permission_id" integer NOT NULL REFERENCES "auth_permission" ("id") DEFERRABLE INITIALLY DEFERRED);
CREATE TABLE IF NOT EXISTS "django_admin_log" ("id" integer NOT NULL PRIMARY KEY AUTOINCREMENT, "object_id" text NULL, "object_repr" varchar(200) NOT NULL, "action_flag" smallint unsigned NOT NULL CHECK ("action_flag" >= 0), "change_message" text NOT NULL, "content_type_id" integer NULL REFERENCES "django_content_type" ("id") DEFERRABLE INITIALLY DEFERRED, "user_id" integer NOT NULL REFERENCES "auth_user" ("id") DEFERRABLE INITIALLY DEFERRED, "action_time" datetime NOT NULL);
INSERT INTO django_admin_log VALUES(1,'1','Google',1,'[{"added": {}}]',4,1,'2024-04-24 09:17:16.312124');
INSERT INTO django_admin_log VALUES(2,'6','None None https://ik.imagekit.io/mygh9x3hg/7322026d32f406ff1b404c9dce9face6_bETvw9tfy.jpgNone',3,'',13,1,'2024-04-30 11:07:05.908177');
INSERT INTO django_admin_log VALUES(3,'5','None None https://ik.imagekit.io/mygh9x3hg/f104b2ae96393ed790dde9e1b8392d9e_rRnqxqKI-.jpgNone',3,'',13,1,'2024-04-30 11:07:06.174189');
INSERT INTO django_admin_log VALUES(4,'4','None None https://ik.imagekit.io/mygh9x3hg/7322026d32f406ff1b404c9dce9face6_0VRJ2Ux8n.jpgNone',3,'',13,1,'2024-04-30 11:07:06.261213');
INSERT INTO django_admin_log VALUES(5,'3','None None https://ik.imagekit.io/mygh9x3hg/c75458a2c778b719cdc147b300bf9ccb_zvBxeV-6a.jpgNone',3,'',13,1,'2024-04-30 11:07:06.500435');
INSERT INTO django_admin_log VALUES(6,'2','None None https://ik.imagekit.io/mygh9x3hg/c75458a2c778b719cdc147b300bf9ccb_qxr0hcGkS.jpgNone',3,'',13,1,'2024-04-30 11:07:06.752249');
INSERT INTO django_admin_log VALUES(7,'1','None None https://ik.imagekit.io/mygh9x3hg/c75458a2c778b719cdc147b300bf9ccb_OJVxf4Nbh.jpgNone',3,'',13,1,'2024-04-30 11:07:07.070944');
INSERT INTO django_admin_log VALUES(8,'7','george cruz https://ik.imagekit.io/mygh9x3hg/f59f355c725ad73fa5b86dac102d8251_DTkjbbJlM.jpggeo',3,'',13,1,'2024-04-30 13:56:40.942215');
INSERT INTO django_admin_log VALUES(9,'8','George Ray',3,'',13,1,'2024-04-30 14:07:56.514826');
INSERT INTO django_admin_log VALUES(10,'9','george jungle',3,'',13,1,'2024-04-30 15:05:06.401999');
INSERT INTO django_admin_log VALUES(11,'10','george jungle',3,'',13,1,'2024-05-01 03:08:53.848394');
INSERT INTO django_admin_log VALUES(12,'7','jayrald',3,'',9,1,'2024-05-01 03:11:24.049216');
INSERT INTO django_admin_log VALUES(13,'2','justine',3,'',9,1,'2024-05-01 03:11:24.433080');
INSERT INTO django_admin_log VALUES(14,'3','qwe',3,'',9,1,'2024-05-01 03:11:24.751670');
INSERT INTO django_admin_log VALUES(15,'6','w@gmail.com',3,'',9,1,'2024-05-01 03:11:24.833243');
INSERT INTO django_admin_log VALUES(16,'4','z',3,'',9,1,'2024-05-01 03:11:25.143807');
INSERT INTO django_admin_log VALUES(17,'11','george cruz',3,'',13,1,'2024-05-01 04:01:55.659243');
INSERT INTO django_admin_log VALUES(18,'1','Public',1,'[{"added": {}}]',14,1,'2024-05-01 06:53:29.969965');
INSERT INTO django_admin_log VALUES(19,'2','Private',1,'[{"added": {}}]',14,1,'2024-05-01 06:53:47.134913');
INSERT INTO django_admin_log VALUES(20,'3','Followers',1,'[{"added": {}}]',14,1,'2024-05-01 06:55:53.689678');
INSERT INTO django_admin_log VALUES(21,'12','george cruz',3,'',13,1,'2024-05-01 14:41:53.698014');
INSERT INTO django_admin_log VALUES(22,'11','AITags',3,'',15,1,'2024-05-03 07:45:35.475335');
INSERT INTO django_admin_log VALUES(23,'10','thumbnailUrl',3,'',15,1,'2024-05-03 07:45:35.764434');
INSERT INTO django_admin_log VALUES(24,'9','width',3,'',15,1,'2024-05-03 07:45:36.049617');
INSERT INTO django_admin_log VALUES(25,'8','height',3,'',15,1,'2024-05-03 07:45:36.357967');
INSERT INTO django_admin_log VALUES(26,'7','fileType',3,'',15,1,'2024-05-03 07:45:36.642073');
INSERT INTO django_admin_log VALUES(27,'6','url',3,'',15,1,'2024-05-03 07:45:36.938013');
INSERT INTO django_admin_log VALUES(28,'5','filePath',3,'',15,1,'2024-05-03 07:45:37.263569');
INSERT INTO django_admin_log VALUES(29,'4','versionInfo',3,'',15,1,'2024-05-03 07:45:37.609135');
INSERT INTO django_admin_log VALUES(30,'3','size',3,'',15,1,'2024-05-03 07:45:37.915732');
INSERT INTO django_admin_log VALUES(31,'2','name',3,'',15,1,'2024-05-03 07:45:38.223948');
INSERT INTO django_admin_log VALUES(32,'1','fileId',3,'',15,1,'2024-05-03 07:45:38.519786');
INSERT INTO django_admin_log VALUES(33,'4','wowweers😍😍',3,'',16,1,'2024-05-03 07:45:58.291951');
INSERT INTO django_admin_log VALUES(34,'3','sawd',3,'',16,1,'2024-05-03 07:45:58.910127');
INSERT INTO django_admin_log VALUES(35,'2','ayay gwapa😮',3,'',16,1,'2024-05-03 07:45:59.226297');
INSERT INTO django_admin_log VALUES(36,'1','waw, gwapa 😍',3,'',16,1,'2024-05-03 07:45:59.512403');
INSERT INTO django_admin_log VALUES(37,'13','{''fileId'': ''6634984e88c257da3333d038'', ''name'': ''6ab3071c9701ba3efdb6f6807a71ebd8_PzStcoikv.jpg'', ''size'': 79280, ''versionInfo'': {''id'': ''6634984e88c257da3333d038'', ''name'': ''Version 1''}, ''filePath'': ''/6a',3,'',15,1,'2024-05-03 07:59:51.200303');
INSERT INTO django_admin_log VALUES(38,'12','{''fileId'': ''6634966388c257da332c2753'', ''name'': ''7933f79b92c90023265da853ac51c15d_Ye2oEjbL_.jpg'', ''size'': 31589, ''versionInfo'': {''id'': ''6634966388c257da332c2753'', ''name'': ''Version 1''}, ''filePath'': ''/79',3,'',15,1,'2024-05-03 07:59:51.548968');
INSERT INTO django_admin_log VALUES(39,'6','wowwers',3,'',16,1,'2024-05-03 08:00:02.475684');
INSERT INTO django_admin_log VALUES(40,'5','woowwerss',3,'',16,1,'2024-05-03 08:00:02.815294');
INSERT INTO django_admin_log VALUES(41,'2','https://ik.imagekit.io/mygh9x3hg/The_Red_Jumpsuit_Apparatus_-_Face_Down_Mx8R0Owgq.mp4',3,'',17,1,'2024-05-03 08:38:24.349350');
INSERT INTO django_admin_log VALUES(42,'1','https://ik.imagekit.io/mygh9x3hg/The_Red_Jumpsuit_Apparatus_-_Face_Down_1p-Xb2vkx.mp4',3,'',17,1,'2024-05-03 08:38:24.689829');
INSERT INTO django_admin_log VALUES(43,'24','https://ik.imagekit.io/mygh9x3hg/7933f79b92c90023265da853ac51c15d_7BtBnwdRv.jpg',3,'',15,1,'2024-05-03 08:38:30.540492');
INSERT INTO django_admin_log VALUES(44,'23','https://ik.imagekit.io/mygh9x3hg/2c117ed8675afe321e603f69b19e9f65_8SyEUIYN6.jpg',3,'',15,1,'2024-05-03 08:38:31.177325');
INSERT INTO django_admin_log VALUES(45,'22','https://ik.imagekit.io/mygh9x3hg/7933f79b92c90023265da853ac51c15d_T5iU4b1jh.jpg',3,'',15,1,'2024-05-03 08:38:31.465960');
INSERT INTO django_admin_log VALUES(46,'21','https://ik.imagekit.io/mygh9x3hg/495e7bf4cbfe6a950ebed5a9a2af57b8_yFtuyybEC.jpg',3,'',15,1,'2024-05-03 08:38:31.739531');
INSERT INTO django_admin_log VALUES(47,'20','https://ik.imagekit.io/mygh9x3hg/7f8f0ae37686d3719b378c4ee6bbd70d_2m4n3XsJa.jpg',3,'',15,1,'2024-05-03 08:38:32.013666');
INSERT INTO django_admin_log VALUES(48,'19','https://ik.imagekit.io/mygh9x3hg/6ab3071c9701ba3efdb6f6807a71ebd8_zL4w9yKCj.jpg',3,'',15,1,'2024-05-03 08:38:32.298733');
INSERT INTO django_admin_log VALUES(49,'18','https://ik.imagekit.io/mygh9x3hg/6ab3071c9701ba3efdb6f6807a71ebd8_G-s37spWh.jpg',3,'',15,1,'2024-05-03 08:38:32.572698');
INSERT INTO django_admin_log VALUES(50,'17','https://ik.imagekit.io/mygh9x3hg/495e7bf4cbfe6a950ebed5a9a2af57b8_-HvYmVes0.jpg',3,'',15,1,'2024-05-03 08:38:32.950683');
INSERT INTO django_admin_log VALUES(51,'16','https://ik.imagekit.io/mygh9x3hg/495e7bf4cbfe6a950ebed5a9a2af57b8_n4SQa3nlQ.jpg',3,'',15,1,'2024-05-03 08:38:33.312667');
INSERT INTO django_admin_log VALUES(52,'15','https://ik.imagekit.io/mygh9x3hg/495e7bf4cbfe6a950ebed5a9a2af57b8_0axlzKd-j.jpg',3,'',15,1,'2024-05-03 08:38:33.653694');
INSERT INTO django_admin_log VALUES(53,'14','https://ik.imagekit.io/mygh9x3hg/6ab3071c9701ba3efdb6f6807a71ebd8_pbnm0OgLJ.jpg',3,'',15,1,'2024-05-03 08:38:34.016752');
INSERT INTO django_admin_log VALUES(54,'18','',3,'',16,1,'2024-05-03 08:38:41.532320');
INSERT INTO django_admin_log VALUES(55,'17','',3,'',16,1,'2024-05-03 08:38:42.093551');
INSERT INTO django_admin_log VALUES(56,'16','',3,'',16,1,'2024-05-03 08:38:42.411933');
INSERT INTO django_admin_log VALUES(57,'15','',3,'',16,1,'2024-05-03 08:38:42.743324');
INSERT INTO django_admin_log VALUES(58,'14','',3,'',16,1,'2024-05-03 08:38:43.059296');
INSERT INTO django_admin_log VALUES(59,'13','sadwa',3,'',16,1,'2024-05-03 08:38:43.389467');
INSERT INTO django_admin_log VALUES(60,'12','sadwad',3,'',16,1,'2024-05-03 08:38:43.718144');
INSERT INTO django_admin_log VALUES(61,'11','woowww',3,'',16,1,'2024-05-03 08:38:44.036509');
INSERT INTO django_admin_log VALUES(62,'10','wowwwwwwww',3,'',16,1,'2024-05-03 08:38:44.367211');
INSERT INTO django_admin_log VALUES(63,'9','uy guyss',3,'',16,1,'2024-05-03 08:38:44.784861');
INSERT INTO django_admin_log VALUES(64,'8','uy, woww',3,'',16,1,'2024-05-03 08:38:45.102423');
INSERT INTO django_admin_log VALUES(65,'7','wowwerss😥',3,'',16,1,'2024-05-03 08:38:45.454687');
INSERT INTO django_admin_log VALUES(66,'3','https://ik.imagekit.io/mygh9x3hg/The_Red_Jumpsuit_Apparatus_-_Face_Down_XMaePqcii.mp4',3,'',17,1,'2024-05-03 10:12:15.540228');
INSERT INTO django_admin_log VALUES(67,'19','yeaahhhhhh😎',3,'',16,1,'2024-05-03 10:12:42.022177');
INSERT INTO django_admin_log VALUES(68,'20','guyss, watch 😮',3,'',16,1,'2024-05-03 10:37:06.959325');
INSERT INTO django_admin_log VALUES(69,'9','erwin',3,'',9,1,'2024-05-03 10:43:52.843034');
INSERT INTO django_admin_log VALUES(70,'8','feryl',3,'',9,1,'2024-05-03 10:43:53.243721');
INSERT INTO django_admin_log VALUES(71,'40','',3,'',16,1,'2024-05-05 05:15:08.983727');
INSERT INTO django_admin_log VALUES(72,'39','',3,'',16,1,'2024-05-05 05:15:09.632164');
INSERT INTO django_admin_log VALUES(73,'38','',3,'',16,1,'2024-05-05 05:15:09.940410');
INSERT INTO django_admin_log VALUES(74,'37','',3,'',16,1,'2024-05-05 05:15:10.314711');
INSERT INTO django_admin_log VALUES(75,'36','',3,'',16,1,'2024-05-05 05:15:10.632057');
INSERT INTO django_admin_log VALUES(76,'35','',3,'',16,1,'2024-05-05 05:15:10.812772');
INSERT INTO django_admin_log VALUES(77,'34','',3,'',16,1,'2024-05-05 05:15:11.004339');
INSERT INTO django_admin_log VALUES(78,'33','',3,'',16,1,'2024-05-05 05:15:11.184993');
INSERT INTO django_admin_log VALUES(79,'32','sadwa',3,'',16,1,'2024-05-05 05:15:11.386383');
INSERT INTO django_admin_log VALUES(80,'31','',3,'',16,1,'2024-05-05 05:15:11.566370');
INSERT INTO django_admin_log VALUES(81,'30','adsaw',3,'',16,1,'2024-05-05 05:15:11.836465');
INSERT INTO django_admin_log VALUES(82,'29','',3,'',16,1,'2024-05-05 05:15:12.016818');
INSERT INTO django_admin_log VALUES(83,'28','adswadwa',3,'',16,1,'2024-05-05 05:15:12.207834');
INSERT INTO django_admin_log VALUES(84,'27','sddddddadwadawdsa👨',3,'',16,1,'2024-05-05 05:15:12.410958');
INSERT INTO django_admin_log VALUES(85,'26','adwad',3,'',16,1,'2024-05-05 05:15:12.590259');
INSERT INTO django_admin_log VALUES(86,'25','awdad',3,'',16,1,'2024-05-05 05:15:12.792184');
INSERT INTO django_admin_log VALUES(87,'24','qqqqqqqqqqqqqqqwweqw😑',3,'',16,1,'2024-05-05 05:15:12.957652');
INSERT INTO django_admin_log VALUES(88,'23','brilliant, woahhhhhhhhhhhhhhh',3,'',16,1,'2024-05-05 05:15:13.153086');
INSERT INTO django_admin_log VALUES(89,'22','😍😍😍',3,'',16,1,'2024-05-05 05:15:13.333201');
INSERT INTO django_admin_log VALUES(90,'21','just getting out atm..🤗',3,'',16,1,'2024-05-05 05:15:13.513910');
INSERT INTO django_admin_log VALUES(91,'8','sadw',3,'',16,1,'2024-05-05 06:06:43.438327');
INSERT INTO django_admin_log VALUES(92,'7','asdadw',3,'',16,1,'2024-05-05 06:06:43.833385');
INSERT INTO django_admin_log VALUES(93,'6','saw',3,'',16,1,'2024-05-05 06:06:44.268871');
INSERT INTO django_admin_log VALUES(94,'5','sads',3,'',16,1,'2024-05-05 06:06:44.470761');
INSERT INTO django_admin_log VALUES(95,'4','',3,'',16,1,'2024-05-05 06:06:44.684819');
INSERT INTO django_admin_log VALUES(96,'3','',3,'',16,1,'2024-05-05 06:06:44.989414');
INSERT INTO django_admin_log VALUES(97,'2','aawd',3,'',16,1,'2024-05-05 06:06:45.304832');
INSERT INTO django_admin_log VALUES(98,'1','eeeeeeeeeeeyyyyyyy😎😎',3,'',16,1,'2024-05-05 06:06:45.499676');
INSERT INTO django_admin_log VALUES(99,'2','Private',2,'[{"changed": {"fields": ["File Url"]}}]',14,1,'2024-05-05 06:11:06.885146');
INSERT INTO django_admin_log VALUES(100,'3','Followers',2,'[{"changed": {"fields": ["File Url"]}}]',14,1,'2024-05-05 06:11:26.766940');
INSERT INTO django_admin_log VALUES(101,'1','Public',2,'[{"changed": {"fields": ["File Url"]}}]',14,1,'2024-05-05 06:11:46.222925');
INSERT INTO django_admin_log VALUES(102,'12','None',3,'',16,1,'2024-05-05 12:44:29.874429');
INSERT INTO django_admin_log VALUES(103,'11','None',3,'',16,1,'2024-05-05 12:44:30.127861');
INSERT INTO django_admin_log VALUES(104,'13','Django',2,'[{"changed": {"fields": ["Caption"]}}]',16,1,'2024-05-05 12:58:03.770569');
INSERT INTO django_admin_log VALUES(105,'13','grind lng sa',2,'[{"changed": {"fields": ["Caption"]}}]',16,1,'2024-05-05 12:58:10.645971');
INSERT INTO django_admin_log VALUES(106,'13','grind lng sa',2,'[]',16,1,'2024-05-05 12:58:16.145930');
INSERT INTO django_admin_log VALUES(107,'14','None',3,'',16,1,'2024-05-05 13:11:34.772873');
INSERT INTO django_admin_log VALUES(108,'19','sadw',3,'',16,1,'2024-05-05 14:26:09.371690');
INSERT INTO django_admin_log VALUES(109,'18','guyss #helloworld',3,'',16,1,'2024-05-05 14:26:09.570221');
INSERT INTO django_admin_log VALUES(110,'17','guyss #thesis',3,'',16,1,'2024-05-05 14:26:09.792564');
INSERT INTO django_admin_log VALUES(111,'16','None',3,'',16,1,'2024-05-05 14:26:09.983362');
INSERT INTO django_admin_log VALUES(112,'15','None',3,'',16,1,'2024-05-05 14:26:10.185893');
INSERT INTO django_admin_log VALUES(113,'13','grind lng sa',3,'',16,1,'2024-05-05 14:26:10.366203');
INSERT INTO django_admin_log VALUES(114,'11','Tag object (11)',1,'[{"added": {}}]',18,1,'2024-05-05 14:27:29.646048');
INSERT INTO django_admin_log VALUES(115,'12','Tag object (12)',1,'[{"added": {}}]',18,1,'2024-05-05 14:28:06.331487');
INSERT INTO django_admin_log VALUES(116,'1','Justine and Aniyah',3,'',20,1,'2024-05-06 09:48:55.099967');
INSERT INTO django_admin_log VALUES(117,'2','Justine sent a friend request to Aniyah',3,'',20,1,'2024-05-06 10:31:10.815802');
INSERT INTO django_admin_log VALUES(118,'3','Justine sent a friend request to Aniyah',3,'',20,1,'2024-05-06 10:48:01.074280');
INSERT INTO django_admin_log VALUES(119,'4','Justine sent a friend request to Aniyah',3,'',20,1,'2024-05-06 11:04:05.711908');
INSERT INTO django_admin_log VALUES(120,'5','Justine sent a friend request to Aniyah',3,'',20,1,'2024-05-06 11:05:36.053102');
INSERT INTO django_admin_log VALUES(121,'6','Justine sent a friend request to Aniyah',3,'',20,1,'2024-05-06 11:06:33.189733');
INSERT INTO django_admin_log VALUES(122,'7','Justine sent a friend request to Aniyah',3,'',20,1,'2024-05-06 11:07:56.307666');
INSERT INTO django_admin_log VALUES(123,'8','Justine sent a friend request to Aniyah',3,'',20,1,'2024-05-06 11:08:50.692709');
INSERT INTO django_admin_log VALUES(124,'9','Justine sent a friend request to Aniyah',3,'',20,1,'2024-05-06 11:43:37.501773');
INSERT INTO django_admin_log VALUES(125,'10','Justine sent a friend request to Aniyah',3,'',20,1,'2024-05-06 11:49:34.583089');
INSERT INTO django_admin_log VALUES(126,'11','Justine sent a friend request to Aniyah',3,'',20,1,'2024-05-06 11:49:46.157653');
INSERT INTO django_admin_log VALUES(127,'12','Justine sent a friend request to Aniyah',3,'',20,1,'2024-05-06 16:03:19.536188');
INSERT INTO django_admin_log VALUES(128,'13','Justine sent a friend request to Aniyah',3,'',20,1,'2024-05-06 16:20:46.117206');
INSERT INTO django_admin_log VALUES(129,'8','Aniyah Guerra accepted your friend request',3,'',19,1,'2024-05-07 07:36:31.430201');
INSERT INTO django_admin_log VALUES(130,'7','Aniyah Guerra accepted your friend request',3,'',19,1,'2024-05-07 07:36:31.611060');
INSERT INTO django_admin_log VALUES(131,'9','Aniyah Guerra accepted your friend request',3,'',19,1,'2024-05-07 09:22:49.111212');
INSERT INTO django_admin_log VALUES(132,'14','Justine sent a friend request to Aniyah',2,'[{"changed": {"fields": ["Status", "Date became friends"]}}]',20,1,'2024-05-07 09:27:47.293375');
INSERT INTO django_admin_log VALUES(133,'14','Justine sent a friend request to Aniyah',2,'[]',20,1,'2024-05-07 09:28:13.279901');
INSERT INTO django_admin_log VALUES(134,'14','Justine sent a friend request to Aniyah',2,'[{"changed": {"fields": ["Status", "Date became friends"]}}]',20,1,'2024-05-07 09:41:39.089233');
INSERT INTO django_admin_log VALUES(135,'15','Evie sent a friend request to Aniyah',2,'[{"changed": {"fields": ["Status", "Date became friends"]}}]',20,1,'2024-05-07 09:50:28.113675');
INSERT INTO django_admin_log VALUES(136,'12','Aniyah Guerra accepted your friend request',3,'',19,1,'2024-05-07 09:50:56.152488');
INSERT INTO django_admin_log VALUES(137,'11','Aniyah Guerra accepted your friend request',3,'',19,1,'2024-05-07 09:50:56.657034');
INSERT INTO django_admin_log VALUES(138,'10','Aniyah Guerra accepted your friend request',3,'',19,1,'2024-05-07 09:50:56.839155');
INSERT INTO django_admin_log VALUES(139,'14','Justine sent a friend request to Aniyah',2,'[{"changed": {"fields": ["Status", "Date became friends"]}}]',20,1,'2024-05-07 09:51:40.404044');
INSERT INTO django_admin_log VALUES(140,'21','',3,'',16,1,'2024-05-09 14:39:22.506202');
INSERT INTO django_admin_log VALUES(141,'20','I LAB JIBI 😍',3,'',16,1,'2024-05-09 14:39:23.126000');
INSERT INTO django_admin_log VALUES(142,'10','looking good today, hehe😍',3,'',16,1,'2024-05-09 14:39:23.433635');
INSERT INTO django_admin_log VALUES(143,'9','what a cool sunny dayy',3,'',16,1,'2024-05-09 14:39:23.741567');
INSERT INTO django_admin_log VALUES(144,'16','Aniyah Guerra accepted your friend request',3,'',19,1,'2024-05-09 14:39:45.633959');
INSERT INTO django_admin_log VALUES(145,'15','Christian Janobas sent you a friend request',3,'',19,1,'2024-05-09 14:39:46.034291');
INSERT INTO django_admin_log VALUES(146,'14','Aniyah Guerra accepted your friend request',3,'',19,1,'2024-05-09 14:39:46.341708');
INSERT INTO django_admin_log VALUES(147,'13','Aniyah Guerra accepted your friend request',3,'',19,1,'2024-05-09 14:39:46.649357');
INSERT INTO django_admin_log VALUES(148,'6','Evie Lindsey sent you a friend request',3,'',19,1,'2024-05-09 14:39:46.944772');
INSERT INTO django_admin_log VALUES(149,'5','Justine Cua sent you a friend request',3,'',19,1,'2024-05-09 14:39:47.229787');
INSERT INTO django_admin_log VALUES(150,'16','Christian sent a friend request to Aniyah',3,'',20,1,'2024-05-09 14:39:54.212506');
INSERT INTO django_admin_log VALUES(151,'15','Evie sent a friend request to Aniyah',3,'',20,1,'2024-05-09 14:39:54.586193');
INSERT INTO django_admin_log VALUES(152,'14','Justine sent a friend request to Aniyah',3,'',20,1,'2024-05-09 14:39:54.860037');
INSERT INTO django_admin_log VALUES(153,'5','omg, my boy loos cute heree',3,'',16,1,'2024-05-11 11:01:30.070448');
INSERT INTO django_admin_log VALUES(154,'44','qqq',3,'',21,1,'2024-05-11 14:42:38.845195');
INSERT INTO django_admin_log VALUES(155,'43','oo',3,'',21,1,'2024-05-11 14:42:39.193732');
INSERT INTO django_admin_log VALUES(156,'42','ccccccccc',3,'',21,1,'2024-05-11 14:42:39.495011');
INSERT INTO django_admin_log VALUES(157,'41','999',3,'',21,1,'2024-05-11 14:42:39.784735');
INSERT INTO django_admin_log VALUES(158,'40','1111111',3,'',21,1,'2024-05-11 14:42:40.026079');
INSERT INTO django_admin_log VALUES(159,'39','222221',3,'',21,1,'2024-05-11 14:42:40.329932');
INSERT INTO django_admin_log VALUES(160,'38','rrrrr',3,'',21,1,'2024-05-11 14:42:40.636384');
INSERT INTO django_admin_log VALUES(161,'37','qq',3,'',21,1,'2024-05-11 14:42:40.925148');
INSERT INTO django_admin_log VALUES(162,'36','wwwwwwwwwww',3,'',21,1,'2024-05-11 14:42:41.208026');
INSERT INTO django_admin_log VALUES(163,'35','eeeeeeeeeeeeeeeee',3,'',21,1,'2024-05-11 14:42:41.494865');
INSERT INTO django_admin_log VALUES(164,'34','qqqqqqqqqqqq',3,'',21,1,'2024-05-11 14:42:41.800039');
INSERT INTO django_admin_log VALUES(165,'33','bbbbbbbbbbbbb',3,'',21,1,'2024-05-11 14:42:42.084806');
INSERT INTO django_admin_log VALUES(166,'32','aaaaaaaaaaaaaaa',3,'',21,1,'2024-05-11 14:42:42.377214');
INSERT INTO django_admin_log VALUES(167,'31','why?',3,'',21,1,'2024-05-11 14:42:42.678284');
INSERT INTO django_admin_log VALUES(168,'30','stop',3,'',21,1,'2024-05-11 14:42:42.964813');
INSERT INTO django_admin_log VALUES(169,'29','iiiiiiiiiiiiiii',3,'',21,1,'2024-05-11 14:42:43.267035');
INSERT INTO django_admin_log VALUES(170,'28','aaaaaaaaaaaaaa',3,'',21,1,'2024-05-11 14:42:43.555015');
INSERT INTO django_admin_log VALUES(171,'27','brooaaaaaaaaaaaa',3,'',21,1,'2024-05-11 14:42:43.973582');
INSERT INTO django_admin_log VALUES(172,'26','broo',3,'',21,1,'2024-05-11 14:42:44.336329');
INSERT INTO django_admin_log VALUES(173,'25','yyyyyyyyyyyyyy',3,'',21,1,'2024-05-11 14:42:44.688031');
INSERT INTO django_admin_log VALUES(174,'24','sawadw',3,'',21,1,'2024-05-11 14:42:45.051527');
INSERT INTO django_admin_log VALUES(175,'23','asdawdawd',3,'',21,1,'2024-05-11 14:42:45.407165');
INSERT INTO django_admin_log VALUES(176,'22','whereee',3,'',21,1,'2024-05-11 14:42:45.775025');
INSERT INTO django_admin_log VALUES(177,'21','whaaaatttttt????????????',3,'',21,1,'2024-05-11 14:42:46.136838');
INSERT INTO django_admin_log VALUES(178,'20','eeeeeeeeeeeeeeeeeee',3,'',21,1,'2024-05-11 14:42:46.498057');
INSERT INTO django_admin_log VALUES(179,'19','qqqqqqqqqq',3,'',21,1,'2024-05-11 14:42:46.864613');
INSERT INTO django_admin_log VALUES(180,'18','bbbbbbbbbbbbbbbbbb',3,'',21,1,'2024-05-11 14:42:47.225058');
INSERT INTO django_admin_log VALUES(181,'17','aaaaaaaaaaaaaaaaaaa',3,'',21,1,'2024-05-11 14:42:47.574581');
INSERT INTO django_admin_log VALUES(182,'16','oooo',3,'',21,1,'2024-05-11 14:42:47.939203');
INSERT INTO django_admin_log VALUES(183,'15','aaaaaaaaaaaa',3,'',21,1,'2024-05-11 14:42:48.454754');
INSERT INTO django_admin_log VALUES(184,'14','sddwa',3,'',21,1,'2024-05-11 14:42:48.848565');
INSERT INTO django_admin_log VALUES(185,'13','huyyyyyyyyyyyyyyyyy',3,'',21,1,'2024-05-11 14:42:49.386301');
INSERT INTO django_admin_log VALUES(186,'12','????',3,'',21,1,'2024-05-11 14:42:49.707972');
INSERT INTO django_admin_log VALUES(187,'11','guyssssssssssssssssssssssss',3,'',21,1,'2024-05-11 14:42:50.027258');
INSERT INTO django_admin_log VALUES(188,'10','asw',3,'',21,1,'2024-05-11 14:42:50.289503');
INSERT INTO django_admin_log VALUES(189,'9','wqwe',3,'',21,1,'2024-05-11 14:42:50.608251');
INSERT INTO django_admin_log VALUES(190,'8','uwu',3,'',21,1,'2024-05-11 14:42:50.926405');
INSERT INTO django_admin_log VALUES(191,'7','saaw',3,'',21,1,'2024-05-11 14:42:51.257661');
INSERT INTO django_admin_log VALUES(192,'6','aaasdw',3,'',21,1,'2024-05-11 14:42:51.574809');
INSERT INTO django_admin_log VALUES(193,'4','cage man',3,'',21,1,'2024-05-11 14:42:51.894684');
INSERT INTO django_admin_log VALUES(194,'9','...............asaaawdw',3,'',16,1,'2024-05-12 01:48:30.302595');
INSERT INTO django_admin_log VALUES(195,'8','asylum ...',3,'',16,1,'2024-05-12 01:48:30.695105');
INSERT INTO django_admin_log VALUES(196,'7','I love django soooooo muchhh🤗😍😘',3,'',16,1,'2024-05-12 01:48:31.024965');
INSERT INTO django_admin_log VALUES(197,'6','.................🐸🐳',3,'',16,1,'2024-05-12 01:48:31.587812');
INSERT INTO django_admin_log VALUES(198,'4','are u sure??',3,'',16,1,'2024-05-12 01:48:31.778445');
INSERT INTO django_admin_log VALUES(199,'3','i can tell how different i am years agoo',3,'',16,1,'2024-05-12 01:48:32.062180');
INSERT INTO django_admin_log VALUES(200,'2','oops😶, got something in my head? hahah',3,'',16,1,'2024-05-12 01:48:32.343456');
INSERT INTO django_admin_log VALUES(201,'1','my sister 🤗',3,'',16,1,'2024-05-12 01:48:32.673040');
INSERT INTO django_admin_log VALUES(202,'18','Tag object (18)',3,'',18,1,'2024-05-12 01:48:55.593294');
INSERT INTO django_admin_log VALUES(203,'15','Tag object (15)',3,'',18,1,'2024-05-12 01:48:55.867112');
INSERT INTO django_admin_log VALUES(204,'14','Tag object (14)',3,'',18,1,'2024-05-12 01:48:56.171937');
INSERT INTO django_admin_log VALUES(205,'13','Tag object (13)',3,'',18,1,'2024-05-12 01:48:56.475649');
INSERT INTO django_admin_log VALUES(206,'10','asdadwada',3,'',16,1,'2024-05-12 01:53:04.123568');
INSERT INTO django_admin_log VALUES(207,'11','wqqqweqqqw',3,'',16,1,'2024-05-12 02:04:33.556275');
INSERT INTO django_admin_log VALUES(208,'12','jhskad',3,'',16,1,'2024-05-12 04:04:58.648593');
INSERT INTO django_admin_log VALUES(209,'20','Tag object (20)',3,'',18,1,'2024-05-12 04:12:15.032646');
INSERT INTO django_admin_log VALUES(210,'15',' asawdwa',3,'',16,1,'2024-05-12 04:14:00.371834');
INSERT INTO django_admin_log VALUES(211,'14','aaaaaaaaaawqw',3,'',16,1,'2024-05-12 04:14:02.345268');
INSERT INTO django_admin_log VALUES(212,'13','yooooooooooooooooo🤗',3,'',16,1,'2024-05-12 04:14:02.687715');
INSERT INTO django_admin_log VALUES(213,'1','Justine reacted on grinding for satisfaction',3,'',22,1,'2024-05-12 16:30:25.927468');
INSERT INTO django_admin_log VALUES(214,'2','Justine reacted on grinding for satisfaction',3,'',22,1,'2024-05-12 16:31:54.523248');
INSERT INTO django_admin_log VALUES(215,'9','Justine reacted on grinding for satisfaction',3,'',22,1,'2024-05-12 16:40:04.312647');
INSERT INTO django_admin_log VALUES(216,'8','Justine reacted on grinding for satisfaction',3,'',22,1,'2024-05-12 16:40:05.014891');
INSERT INTO django_admin_log VALUES(217,'7','Justine reacted on grinding for satisfaction',3,'',22,1,'2024-05-12 16:40:05.820878');
INSERT INTO django_admin_log VALUES(218,'6','Justine reacted on grinding for satisfaction',3,'',22,1,'2024-05-12 16:40:06.327696');
INSERT INTO django_admin_log VALUES(219,'5','Justine reacted on grinding for satisfaction',3,'',22,1,'2024-05-12 16:40:06.746273');
INSERT INTO django_admin_log VALUES(220,'4','Justine reacted on grinding for satisfaction',3,'',22,1,'2024-05-12 16:40:07.164335');
INSERT INTO django_admin_log VALUES(221,'3','Justine reacted on grinding for satisfaction',3,'',22,1,'2024-05-12 16:40:07.582525');
INSERT INTO django_admin_log VALUES(222,'12','Justine reacted on grinding for satisfaction',3,'',22,1,'2024-05-12 16:43:14.968097');
INSERT INTO django_admin_log VALUES(223,'11','Justine reacted on grinding for satisfaction',3,'',22,1,'2024-05-12 16:43:15.693118');
INSERT INTO django_admin_log VALUES(224,'10','Justine reacted on grinding for satisfaction',3,'',22,1,'2024-05-12 16:43:16.433686');
INSERT INTO django_admin_log VALUES(225,'14','Evie reacted on casawadad😍',3,'',22,1,'2024-05-12 17:08:10.992401');
INSERT INTO django_admin_log VALUES(226,'13','Justine reacted on grinding for satisfaction',3,'',22,1,'2024-05-12 17:08:11.743408');
INSERT INTO django_admin_log VALUES(227,'15','Evie reacted on casawadad😍',3,'',22,1,'2024-05-12 17:09:35.231002');
INSERT INTO django_admin_log VALUES(228,'17','Justine reacted on qqqqqqqqq',3,'',22,1,'2024-05-12 17:14:07.726702');
INSERT INTO django_admin_log VALUES(229,'16','Justine reacted on casawadad😍',3,'',22,1,'2024-05-12 17:14:08.315979');
INSERT INTO django_admin_log VALUES(230,'19','Justine reacted on grinding for satisfaction',3,'',22,1,'2024-05-12 17:19:24.446292');
INSERT INTO django_admin_log VALUES(231,'18','Justine reacted on qqqqqqqqq',3,'',22,1,'2024-05-12 17:19:25.128037');
INSERT INTO django_admin_log VALUES(232,'21','Justine reacted on casawadad😍',3,'',22,1,'2024-05-12 17:46:23.316218');
INSERT INTO django_admin_log VALUES(233,'20','Justine reacted on grinding for satisfaction',3,'',22,1,'2024-05-12 17:46:23.990456');
INSERT INTO django_admin_log VALUES(234,'22','Justine reacted on grinding for satisfaction',3,'',22,1,'2024-05-12 17:53:23.182522');
INSERT INTO django_admin_log VALUES(235,'23','Justine reacted on grinding for satisfaction',3,'',22,1,'2024-05-12 17:55:04.068121');
INSERT INTO django_admin_log VALUES(236,'24','Justine reacted on grinding for satisfaction',3,'',22,1,'2024-05-12 17:56:56.036924');
INSERT INTO django_admin_log VALUES(237,'26','mitsangelo',3,'',9,1,'2024-05-21 06:24:44.989462');
INSERT INTO django_admin_log VALUES(238,'42',replace('[Verse 1]\nYou say you''ve been overseas, I say over where\nYou say just a holiday, my Alsatian heir\nI say I''ve been working late, working overtime\nHaven''t seen the sun since sixty-nine\n\n[Chorus]\nDoes th','\n',char(10)),3,'',16,1,'2024-05-21 06:40:36.393671');
INSERT INTO django_admin_log VALUES(239,'62','Tabang pamong tanan ',3,'',16,1,'2024-05-21 07:06:21.799226');
INSERT INTO django_admin_log VALUES(240,'68','ako si jibi ako bodoy',3,'',16,1,'2024-05-21 07:07:31.962064');
INSERT INTO django_admin_log VALUES(241,'67','ako si jibi ako bodoy',3,'',16,1,'2024-05-21 07:07:32.019263');
INSERT INTO django_admin_log VALUES(242,'66','naho kog oten jibi ni',3,'',16,1,'2024-05-21 07:07:32.050773');
INSERT INTO django_admin_log VALUES(243,'65','umay',3,'',16,1,'2024-05-21 07:07:32.073913');
INSERT INTO django_admin_log VALUES(244,'72','010',3,'',16,1,'2024-05-21 07:19:16.976835');
INSERT INTO django_admin_log VALUES(245,'83','Cousins! 🤣',3,'',16,1,'2024-05-21 07:37:51.549177');
INSERT INTO django_admin_log VALUES(246,'88','batig nawong tecson',3,'',16,1,'2024-05-21 07:57:00.061851');
INSERT INTO django_admin_log VALUES(247,'90',replace('gi goys\n','\n',char(10)),3,'',16,1,'2024-05-21 08:13:46.968284');
INSERT INTO django_admin_log VALUES(248,'1','glowbeta.pythonanywhere.com',2,'[{"changed": {"fields": ["Domain name", "Display name"]}}]',12,1,'2024-06-10 07:39:07.598491');
INSERT INTO django_admin_log VALUES(249,'43','asd asd',3,'',13,1,'2024-06-15 07:39:24.815035');
INSERT INTO django_admin_log VALUES(250,'45','b',3,'',9,1,'2024-06-15 10:55:32.164842');
INSERT INTO django_admin_log VALUES(251,'46','b2',3,'',9,1,'2024-06-15 10:55:32.340219');
INSERT INTO django_admin_log VALUES(252,'47','b3',3,'',9,1,'2024-06-15 10:55:32.424311');
INSERT INTO django_admin_log VALUES(253,'48','b5',3,'',9,1,'2024-06-15 10:55:32.509676');
INSERT INTO django_admin_log VALUES(254,'49','b6',3,'',9,1,'2024-06-15 10:55:32.639412');
INSERT INTO django_admin_log VALUES(255,'50','b7',3,'',9,1,'2024-06-15 10:55:32.734021');
INSERT INTO django_admin_log VALUES(256,'51','b8',3,'',9,1,'2024-06-15 10:55:32.819351');
INSERT INTO django_admin_log VALUES(257,'38','jude',3,'',9,1,'2024-06-15 10:55:32.905247');
INSERT INTO django_admin_log VALUES(258,'39','jude2',3,'',9,1,'2024-06-15 10:55:32.989731');
INSERT INTO django_admin_log VALUES(259,'40','jude3',3,'',9,1,'2024-06-15 10:55:33.075317');
INSERT INTO django_admin_log VALUES(260,'41','jude4',3,'',9,1,'2024-06-15 10:55:33.171932');
INSERT INTO django_admin_log VALUES(261,'42','jude5',3,'',9,1,'2024-06-15 10:55:33.255718');
INSERT INTO django_admin_log VALUES(262,'43','jude6',3,'',9,1,'2024-06-15 10:55:33.341534');
INSERT INTO django_admin_log VALUES(263,'44','jude7',3,'',9,1,'2024-06-15 10:55:33.426346');
INSERT INTO django_admin_log VALUES(264,'46','as asd',3,'',13,1,'2024-06-15 17:39:26.066206');
INSERT INTO django_admin_log VALUES(265,'47','a a',3,'',13,1,'2024-06-17 09:09:03.511451');
INSERT INTO django_admin_log VALUES(266,'48','a a',3,'',13,1,'2024-06-17 09:30:13.599975');
INSERT INTO django_admin_log VALUES(267,'49','a aa',3,'',13,1,'2024-06-17 10:03:25.800178');
INSERT INTO django_admin_log VALUES(268,'50','a a',3,'',13,1,'2024-06-17 10:07:34.603972');
INSERT INTO django_admin_log VALUES(269,'51','a a',3,'',13,1,'2024-06-17 10:11:11.279736');
INSERT INTO django_admin_log VALUES(270,'52','a a',3,'',13,1,'2024-06-17 10:14:44.546456');
INSERT INTO django_admin_log VALUES(271,'53','a a',3,'',13,1,'2024-06-17 10:18:57.070680');
INSERT INTO django_admin_log VALUES(272,'103','',3,'',16,1,'2024-06-22 05:03:53.523075');
INSERT INTO django_admin_log VALUES(273,'102','',3,'',16,1,'2024-06-22 05:03:53.951800');
INSERT INTO django_admin_log VALUES(274,'101','',3,'',16,1,'2024-06-22 05:03:54.082101');
INSERT INTO django_admin_log VALUES(275,'100','sd',3,'',16,1,'2024-06-22 05:03:54.232958');
INSERT INTO django_admin_log VALUES(276,'99','',3,'',16,1,'2024-06-22 05:03:54.374878');
INSERT INTO django_admin_log VALUES(277,'98','aaaaaaa🙂😃😉🫠',3,'',16,1,'2024-06-22 05:03:54.747464');
INSERT INTO django_admin_log VALUES(278,'97','hello😗',3,'',16,1,'2024-06-22 05:03:55.099217');
INSERT INTO django_admin_log VALUES(279,'146','www',3,'',16,1,'2024-06-23 10:41:35.095427');
INSERT INTO django_admin_log VALUES(280,'145','zzz',3,'',16,1,'2024-06-23 10:41:35.414693');
INSERT INTO django_admin_log VALUES(281,'144','asd',3,'',16,1,'2024-06-23 10:41:35.710542');
INSERT INTO django_admin_log VALUES(282,'143','77',3,'',16,1,'2024-06-23 10:41:36.028445');
INSERT INTO django_admin_log VALUES(283,'142','33',3,'',16,1,'2024-06-23 10:41:36.336392');
INSERT INTO django_admin_log VALUES(284,'141','22',3,'',16,1,'2024-06-23 10:41:36.644133');
INSERT INTO django_admin_log VALUES(285,'140','yy',3,'',16,1,'2024-06-23 10:41:36.995003');
INSERT INTO django_admin_log VALUES(286,'139','zz',3,'',16,1,'2024-06-23 10:41:37.291467');
INSERT INTO django_admin_log VALUES(287,'138','w',3,'',16,1,'2024-06-23 10:41:37.609988');
INSERT INTO django_admin_log VALUES(288,'137','a',3,'',16,1,'2024-06-23 10:41:37.917194');
INSERT INTO django_admin_log VALUES(289,'136','26',3,'',16,1,'2024-06-23 10:41:38.324429');
INSERT INTO django_admin_log VALUES(290,'135','25',3,'',16,1,'2024-06-23 10:41:38.642515');
INSERT INTO django_admin_log VALUES(291,'134','24',3,'',16,1,'2024-06-23 10:41:38.938691');
INSERT INTO django_admin_log VALUES(292,'133','23',3,'',16,1,'2024-06-23 10:41:39.340664');
INSERT INTO django_admin_log VALUES(293,'132','22',3,'',16,1,'2024-06-23 10:41:39.430460');
INSERT INTO django_admin_log VALUES(294,'131','11',3,'',16,1,'2024-06-23 10:41:39.749101');
INSERT INTO django_admin_log VALUES(295,'130','9',3,'',16,1,'2024-06-23 10:41:39.966514');
INSERT INTO django_admin_log VALUES(296,'129','8',3,'',16,1,'2024-06-23 10:41:40.274668');
INSERT INTO django_admin_log VALUES(297,'128','7',3,'',16,1,'2024-06-23 10:41:40.570775');
INSERT INTO django_admin_log VALUES(298,'127','6',3,'',16,1,'2024-06-23 10:41:40.888281');
INSERT INTO django_admin_log VALUES(299,'126','5',3,'',16,1,'2024-06-23 10:41:41.206579');
INSERT INTO django_admin_log VALUES(300,'125','4',3,'',16,1,'2024-06-23 10:41:41.513720');
INSERT INTO django_admin_log VALUES(301,'124','3',3,'',16,1,'2024-06-23 10:41:41.799312');
INSERT INTO django_admin_log VALUES(302,'123','2',3,'',16,1,'2024-06-23 10:41:42.161447');
INSERT INTO django_admin_log VALUES(303,'122','1',3,'',16,1,'2024-06-23 10:41:42.546369');
INSERT INTO django_admin_log VALUES(304,'121','x',3,'',16,1,'2024-06-23 10:41:42.932071');
INSERT INTO django_admin_log VALUES(305,'120','z',3,'',16,1,'2024-06-23 10:41:43.373924');
INSERT INTO django_admin_log VALUES(306,'119','d',3,'',16,1,'2024-06-23 10:41:43.746099');
INSERT INTO django_admin_log VALUES(307,'118','c',3,'',16,1,'2024-06-23 10:41:44.193041');
INSERT INTO django_admin_log VALUES(308,'117','b',3,'',16,1,'2024-06-23 10:41:44.722573');
INSERT INTO django_admin_log VALUES(309,'116','aaaddawda',3,'',16,1,'2024-06-23 10:41:45.073438');
INSERT INTO django_admin_log VALUES(310,'115','hahaha',3,'',16,1,'2024-06-23 10:41:45.436211');
INSERT INTO django_admin_log VALUES(311,'114','vbbbbbbb',3,'',16,1,'2024-06-23 10:41:45.799040');
INSERT INTO django_admin_log VALUES(312,'113','aaaaaaa',3,'',16,1,'2024-06-23 10:41:46.150580');
INSERT INTO django_admin_log VALUES(313,'112','qqqqqqqqqq',3,'',16,1,'2024-06-23 10:41:46.513809');
INSERT INTO django_admin_log VALUES(314,'111','helllooo fsad',3,'',16,1,'2024-06-23 10:41:46.864622');
INSERT INTO django_admin_log VALUES(315,'110','hi folksss',3,'',16,1,'2024-06-23 10:41:47.227468');
INSERT INTO django_admin_log VALUES(316,'109','aabb',3,'',16,1,'2024-06-23 10:41:47.592616');
INSERT INTO django_admin_log VALUES(317,'108','vv',3,'',16,1,'2024-06-23 10:41:47.953521');
INSERT INTO django_admin_log VALUES(318,'107','asdwa',3,'',16,1,'2024-06-23 10:41:48.315970');
INSERT INTO django_admin_log VALUES(319,'106','🫠',3,'',16,1,'2024-06-23 10:41:48.747937');
INSERT INTO django_admin_log VALUES(320,'105','',3,'',16,1,'2024-06-23 10:41:49.242058');
INSERT INTO django_admin_log VALUES(321,'104','saw',3,'',16,1,'2024-06-23 10:41:49.604552');
INSERT INTO django_admin_log VALUES(322,'161','6',3,'',16,1,'2024-06-23 11:10:45.796405');
INSERT INTO django_admin_log VALUES(323,'160','5',3,'',16,1,'2024-06-23 11:10:46.314197');
INSERT INTO django_admin_log VALUES(324,'159','4',3,'',16,1,'2024-06-23 11:10:46.766550');
INSERT INTO django_admin_log VALUES(325,'158','3',3,'',16,1,'2024-06-23 11:10:47.152163');
INSERT INTO django_admin_log VALUES(326,'157','2',3,'',16,1,'2024-06-23 11:10:47.604624');
INSERT INTO django_admin_log VALUES(327,'156','1',3,'',16,1,'2024-06-23 11:10:48.066851');
INSERT INTO django_admin_log VALUES(328,'155','shun2x🤩🤩🤩',3,'',16,1,'2024-06-23 11:10:48.551464');
INSERT INTO django_admin_log VALUES(329,'154','dutch shania',3,'',16,1,'2024-06-23 11:10:48.958141');
INSERT INTO django_admin_log VALUES(330,'153','shane',3,'',16,1,'2024-06-23 11:10:49.376028');
INSERT INTO django_admin_log VALUES(331,'152','iziah',3,'',16,1,'2024-06-23 11:10:49.816356');
INSERT INTO django_admin_log VALUES(332,'151','e',3,'',16,1,'2024-06-23 11:10:50.235891');
INSERT INTO django_admin_log VALUES(333,'150','d',3,'',16,1,'2024-06-23 11:10:50.631647');
INSERT INTO django_admin_log VALUES(334,'149','c',3,'',16,1,'2024-06-23 11:10:51.049322');
INSERT INTO django_admin_log VALUES(335,'148','b',3,'',16,1,'2024-06-23 11:10:51.478177');
INSERT INTO django_admin_log VALUES(336,'147','a',3,'',16,1,'2024-06-23 11:10:51.908087');
INSERT INTO django_admin_log VALUES(337,'96','asdwad',3,'',16,1,'2024-06-23 11:10:52.361887');
INSERT INTO django_admin_log VALUES(338,'13','Justine Cua',2,'[{"changed": {"fields": ["Age", "UIAppearance", "File Url"]}}]',13,1,'2024-06-23 11:15:56.934173');
INSERT INTO django_admin_log VALUES(339,'165','3',3,'',16,1,'2024-06-24 01:44:56.248743');
INSERT INTO django_admin_log VALUES(340,'164','2',3,'',16,1,'2024-06-24 01:44:56.594177');
INSERT INTO django_admin_log VALUES(341,'163','1',3,'',16,1,'2024-06-24 01:44:56.912423');
INSERT INTO django_admin_log VALUES(342,'162','posts are now auto fetched!! yohoo',3,'',16,1,'2024-06-24 01:44:57.309342');
INSERT INTO django_admin_log VALUES(343,'204','mm',3,'',16,1,'2024-06-24 08:51:27.567462');
INSERT INTO django_admin_log VALUES(344,'203','ll',3,'',16,1,'2024-06-24 08:51:27.783734');
INSERT INTO django_admin_log VALUES(345,'202','kk',3,'',16,1,'2024-06-24 08:51:28.077282');
INSERT INTO django_admin_log VALUES(346,'201','jj',3,'',16,1,'2024-06-24 08:51:28.371473');
INSERT INTO django_admin_log VALUES(347,'200','ii',3,'',16,1,'2024-06-24 08:51:28.619182');
INSERT INTO django_admin_log VALUES(348,'199','hh',3,'',16,1,'2024-06-24 08:51:28.853621');
INSERT INTO django_admin_log VALUES(349,'198','gg',3,'',16,1,'2024-06-24 08:51:29.056546');
INSERT INTO django_admin_log VALUES(350,'197','ff',3,'',16,1,'2024-06-24 08:51:29.270261');
INSERT INTO django_admin_log VALUES(351,'196','ee',3,'',16,1,'2024-06-24 08:51:29.461849');
INSERT INTO django_admin_log VALUES(352,'195','dd',3,'',16,1,'2024-06-24 08:51:29.664214');
INSERT INTO django_admin_log VALUES(353,'194','cc',3,'',16,1,'2024-06-24 08:51:29.866815');
INSERT INTO django_admin_log VALUES(354,'193','bb',3,'',16,1,'2024-06-24 08:51:30.112757');
INSERT INTO django_admin_log VALUES(355,'192','aa',3,'',16,1,'2024-06-24 08:51:30.304770');
INSERT INTO django_admin_log VALUES(356,'191','z',3,'',16,1,'2024-06-24 08:51:30.511265');
INSERT INTO django_admin_log VALUES(357,'190','y',3,'',16,1,'2024-06-24 08:51:30.765292');
INSERT INTO django_admin_log VALUES(358,'189','x',3,'',16,1,'2024-06-24 08:51:30.956445');
INSERT INTO django_admin_log VALUES(359,'188','w',3,'',16,1,'2024-06-24 08:51:31.170376');
INSERT INTO django_admin_log VALUES(360,'187','v',3,'',16,1,'2024-06-24 08:51:31.438272');
INSERT INTO django_admin_log VALUES(361,'186','u',3,'',16,1,'2024-06-24 08:51:31.629564');
INSERT INTO django_admin_log VALUES(362,'185','t',3,'',16,1,'2024-06-24 08:51:31.821929');
INSERT INTO django_admin_log VALUES(363,'184','s',3,'',16,1,'2024-06-24 08:51:32.035332');
INSERT INTO django_admin_log VALUES(364,'183','r',3,'',16,1,'2024-06-24 08:51:32.226235');
INSERT INTO django_admin_log VALUES(365,'182','q',3,'',16,1,'2024-06-24 08:51:32.451306');
INSERT INTO django_admin_log VALUES(366,'181','p',3,'',16,1,'2024-06-24 08:51:32.642459');
INSERT INTO django_admin_log VALUES(367,'180','o',3,'',16,1,'2024-06-24 08:51:32.833722');
INSERT INTO django_admin_log VALUES(368,'179','n',3,'',16,1,'2024-06-24 08:51:33.036682');
INSERT INTO django_admin_log VALUES(369,'178','m',3,'',16,1,'2024-06-24 08:51:33.226960');
INSERT INTO django_admin_log VALUES(370,'177','l',3,'',16,1,'2024-06-24 08:51:33.441715');
INSERT INTO django_admin_log VALUES(371,'176','k',3,'',16,1,'2024-06-24 08:51:33.675189');
INSERT INTO django_admin_log VALUES(372,'175','j',3,'',16,1,'2024-06-24 08:51:33.889380');
INSERT INTO django_admin_log VALUES(373,'174','i',3,'',16,1,'2024-06-24 08:51:34.080728');
INSERT INTO django_admin_log VALUES(374,'173','h',3,'',16,1,'2024-06-24 08:51:34.271828');
INSERT INTO django_admin_log VALUES(375,'172','g',3,'',16,1,'2024-06-24 08:51:34.463191');
INSERT INTO django_admin_log VALUES(376,'171','f',3,'',16,1,'2024-06-24 08:51:34.654554');
INSERT INTO django_admin_log VALUES(377,'170','e',3,'',16,1,'2024-06-24 08:51:34.868552');
INSERT INTO django_admin_log VALUES(378,'169','d',3,'',16,1,'2024-06-24 08:51:35.060556');
INSERT INTO django_admin_log VALUES(379,'168','c',3,'',16,1,'2024-06-24 08:51:35.273276');
INSERT INTO django_admin_log VALUES(380,'167','b',3,'',16,1,'2024-06-24 08:51:35.465887');
INSERT INTO django_admin_log VALUES(381,'166','a',3,'',16,1,'2024-06-24 08:51:35.832431');
INSERT INTO django_admin_log VALUES(382,'255','vv',3,'',16,1,'2024-07-02 03:30:50.237948');
INSERT INTO django_admin_log VALUES(383,'254','uu',3,'',16,1,'2024-07-02 03:30:50.250997');
INSERT INTO django_admin_log VALUES(384,'253','tt',3,'',16,1,'2024-07-02 03:30:50.260729');
INSERT INTO django_admin_log VALUES(385,'252','ss',3,'',16,1,'2024-07-02 03:30:50.270084');
INSERT INTO django_admin_log VALUES(386,'251','rr',3,'',16,1,'2024-07-02 03:30:50.278663');
INSERT INTO django_admin_log VALUES(387,'250','qq',3,'',16,1,'2024-07-02 03:30:50.289173');
INSERT INTO django_admin_log VALUES(388,'249','p',3,'',16,1,'2024-07-02 03:30:50.298536');
INSERT INTO django_admin_log VALUES(389,'248','oo',3,'',16,1,'2024-07-02 03:30:50.308935');
INSERT INTO django_admin_log VALUES(390,'247','nn',3,'',16,1,'2024-07-02 03:30:50.323097');
INSERT INTO django_admin_log VALUES(391,'246','mm',3,'',16,1,'2024-07-02 03:30:50.332456');
INSERT INTO django_admin_log VALUES(392,'245','ll',3,'',16,1,'2024-07-02 03:30:50.343680');
INSERT INTO django_admin_log VALUES(393,'244','kk',3,'',16,1,'2024-07-02 03:30:50.351723');
INSERT INTO django_admin_log VALUES(394,'243','jj',3,'',16,1,'2024-07-02 03:30:50.363281');
INSERT INTO django_admin_log VALUES(395,'242','ii',3,'',16,1,'2024-07-02 03:30:50.371805');
INSERT INTO django_admin_log VALUES(396,'241','hh',3,'',16,1,'2024-07-02 03:30:50.384283');
INSERT INTO django_admin_log VALUES(397,'240','gg',3,'',16,1,'2024-07-02 03:30:50.399237');
INSERT INTO django_admin_log VALUES(398,'239','ff',3,'',16,1,'2024-07-02 03:30:50.407320');
INSERT INTO django_admin_log VALUES(399,'238','e',3,'',16,1,'2024-07-02 03:30:50.415373');
INSERT INTO django_admin_log VALUES(400,'237','dd',3,'',16,1,'2024-07-02 03:30:50.424941');
INSERT INTO django_admin_log VALUES(401,'236','cc',3,'',16,1,'2024-07-02 03:30:50.433893');
INSERT INTO django_admin_log VALUES(402,'235','bb',3,'',16,1,'2024-07-02 03:30:50.441731');
INSERT INTO django_admin_log VALUES(403,'234','bb',3,'',16,1,'2024-07-02 03:30:50.448858');
INSERT INTO django_admin_log VALUES(404,'233','aa',3,'',16,1,'2024-07-02 03:30:50.455499');
INSERT INTO django_admin_log VALUES(405,'232','z',3,'',16,1,'2024-07-02 03:30:50.461944');
INSERT INTO django_admin_log VALUES(406,'231','y',3,'',16,1,'2024-07-02 03:30:50.469332');
INSERT INTO django_admin_log VALUES(407,'230','x',3,'',16,1,'2024-07-02 03:30:50.479379');
INSERT INTO django_admin_log VALUES(408,'229','w',3,'',16,1,'2024-07-02 03:30:50.487612');
INSERT INTO django_admin_log VALUES(409,'228','v',3,'',16,1,'2024-07-02 03:30:50.493994');
INSERT INTO django_admin_log VALUES(410,'227','u',3,'',16,1,'2024-07-02 03:30:50.499529');
INSERT INTO django_admin_log VALUES(411,'226','t',3,'',16,1,'2024-07-02 03:30:50.505104');
INSERT INTO django_admin_log VALUES(412,'225','s',3,'',16,1,'2024-07-02 03:30:50.510104');
INSERT INTO django_admin_log VALUES(413,'224','r',3,'',16,1,'2024-07-02 03:30:50.518199');
INSERT INTO django_admin_log VALUES(414,'223','q',3,'',16,1,'2024-07-02 03:30:50.525851');
INSERT INTO django_admin_log VALUES(415,'222','p',3,'',16,1,'2024-07-02 03:30:50.531462');
INSERT INTO django_admin_log VALUES(416,'221','o',3,'',16,1,'2024-07-02 03:30:50.539142');
INSERT INTO django_admin_log VALUES(417,'220','n',3,'',16,1,'2024-07-02 03:30:50.543929');
INSERT INTO django_admin_log VALUES(418,'219','m',3,'',16,1,'2024-07-02 03:30:50.551789');
INSERT INTO django_admin_log VALUES(419,'218','l',3,'',16,1,'2024-07-02 03:30:50.557991');
INSERT INTO django_admin_log VALUES(420,'217','k',3,'',16,1,'2024-07-02 03:30:50.563529');
INSERT INTO django_admin_log VALUES(421,'216','j',3,'',16,1,'2024-07-02 03:30:50.572486');
INSERT INTO django_admin_log VALUES(422,'215','i',3,'',16,1,'2024-07-02 03:30:50.577912');
INSERT INTO django_admin_log VALUES(423,'214','h',3,'',16,1,'2024-07-02 03:30:50.588287');
INSERT INTO django_admin_log VALUES(424,'213','g',3,'',16,1,'2024-07-02 03:30:50.596261');
INSERT INTO django_admin_log VALUES(425,'212','f',3,'',16,1,'2024-07-02 03:30:50.606771');
INSERT INTO django_admin_log VALUES(426,'211','e',3,'',16,1,'2024-07-02 03:30:50.612084');
INSERT INTO django_admin_log VALUES(427,'210','d',3,'',16,1,'2024-07-02 03:30:50.620951');
INSERT INTO django_admin_log VALUES(428,'209','c',3,'',16,1,'2024-07-02 03:30:50.626201');
INSERT INTO django_admin_log VALUES(429,'208','b',3,'',16,1,'2024-07-02 03:30:50.632544');
INSERT INTO django_admin_log VALUES(430,'207','a',3,'',16,1,'2024-07-02 03:30:50.639397');
INSERT INTO django_admin_log VALUES(431,'206','vbb',3,'',16,1,'2024-07-02 03:30:50.644670');
INSERT INTO django_admin_log VALUES(432,'205','vsa',3,'',16,1,'2024-07-02 03:30:50.652471');
INSERT INTO django_admin_log VALUES(433,'93','asdwad',3,'',16,1,'2024-07-22 08:11:30.763382');
INSERT INTO django_admin_log VALUES(434,'265',replace('[Verse 1]\nI know just how to whisper\nAnd I know just how to cry\nI know just where to find the answers\nAnd I know just how to lie\nI know just how to fake it\nAnd I know just how to scheme\nI know just wh','\n',char(10)),3,'',16,1,'2024-07-22 14:55:42.578265');
INSERT INTO django_admin_log VALUES(435,'264',replace('[Verse 1]\nOh, here we go again\nThe voices in his head\nCalled the rain to end our days of wild\nThe sickest army doll\nPurchased at the mall\nRivulets descend my plastic smile\n\n[Pre-Chorus]\nBut you should','\n',char(10)),3,'',16,1,'2024-07-22 14:55:42.591138');
INSERT INTO django_admin_log VALUES(436,'263',replace('[Verse 1]\nI''m lyin'' alone with my head on the phone\nThinkin'' of you till it hurts\nI know you''re hurt too, but what else can we do\nTormented and torn apart\nI wish I could carry your smile in my heart\nF','\n',char(10)),3,'',16,1,'2024-07-22 14:55:42.599707');
INSERT INTO django_admin_log VALUES(437,'262',replace('[Verse 1]\nI''m lyin'' alone with my head on the phone\nThinkin'' of you till it hurts\nI know you''re hurt too, but what else can we do\nTormented and torn apart\nI wish I could carry your smile in my heart\nF','\n',char(10)),3,'',16,1,'2024-07-22 14:55:42.606155');
INSERT INTO django_admin_log VALUES(438,'261',replace('When she looks at me\nI know the girl sees things\nNobody else can see\nAll of the secret fears inside\nAnd all the craziness I hide\nShe looks into my soul\nAnd reads me like nobody can\n\n[Pre-Chorus]\nAnd s','\n',char(10)),3,'',16,1,'2024-07-22 14:55:42.613762');
INSERT INTO django_admin_log VALUES(439,'260',replace('This this this next song is all about love\nAnd I wrote it all by myself\nThey try to tell us we''re too young\nToo young to really be in love\nBahay namin maliit lamang\nPero pero pero malinis ''to pati sa ','\n',char(10)),3,'',16,1,'2024-07-22 14:55:42.620199');
INSERT INTO django_admin_log VALUES(440,'259',replace('There are times when I''m lying in my bed\nHow I bellow and cry from this stupid gate\nAnd my eyes are like windshields on a rainy day\nAlmost rubbed-down swelling\nAs I keep on dipping my face in these co','\n',char(10)),3,'',16,1,'2024-07-22 14:55:42.627216');
INSERT INTO django_admin_log VALUES(441,'258',replace('Don''t move, there''s a lion next to you\nI pray that your soul survives it through another day\n''Cause in my dreams, there were angels circling\nI could see everything you ever wanted me to be\n\nI see ocea','\n',char(10)),3,'',16,1,'2024-07-22 14:55:42.634286');
INSERT INTO django_admin_log VALUES(442,'1','glowph.tech',2,'[{"changed": {"fields": ["Domain name"]}}]',12,1,'2024-08-04 02:16:14.346154');
INSERT INTO django_admin_log VALUES(443,'60','Max Jeee',3,'',13,1,'2024-08-04 05:22:47.575261');
INSERT INTO django_admin_log VALUES(444,'61','Max Jeee',3,'',13,1,'2024-08-04 05:25:47.436670');
INSERT INTO django_admin_log VALUES(445,'62','Max Jeee',3,'',13,1,'2024-08-04 05:34:23.440395');
INSERT INTO django_admin_log VALUES(446,'63','Max Jeee',3,'',13,1,'2024-08-04 05:39:07.582555');
INSERT INTO django_admin_log VALUES(447,'64','Max Jeee',3,'',13,1,'2024-08-04 05:43:17.177810');
INSERT INTO django_admin_log VALUES(448,'65','Max Jeee',3,'',13,1,'2024-08-04 05:45:02.437497');
INSERT INTO django_admin_log VALUES(449,'66','Max Jeee',3,'',13,1,'2024-08-04 05:50:02.517005');
INSERT INTO django_admin_log VALUES(450,'67','Max Jeee',3,'',13,1,'2024-08-04 05:56:50.897823');
INSERT INTO django_admin_log VALUES(451,'68','Max Jeee',3,'',13,1,'2024-08-04 05:59:38.318020');
INSERT INTO django_admin_log VALUES(452,'69','Max Jeee',3,'',13,1,'2024-08-04 06:08:42.519035');
INSERT INTO django_admin_log VALUES(453,'70','Max Jee',3,'',13,1,'2024-08-04 06:11:10.493202');
INSERT INTO django_admin_log VALUES(454,'71','Max Jeee',3,'',13,1,'2024-08-04 06:11:44.271552');
INSERT INTO django_admin_log VALUES(455,'72','Max Jeee',3,'',13,1,'2024-08-04 08:01:37.855756');
INSERT INTO django_admin_log VALUES(456,'73','Max Jeee',3,'',13,1,'2024-08-04 08:04:04.985342');
INSERT INTO django_admin_log VALUES(457,'74','Max Jeee',3,'',13,1,'2024-08-04 08:09:33.452348');
INSERT INTO django_admin_log VALUES(458,'75','Max Jeee',3,'',13,1,'2024-08-04 08:10:36.931594');
INSERT INTO django_admin_log VALUES(459,'76','Max Jeee',3,'',13,1,'2024-08-04 08:13:26.959450');
INSERT INTO django_admin_log VALUES(460,'77','Max Jeee',3,'',13,1,'2024-08-04 11:50:30.735155');
INSERT INTO django_admin_log VALUES(461,'58','david1',3,'',9,1,'2024-08-10 08:57:52.177929');
INSERT INTO django_admin_log VALUES(462,'57','david',3,'',9,1,'2024-08-10 08:57:52.189603');
INSERT INTO django_admin_log VALUES(463,'276','omg lets go cebu!!!!',3,'',16,1,'2024-08-31 11:39:33.428226');
INSERT INTO django_admin_log VALUES(464,'275','omg lets go cebu!!!!',3,'',16,1,'2024-08-31 11:39:34.063378');
INSERT INTO django_admin_log VALUES(465,'290','ggg',3,'',16,1,'2024-09-01 15:27:16.129792');
INSERT INTO django_admin_log VALUES(466,'289',replace('She might be ninety miles from Pecos\nLightyears from anywhere\nGoodbye on her cinnamon breath\nFreedom in her hair\nShe''s deep comancheria\nEven in the Malibu sand\nAnd even when she''s in your arms, she''s ','\n',char(10)),3,'',16,1,'2024-09-01 15:27:16.798128');
INSERT INTO django_admin_log VALUES(467,'288','uuuvvaa',3,'',16,1,'2024-09-01 15:27:17.274485');
INSERT INTO django_admin_log VALUES(468,'287','uuuvv',3,'',16,1,'2024-09-01 15:27:17.750835');
INSERT INTO django_admin_log VALUES(469,'286','uuu',3,'',16,1,'2024-09-01 15:27:18.226945');
INSERT INTO django_admin_log VALUES(470,'285','rrr',3,'',16,1,'2024-09-01 15:27:18.873697');
INSERT INTO django_admin_log VALUES(471,'284','zzbbb',3,'',16,1,'2024-09-01 15:27:19.349300');
INSERT INTO django_admin_log VALUES(472,'283','zz',3,'',16,1,'2024-09-01 15:27:19.814278');
INSERT INTO django_admin_log VALUES(473,'282','eee',3,'',16,1,'2024-09-01 15:27:20.290306');
INSERT INTO django_admin_log VALUES(474,'281','ee',3,'',16,1,'2024-09-01 15:27:20.731134');
INSERT INTO django_admin_log VALUES(475,'280','qq',3,'',16,1,'2024-09-01 15:27:21.149808');
INSERT INTO django_admin_log VALUES(476,'279','vvv',3,'',16,1,'2024-09-01 15:27:21.625918');
INSERT INTO django_admin_log VALUES(477,'278','aaa',3,'',16,1,'2024-09-01 15:27:22.102391');
INSERT INTO django_admin_log VALUES(478,'291','',3,'',16,1,'2024-09-02 01:57:39.175922');
INSERT INTO django_admin_log VALUES(479,'334','installing apache on a virtual server',3,'',16,1,'2024-09-15 13:53:04.321447');
INSERT INTO django_admin_log VALUES(480,'54','a a',2,'[{"changed": {"fields": ["Age", "Bio", "UIAppearance", "Profile photo id imagekit"]}}]',13,1,'2024-09-21 20:03:04.786258');
INSERT INTO django_admin_log VALUES(481,'18','Ylle Lui',2,'[{"changed": {"fields": ["Age", "Birthday", "Bio", "UIAppearance", "File Url"]}}]',13,1,'2024-09-22 14:00:56.191958');
INSERT INTO django_admin_log VALUES(482,'172','22222222',3,'',21,1,'2024-09-22 19:07:07.493794');
INSERT INTO django_admin_log VALUES(483,'171','gggggggg',3,'',21,1,'2024-09-22 19:07:07.871552');
INSERT INTO django_admin_log VALUES(484,'170','dda',3,'',21,1,'2024-09-22 19:07:08.247412');
INSERT INTO django_admin_log VALUES(485,'169','111',3,'',21,1,'2024-09-22 19:07:08.806772');
INSERT INTO django_admin_log VALUES(486,'168','5',3,'',21,1,'2024-09-22 19:07:09.194890');
INSERT INTO django_admin_log VALUES(487,'167','3',3,'',21,1,'2024-09-22 19:07:09.755857');
INSERT INTO django_admin_log VALUES(488,'166','44',3,'',21,1,'2024-09-22 19:07:10.140939');
INSERT INTO django_admin_log VALUES(489,'165','a11',3,'',21,1,'2024-09-22 19:07:10.516867');
INSERT INTO django_admin_log VALUES(490,'164','aaaaaaaaaawa',3,'',21,1,'2024-09-22 19:07:10.893937');
INSERT INTO django_admin_log VALUES(491,'163','aaaaaaaaaaaaaaa',3,'',21,1,'2024-09-22 19:07:11.269677');
INSERT INTO django_admin_log VALUES(492,'162','aadwad',3,'',21,1,'2024-09-22 19:07:11.829760');
INSERT INTO django_admin_log VALUES(493,'161','aaa',3,'',21,1,'2024-09-22 19:07:12.216428');
INSERT INTO django_admin_log VALUES(494,'160','bbb',3,'',21,1,'2024-09-22 19:07:12.810372');
INSERT INTO django_admin_log VALUES(495,'159','adwad',3,'',21,1,'2024-09-22 19:07:13.295111');
INSERT INTO django_admin_log VALUES(496,'158','asdwa',3,'',21,1,'2024-09-22 19:07:13.965670');
INSERT INTO django_admin_log VALUES(497,'157','aaaaa',3,'',21,1,'2024-09-22 19:07:14.533815');
INSERT INTO django_admin_log VALUES(498,'156','aaaaaaaaaa',3,'',21,1,'2024-09-22 19:07:15.054624');
CREATE TABLE IF NOT EXISTS "django_content_type" ("id" integer NOT NULL PRIMARY KEY AUTOINCREMENT, "app_label" varchar(100) NOT NULL, "model" varchar(100) NOT NULL);
INSERT INTO django_content_type VALUES(1,'account','emailaddress');
INSERT INTO django_content_type VALUES(2,'account','emailconfirmation');
INSERT INTO django_content_type VALUES(3,'socialaccount','socialaccount');
INSERT INTO django_content_type VALUES(4,'socialaccount','socialapp');
INSERT INTO django_content_type VALUES(5,'socialaccount','socialtoken');
INSERT INTO django_content_type VALUES(6,'admin','logentry');
INSERT INTO django_content_type VALUES(7,'auth','permission');
INSERT INTO django_content_type VALUES(8,'auth','group');
INSERT INTO django_content_type VALUES(9,'auth','user');
INSERT INTO django_content_type VALUES(10,'contenttypes','contenttype');
INSERT INTO django_content_type VALUES(11,'sessions','session');
INSERT INTO django_content_type VALUES(12,'sites','site');
INSERT INTO django_content_type VALUES(13,'Agora','account');
INSERT INTO django_content_type VALUES(14,'Agora','audience');
INSERT INTO django_content_type VALUES(15,'Agora','photo');
INSERT INTO django_content_type VALUES(16,'Agora','post');
INSERT INTO django_content_type VALUES(17,'Agora','video');
INSERT INTO django_content_type VALUES(18,'Agora','tag');
INSERT INTO django_content_type VALUES(19,'Agora','notification');
INSERT INTO django_content_type VALUES(20,'Agora','friend');
INSERT INTO django_content_type VALUES(21,'Agora','comment');
INSERT INTO django_content_type VALUES(22,'Agora','glow');
INSERT INTO django_content_type VALUES(23,'Agora','share');
INSERT INTO django_content_type VALUES(24,'django_cron','cronjoblog');
INSERT INTO django_content_type VALUES(25,'django_cron','cronjoblock');
CREATE TABLE IF NOT EXISTS "auth_permission" ("id" integer NOT NULL PRIMARY KEY AUTOINCREMENT, "content_type_id" integer NOT NULL REFERENCES "django_content_type" ("id") DEFERRABLE INITIALLY DEFERRED, "codename" varchar(100) NOT NULL, "name" varchar(255) NOT NULL);
INSERT INTO auth_permission VALUES(1,1,'add_emailaddress','Can add email address');
INSERT INTO auth_permission VALUES(2,1,'change_emailaddress','Can change email address');
INSERT INTO auth_permission VALUES(3,1,'delete_emailaddress','Can delete email address');
INSERT INTO auth_permission VALUES(4,1,'view_emailaddress','Can view email address');
INSERT INTO auth_permission VALUES(5,2,'add_emailconfirmation','Can add email confirmation');
INSERT INTO auth_permission VALUES(6,2,'change_emailconfirmation','Can change email confirmation');
INSERT INTO auth_permission VALUES(7,2,'delete_emailconfirmation','Can delete email confirmation');
INSERT INTO auth_permission VALUES(8,2,'view_emailconfirmation','Can view email confirmation');
INSERT INTO auth_permission VALUES(9,3,'add_socialaccount','Can add social account');
INSERT INTO auth_permission VALUES(10,3,'change_socialaccount','Can change social account');
INSERT INTO auth_permission VALUES(11,3,'delete_socialaccount','Can delete social account');
INSERT INTO auth_permission VALUES(12,3,'view_socialaccount','Can view social account');
INSERT INTO auth_permission VALUES(13,4,'add_socialapp','Can add social application');
INSERT INTO auth_permission VALUES(14,4,'change_socialapp','Can change social application');
INSERT INTO auth_permission VALUES(15,4,'delete_socialapp','Can delete social application');
INSERT INTO auth_permission VALUES(16,4,'view_socialapp','Can view social application');
INSERT INTO auth_permission VALUES(17,5,'add_socialtoken','Can add social application token');
INSERT INTO auth_permission VALUES(18,5,'change_socialtoken','Can change social application token');
INSERT INTO auth_permission VALUES(19,5,'delete_socialtoken','Can delete social application token');
INSERT INTO auth_permission VALUES(20,5,'view_socialtoken','Can view social application token');
INSERT INTO auth_permission VALUES(21,6,'add_logentry','Can add log entry');
INSERT INTO auth_permission VALUES(22,6,'change_logentry','Can change log entry');
INSERT INTO auth_permission VALUES(23,6,'delete_logentry','Can delete log entry');
INSERT INTO auth_permission VALUES(24,6,'view_logentry','Can view log entry');
INSERT INTO auth_permission VALUES(25,7,'add_permission','Can add permission');
INSERT INTO auth_permission VALUES(26,7,'change_permission','Can change permission');
INSERT INTO auth_permission VALUES(27,7,'delete_permission','Can delete permission');
INSERT INTO auth_permission VALUES(28,7,'view_permission','Can view permission');
INSERT INTO auth_permission VALUES(29,8,'add_group','Can add group');
INSERT INTO auth_permission VALUES(30,8,'change_group','Can change group');
INSERT INTO auth_permission VALUES(31,8,'delete_group','Can delete group');
INSERT INTO auth_permission VALUES(32,8,'view_group','Can view group');
INSERT INTO auth_permission VALUES(33,9,'add_user','Can add user');
INSERT INTO auth_permission VALUES(34,9,'change_user','Can change user');
INSERT INTO auth_permission VALUES(35,9,'delete_user','Can delete user');
INSERT INTO auth_permission VALUES(36,9,'view_user','Can view user');
INSERT INTO auth_permission VALUES(37,10,'add_contenttype','Can add content type');
INSERT INTO auth_permission VALUES(38,10,'change_contenttype','Can change content type');
INSERT INTO auth_permission VALUES(39,10,'delete_contenttype','Can delete content type');
INSERT INTO auth_permission VALUES(40,10,'view_contenttype','Can view content type');
INSERT INTO auth_permission VALUES(41,11,'add_session','Can add session');
INSERT INTO auth_permission VALUES(42,11,'change_session','Can change session');
INSERT INTO auth_permission VALUES(43,11,'delete_session','Can delete session');
INSERT INTO auth_permission VALUES(44,11,'view_session','Can view session');
INSERT INTO auth_permission VALUES(45,12,'add_site','Can add site');
INSERT INTO auth_permission VALUES(46,12,'change_site','Can change site');
INSERT INTO auth_permission VALUES(47,12,'delete_site','Can delete site');
INSERT INTO auth_permission VALUES(48,12,'view_site','Can view site');
INSERT INTO auth_permission VALUES(49,13,'add_account','Can add account');
INSERT INTO auth_permission VALUES(50,13,'change_account','Can change account');
INSERT INTO auth_permission VALUES(51,13,'delete_account','Can delete account');
INSERT INTO auth_permission VALUES(52,13,'view_account','Can view account');
INSERT INTO auth_permission VALUES(53,14,'add_audience','Can add audience');
INSERT INTO auth_permission VALUES(54,14,'change_audience','Can change audience');
INSERT INTO auth_permission VALUES(55,14,'delete_audience','Can delete audience');
INSERT INTO auth_permission VALUES(56,14,'view_audience','Can view audience');
INSERT INTO auth_permission VALUES(57,15,'add_photo','Can add photo');
INSERT INTO auth_permission VALUES(58,15,'change_photo','Can change photo');
INSERT INTO auth_permission VALUES(59,15,'delete_photo','Can delete photo');
INSERT INTO auth_permission VALUES(60,15,'view_photo','Can view photo');
INSERT INTO auth_permission VALUES(61,16,'add_post','Can add post');
INSERT INTO auth_permission VALUES(62,16,'change_post','Can change post');
INSERT INTO auth_permission VALUES(63,16,'delete_post','Can delete post');
INSERT INTO auth_permission VALUES(64,16,'view_post','Can view post');
INSERT INTO auth_permission VALUES(65,17,'add_video','Can add video');
INSERT INTO auth_permission VALUES(66,17,'change_video','Can change video');
INSERT INTO auth_permission VALUES(67,17,'delete_video','Can delete video');
INSERT INTO auth_permission VALUES(68,17,'view_video','Can view video');
INSERT INTO auth_permission VALUES(69,18,'add_tag','Can add tag');
INSERT INTO auth_permission VALUES(70,18,'change_tag','Can change tag');
INSERT INTO auth_permission VALUES(71,18,'delete_tag','Can delete tag');
INSERT INTO auth_permission VALUES(72,18,'view_tag','Can view tag');
INSERT INTO auth_permission VALUES(73,19,'add_notification','Can add notification');
INSERT INTO auth_permission VALUES(74,19,'change_notification','Can change notification');
INSERT INTO auth_permission VALUES(75,19,'delete_notification','Can delete notification');
INSERT INTO auth_permission VALUES(76,19,'view_notification','Can view notification');
INSERT INTO auth_permission VALUES(77,20,'add_friend','Can add friend');
INSERT INTO auth_permission VALUES(78,20,'change_friend','Can change friend');
INSERT INTO auth_permission VALUES(79,20,'delete_friend','Can delete friend');
INSERT INTO auth_permission VALUES(80,20,'view_friend','Can view friend');
INSERT INTO auth_permission VALUES(81,21,'add_comment','Can add comment');
INSERT INTO auth_permission VALUES(82,21,'change_comment','Can change comment');
INSERT INTO auth_permission VALUES(83,21,'delete_comment','Can delete comment');
INSERT INTO auth_permission VALUES(84,21,'view_comment','Can view comment');
INSERT INTO auth_permission VALUES(85,22,'add_glow','Can add glow');
INSERT INTO auth_permission VALUES(86,22,'change_glow','Can change glow');
INSERT INTO auth_permission VALUES(87,22,'delete_glow','Can delete glow');
INSERT INTO auth_permission VALUES(88,22,'view_glow','Can view glow');
INSERT INTO auth_permission VALUES(89,23,'add_share','Can add share');
INSERT INTO auth_permission VALUES(90,23,'change_share','Can change share');
INSERT INTO auth_permission VALUES(91,23,'delete_share','Can delete share');
INSERT INTO auth_permission VALUES(92,23,'view_share','Can view share');
INSERT INTO auth_permission VALUES(93,24,'add_cronjoblog','Can add cron job log');
INSERT INTO auth_permission VALUES(94,24,'change_cronjoblog','Can change cron job log');
INSERT INTO auth_permission VALUES(95,24,'delete_cronjoblog','Can delete cron job log');
INSERT INTO auth_permission VALUES(96,24,'view_cronjoblog','Can view cron job log');
INSERT INTO auth_permission VALUES(97,25,'add_cronjoblock','Can add cron job lock');
INSERT INTO auth_permission VALUES(98,25,'change_cronjoblock','Can change cron job lock');
INSERT INTO auth_permission VALUES(99,25,'delete_cronjoblock','Can delete cron job lock');
INSERT INTO auth_permission VALUES(100,25,'view_cronjoblock','Can view cron job lock');
CREATE TABLE IF NOT EXISTS "auth_group" ("id" integer NOT NULL PRIMARY KEY AUTOINCREMENT, "name" varchar(150) NOT NULL UNIQUE);
CREATE TABLE IF NOT EXISTS "auth_user" ("id" integer NOT NULL PRIMARY KEY AUTOINCREMENT, "password" varchar(128) NOT NULL, "last_login" datetime NULL, "is_superuser" bool NOT NULL, "username" varchar(150) NOT NULL UNIQUE, "last_name" varchar(150) NOT NULL, "email" varchar(254) NOT NULL, "is_staff" bool NOT NULL, "is_active" bool NOT NULL, "date_joined" datetime NOT NULL, "first_name" varchar(150) NOT NULL);
INSERT INTO auth_user VALUES(1,'pbkdf2_sha256$720000$FxMyf0m9grXbyM4qPxbaM3$DVwLAWT74pHn838oZE/y209SpMlg/whKkUihRA0w2/U=','2024-10-30 10:10:52.175257',1,'admin','','a@gmail.com',1,1,'2024-04-24 09:07:27.241728','');
INSERT INTO auth_user VALUES(5,'pbkdf2_sha256$720000$1MqSgdrMvCJdHz52Y98rjd$MKEYBbq0uMn6qy6W8AboP5dLWZAwnhiBUCvGPQF4IMc=','2024-10-30 04:32:16.790397',0,'geo','','justcua2001@gmail.com',0,1,'2024-04-28 06:16:04.084228','');
INSERT INTO auth_user VALUES(10,'pbkdf2_sha256$720000$wsyXX1y0KJfklAdOmEWLTo$xAfZxlq9N5ABXfomV2etwNCv0nI2cZIsaEMTUIK1zu8=','2024-09-15 16:14:22.797651',0,'RoseBliss','','rosebliss@gmail.com',0,1,'2024-05-03 10:50:10.316512','');
INSERT INTO auth_user VALUES(11,'pbkdf2_sha256$320000$oEegYYmiI97eXpIXCbvAK9$Vunqxm8UKPjPi9W94mIwbAb2X0qmvl/6bJ3dMXS49Tc=','2024-09-10 09:33:18.436371',0,'IllusiveOasis','','illusiveoasis@gmail.com',0,1,'2024-05-03 10:59:27.605709','');
INSERT INTO auth_user VALUES(12,'pbkdf2_sha256$720000$6Lg5DfpJgaOgWraGc2DMeW$P/iTIAsuFbuPA4c/O7SAcubx+F3wDiERmDgBvlEDMmE=','2024-05-07 12:09:02.160996',0,'yokai123','','christianjanobas@gmail.com',0,1,'2024-05-07 12:09:00.763773','');
INSERT INTO auth_user VALUES(13,'!4rJFelqXtuLJNtvrwDqD0ClpoHjhW46FptMAlTCy','2024-10-11 07:40:44.264955',0,'justine','cua','justineacain.cua@my.smciligan.edu.ph',0,1,'2024-05-09 14:21:58.349947','justine');
INSERT INTO auth_user VALUES(14,'pbkdf2_sha256$320000$zTpj283PIOWR1SYCTDk9s7$YzRyF4LTXGI8r2Re0ZlhxuQb2za4TcEa8l8/jKDnx7A=','2024-09-09 07:59:48.558498',0,'A_MileyFan','','mileyfan@gmail.com',0,1,'2024-05-09 15:33:54.618746','');
INSERT INTO auth_user VALUES(15,'pbkdf2_sha256$720000$vHquVEDfEzjghjZfyD2tbe$Nmn2XKn/t1N7uzAEH2c7vMAPbhdYquDfXJlirihjXEo=','2024-09-16 16:29:17.390605',0,'_meme','','meme@gmail.com',0,1,'2024-05-09 16:10:15.114714','');
INSERT INTO auth_user VALUES(16,'pbkdf2_sha256$720000$WobQSNmGVal8DpxM4lKz51$9G01pYIaesj6weRFUMYJLgCXmltLWf4Kwfw9seZw62Y=','2024-05-09 16:19:40.881308',0,'jonah','','jonahsaffer@gmail.com',0,1,'2024-05-09 16:19:39.234660','');
INSERT INTO auth_user VALUES(17,'!Di3iI1JRFrmTMeHyuin3LwNbOumJwC8o1TKltLAw','2024-08-26 10:27:54.979160',0,'justine9','Cua','katsukiyu38@gmail.com',0,1,'2024-05-13 15:04:58.203236','Justine');
INSERT INTO auth_user VALUES(18,'pbkdf2_sha256$720000$trfmqqtt9Kshj8YfEWUiaM$NymrL+sCzSF+PD0O91j+BOfnWPrceCi2BWXf6vqMgis=','2024-09-22 19:25:17.493342',0,'joshu123','','joshua@gmail.com',0,1,'2024-05-21 02:01:03.330271','');
INSERT INTO auth_user VALUES(19,'pbkdf2_sha256$320000$ItYkyC5o1W5KLuiCI9aljB$Vy4s3j9jjesq/zasA3PbP94/JUL/aOSen2jdX3l9sRc=','2024-05-21 02:59:41.021523',0,'junnie','','junnie@gmail.com',0,1,'2024-05-21 02:59:40.443198','');
INSERT INTO auth_user VALUES(20,'pbkdf2_sha256$320000$U18EH1Eu9IgkJjyFhNXhfE$Qwd2ohez0L/AZg2SEFInDVkXnRSodrkE2/iGrOswec8=','2024-05-21 03:05:53.264164',0,'feryl','','feryl34@gmail.com',0,1,'2024-05-21 03:05:52.922927','');
INSERT INTO auth_user VALUES(21,'pbkdf2_sha256$720000$5BxjAlzQL7PVqUpfhxmPQv$DOPeaIJ/dNeIjEoNPkEw/c3M5T6nC6ZhjcQnXJJL+lM=','2024-05-21 13:54:16.486382',0,'vince','','vincetecson822@gmail.com',0,1,'2024-05-21 05:56:59.823025','');
INSERT INTO auth_user VALUES(22,'pbkdf2_sha256$720000$sZcw6zEchB1xVvxwTHmiZY$mCP8HjTjlVxz4rADt6strGPtU9L1cBdmrVSlT3Sy0Ps=','2024-05-21 06:06:01.638041',0,'Teetoi','','teetoi@gmail.com',0,1,'2024-05-21 06:06:00.602107','');
INSERT INTO auth_user VALUES(23,'pbkdf2_sha256$720000$seBRF48Nw5LhI5sOSxfiSL$nYGaFEs9ItCsi6Fca21Po7yjMBCAzrk66nr93Z4dwck=','2024-08-31 09:36:26.934575',0,'tedddoy','','rosalioencabo@gmail.com',0,1,'2024-05-21 06:07:38.898624','');
INSERT INTO auth_user VALUES(24,'pbkdf2_sha256$720000$gAeOm39aOJjvLCRGFfTTpa$Az8kJ0vc/liIi19DNSniwdTUnrLZm2UKNSTQkOtbE9g=','2024-05-21 06:16:54.176294',0,'creeplock','','creeplock@gmail.com',0,1,'2024-05-21 06:16:53.482335','');
INSERT INTO auth_user VALUES(25,'pbkdf2_sha256$720000$wwnxQLWUSOui1OjscttC32$VnySZuB2rk3Xx5OnWTg8vSESbjjJNK24Rb+Sty4djXE=','2024-05-21 06:21:03.776903',0,'june','','june.avanzado@gmail.com',0,1,'2024-05-21 06:21:02.776468','');
INSERT INTO auth_user VALUES(27,'pbkdf2_sha256$720000$RL4akT17k8BdtQ5XoloS0i$2oLq0jr/d8cy7OQIp+5XFIg+wF0pqELL6JcHSQiDz3g=','2024-05-21 07:42:10.886317',0,'mitsangelo','','mitsangelo@gmail.com',0,1,'2024-05-21 06:25:08.400933','');
INSERT INTO auth_user VALUES(28,'pbkdf2_sha256$720000$0Kv5YGnidVMql7ilxT6qRE$KMgF1atD1e4rx5uADQxcsu2IfDipmiVuz7Ge/wE6rBM=','2024-05-21 06:28:47.388866',0,'SHIBIII','','teetoiis@gmail.com',0,1,'2024-05-21 06:28:46.443405','');
INSERT INTO auth_user VALUES(29,'pbkdf2_sha256$720000$IIAZfALsJVKZ9ZsRbJuVUR$t35K6dsKKVtXDvBe0VfYLksKGLb9qubW9vVYKGS8fH8=','2024-05-21 06:31:22.711072',0,'lucky@gmail.com','','lucky@gmail.com',0,1,'2024-05-21 06:31:21.196987','');
INSERT INTO auth_user VALUES(30,'pbkdf2_sha256$720000$31Hu38oD1s6zwkKmHv4h9D$oTHxVap5iHlbsfO5fy0YkzNFV01tSXNRCyPYsaocA/Q=','2024-05-21 06:33:29.449323',0,'Vice_pogi','','pogi@gmail.com',0,1,'2024-05-21 06:33:28.631312','');
INSERT INTO auth_user VALUES(31,'pbkdf2_sha256$720000$bxW2RBI5FWwxmrCFRbCZMm$bIv+SMmso3xKICbPgFKcJwX6Wo07bN1n9RkPhSixAJw=','2024-05-21 06:38:09.926429',0,'Christianjanobas','','yokyokjanobas@gmail.com',0,1,'2024-05-21 06:38:08.449064','');
INSERT INTO auth_user VALUES(32,'pbkdf2_sha256$720000$2lSRpn0pGp8i647U39x1AP$2RL8P0/sY0CKhRJl6FI9genvBg4pOD7JAfLND/Jpz54=','2024-05-21 06:42:43.799571',0,'junnie_boy','','june@gmail.com',0,1,'2024-05-21 06:42:42.493036','');
INSERT INTO auth_user VALUES(33,'pbkdf2_sha256$720000$ubY32B2xdoXp5HmFYgjaxZ$UlQ9oRNGbvIMAwlHrCLtzesKbnj61kwOYgqm+XXS4Lw=','2024-05-21 06:49:43.309834',0,'lbjj','','lebronjims@gmail.com',0,1,'2024-05-21 06:49:42.190011','');
INSERT INTO auth_user VALUES(34,'pbkdf2_sha256$720000$nySfmgjNerGA9BqouoTZG3$XIiOIGf0jJPjpScfjRSynifpeLKMjRY8qjdBJDDk3yc=','2024-05-21 06:50:07.555238',0,'ako ni','','abc@gmail.com',0,1,'2024-05-21 06:50:05.926578','');
INSERT INTO auth_user VALUES(35,'pbkdf2_sha256$720000$41A66xutweSif1822pyAcN$XPyqvs+p6arLKDRjHuU8Bb0MfB/TbXJ8A86UtokJUIo=','2024-05-21 07:15:03.905724',0,'angkoltonyo','','angkoltonyo@gmail.com',0,1,'2024-05-21 07:15:02.762564','');
INSERT INTO auth_user VALUES(36,'pbkdf2_sha256$720000$4QqgZheTXlsaNVYBIzjcB4$6KQoFkaltF9b1sPwyWueWayRhsdAHrRdU8hJwQX0T98=','2024-05-21 07:34:24.672826',0,'jims','','edwinjims@gmail.com',0,1,'2024-05-21 07:25:17.582500','');
INSERT INTO auth_user VALUES(37,'pbkdf2_sha256$720000$UyevqJHqpchjg2yxDJdwHH$t/Przo9RU4P54p95wDblbVsexVLWDJTkoOgJlTiO8Sc=','2024-05-21 07:50:59.833073',0,'sury13','','sury@gmail.com',0,1,'2024-05-21 07:50:58.974509','');
INSERT INTO auth_user VALUES(52,'pbkdf2_sha256$720000$CJHwXO7cJ9uTrmfCx8OiWF$AQ1fyT1/U3rzDLs3nlSLpq714q+ZxgCfc3Ok+WeO7Tg=','2024-10-01 07:36:37.310621',0,'b','','b@gmail.com',0,1,'2024-06-15 10:55:54.315912','');
INSERT INTO auth_user VALUES(53,'!VLbt5i1OSQOmsuSWKMo1cV0J42QpK5moHMnN4zrB','2024-10-14 08:55:34.063223',0,'jefferson','PAQUE','paquejefferson@gmail.com',0,1,'2024-07-02 05:39:48.717778','JEFFERSON');
INSERT INTO auth_user VALUES(54,'pbkdf2_sha256$720000$G8PkPVf9MrBgCiKUObpAWH$JymFiH8mP4OV8uypPcxM6n40X8wKCsyCcx29aKWTjcg=','2024-07-02 11:12:27.333538',0,'shengji','','jtztng@gmail.com',0,1,'2024-07-02 11:12:24.859054','');
INSERT INTO auth_user VALUES(55,'pbkdf2_sha256$720000$5e1A9M1czHMMFwo8FXWsyD$6FcHmmQq/gkQsyqmQ0qRHp6qbpNhQ1gq78/RDz/KoUI=','2024-07-02 11:15:35.625996',0,'Isebella Shien ','','solsol@gmail.com',0,1,'2024-07-02 11:15:33.192433','');
INSERT INTO auth_user VALUES(56,'!hAuQsCEHjjNUmSoiHdcJcdTaielSWV1oUpKBsJmv','2024-07-02 11:20:20.927667',0,'jayrald','sumalpong','jayraldmontealto.sumalpong@my.smciligan.edu.ph',0,1,'2024-07-02 11:20:20.841950','jayrald');
INSERT INTO auth_user VALUES(59,'pbkdf2_sha256$720000$PTNdlmH2ItWqUvVzCgNcpO$ql85BClETuKQE7+vuKhxYvCyOqubUw0zMPs2p6D5o4M=','2024-08-04 11:50:48.744417',0,'max','','max@gmail.com',0,1,'2024-08-03 08:02:18.699804','');
INSERT INTO auth_user VALUES(60,'pbkdf2_sha256$720000$qPFKYtkgpFk6fdFRLA3yX9$fwdbIbQIV3QSJIHRKZ4rtvy0y0y04BSotxwHQPGIuvo=','2024-08-09 05:14:51.183174',0,'killer123','','jcua.dev@gmail.com',0,1,'2024-08-09 05:14:50.095794','');
INSERT INTO auth_user VALUES(61,'!Za0befe63sMI1T51He38P9GFs2SuAFlYm1DWh6AW','2024-08-31 10:14:30.845195',0,'reynan','awa','r.awa@my.smciligan.edu.ph',0,1,'2024-08-31 10:12:47.323869','reynan');
INSERT INTO auth_user VALUES(62,'pbkdf2_sha256$720000$EGBa9R27BYaOxA5L0Wqkrb$8SdjaKBY8h1rxOmKP7Zc4iyi6B7Aw6ofRKWIr2AnBU8=','2024-09-22 19:31:28.883331',0,'glowOfficial','','glowservice01@gmail.com',0,1,'2024-09-02 15:20:15.849178','');
INSERT INTO auth_user VALUES(63,'!oKxNLWOdOMz8kTEpPxNaCuqNy3ts4k6ZR9ibuOia','2024-10-24 08:58:30.831482',0,'erwin_james','Maglangit','e.maglangit221i@gmail.com',0,1,'2024-09-04 04:23:18.677831','Erwin James');
INSERT INTO auth_user VALUES(64,'!3Qc5LzoDM811CpeGzCGYZ1fQLoDuxM5LzE3GpypZ','2024-09-04 06:24:03.092034',0,'elca_mae','Surban','elcamaeubanan.surban@my.smciligan.edu.ph',0,1,'2024-09-04 06:24:03.031615','Elca Mae');
INSERT INTO auth_user VALUES(65,'pbkdf2_sha256$720000$uNqQ3gyrwcddl18FHJMOrw$cwgCSjuU3vUE20ovRRGbSEgjahmplxtWrqxQxynnqWE=','2024-10-24 08:51:23.907163',0,'jeibinotjbi','','putetosaladd@gmail.com',0,1,'2024-09-05 13:44:10.506079','');
INSERT INTO auth_user VALUES(66,'pbkdf2_sha256$320000$YgUdAYlLBsRUnSGqs7r2BG$csAjImToooAjKEPi/qe1wiF2OJGxBC8su2LRUBMZdUU=','2024-09-10 09:32:02.412971',1,'jeff','','jeff@gmail.com',1,1,'2024-09-10 09:25:01.901411','');
INSERT INTO auth_user VALUES(67,'!gakqEjzBIHL7lclc85c60EVLnD5vqkgoyd15hRS2','2024-09-12 12:53:18.485630',0,'vaughn_joseph','Imperial','vaughnjosephcayabyab.imperial@my.smciligan.edu.ph',0,1,'2024-09-12 12:53:18.441411','Vaughn Joseph');
INSERT INTO auth_user VALUES(68,'!yRScw7DM4MpOK4Lb5SvzBtx2OvcWWsJvoVnEbd2O','2024-09-16 15:14:00.805749',0,'ferryl_jay','bojo','ferryljaybagaloyos.bojo@my.smciligan.edu.ph',0,1,'2024-09-12 14:12:45.118053','ferryl jay');
INSERT INTO auth_user VALUES(69,'!hJiLsnLgB0Sn3N52j5en6MVIRe12B88j81lqFaDe','2024-09-23 15:12:41.874950',0,'imperial','','imperialvjoseph@gmail.com',0,1,'2024-09-23 15:09:42.500916','Imperial');
INSERT INTO auth_user VALUES(70,'!BP7p2bXzgcgViVlasAIbDQ0xG7P4452gmGSdiY1T',NULL,0,'DHHTcbincZJbje','','efarrellsl46@gmail.com',0,1,'2024-10-20 12:01:39.501065','');
INSERT INTO auth_user VALUES(71,'!cnf9SD1Vs4mt8cdX1h0gruNrG2q3vwABGPj9Kkit',NULL,0,'IKHPBCHEJLwHfd','','nessapot192@gmail.com',0,1,'2024-10-24 23:28:03.168936','');
INSERT INTO auth_user VALUES(72,'!PtNkyyJLtA64A05wAdqXt3i6z2yhIQUebLy5QvY1',NULL,0,'wOSQZJktUPrzR','','valeeofc7160@gmail.com',0,1,'2024-10-28 00:17:48.528916','');
CREATE TABLE IF NOT EXISTS "django_session" ("session_key" varchar(40) NOT NULL PRIMARY KEY, "session_data" text NOT NULL, "expire_date" datetime NOT NULL);
INSERT INTO django_session VALUES('9bzpavi5w0f27biov2ince5fc42vmv1j','.eJwNyttOgzAAANB_6TMzXOT6hgZ1LG6LW6BgDOlKWaHcWy6D8O_u-ZwV8AbnqEQYN0MtEi6QIBw4K7jQqUvphXp0KRX4NQLndwVt32DCnw7K5p7XQAIpEgg49VCWEmgZJgluUpKMpM-znPTPeFzi-NtjLuNe22dZLMI6Z117jfsfegojbSZH3zU-QsUOInV5K-E7hnsOi-Y8nm_49SYep1nNWCFbcIjVuShkZges0nafF38aq27KHuOh3qEZ0qgYM3r3_L0VIdNNResF1QFskmIqmq3rsmW8yLpumKb6t23_0i5WVg:1rza0s:a-vLVSlb2-2w8w5CozxyyAtrNR2TQcvJCxa_IQxtO7k','2024-05-08 10:38:06.055677');
INSERT INTO django_session VALUES('373341pv4e5vdtakam5sr6qxeg9q9pw0','.eJwNym1TgjAAAOD_ss_YSWO8-E2tC3LBmWFK13FrDETGJmwrkeO_5-fnGYGStCacUCqN0LnSRDMFFiNYDg0-7Oi2mutr_Ob_gcXXCC69pEzdHXBZ1QJYoCCagIUwnFvg0lCWU1mw_Jf1dVmz_h7bXYGjzSxbtvtqfUrTPIydp9CDSebN1t6AaRcjsTHGeT2HiTmtdJu8pNuK9rCJsRogEq4Ns2dbiAg70fs-sLkOSmj86-3Yao0KoztNZIc1OkCe8Zv_w1W5kh-NPJtP9wgmy_ZsGCD06MEHx_edufs9Tf8IvVO4:1rza3t:xXDMJU3uSKLOYgLo0brFYBjyrdtXOktBTCiNVCuUb8A','2024-05-08 10:41:13.491746');
INSERT INTO django_session VALUES('86cd703b0onsid7do0l4pkta9drskih8','.eJwNyttOgzAAANB_6TMxjIsV3hZwVS6bjcwpxjRNW7DQUaSAc4R_d8_nLMBoJqmijOmpG4kZ6SgMCBdAq4JCGCfz5Vyg9skD4ecC-kEzYW4OlK5lByzA6UhB2E1KWaBvmSBMc0FmMchKiuEWu4b7bj_lWSeGvyL5roSNp6nssz3HyK9V8PLR5tGW42zmqQubOn2tMP7ZHndNmSTq3SOKxjbyavl7QOZ6zuLCftbyUSL2EL3tSB7ZxeGU-Pwk9qZF22uABD6S2CnLe12kF7BaG7hxA993oHsHIQygA7_W9R-RKVNB:1rza3t:0rfXL2p7KUXUQ28QsC1DIZdTi86VFFwzpa-oZZ0RKY8','2024-05-08 10:41:13.777972');
INSERT INTO django_session VALUES('joyqa3cj5sdg1jyyjxiu1b8zp8yoboh5','.eJydz8tygjAAQNF_yVo7PBIBd1KwgpUqilU6HSaGIFEglAQqOP57u-y66zt3ce5AcMJwgQnhbSUTIbGkAkzv4BQ8z-shd2OZyc50GjD9uIO64YSK3w4KfmYVGIEUSwymVVsUI1BfCU0IT2nS0YZljP5OYOIgk3oZK7evHtQ55HPDuCxSUrer6lyKXTMUQanC-vu65ciXh8S73nBdusa7Z5KhF6m_6jcGvDhvOb6xo-JyGO7x8nl_Cvd1kHcDt3HcmJbu1FUBoyadR10XzrT-ZZadkL0Ej5FqqFDRFF1BT9BQTaijzxFY907pQNJQm8QxWrP_-sYitKyWOfLw5VshIjND27Y0s9RFlJzHfcy_1eulKGN_bbGcdwk9WhRxY-l6q9vuLbcCudHPmiLa0-aoNAvtFgUs6l9Nu-ZVoOkhm7WDtNMyUGOKhe-ZGlm7TjjebeVhPEH4j89CT8oEabqmfz4eP6vhnIo:1rzr0F:tEavIIGV4Xl7FOemGbXAYEee_QtbGKqPGyNhO6Rlb5o','2024-05-09 04:46:35.065232');
INSERT INTO django_session VALUES('lwhgcuw1pykpcskbjiqfct1y4dvnbv40','.eJyd0cuSa1AAheF3MU66XDd6hoQgiIgIp04p2bYQ17BJ6Op3Pxmdnvd4_ZOv1hcxtLBIqgTCdmxwPOAEo4H4_CIShe6lLfmow7R2Q1smPv98EV3fQjS8d6Jqb0VDrIg0wQnx2YxVtSK6EqIYtimKJ9QXWYH6d4gnzUFF7bV6LMryq4upIMhRn_iH_ewZ9GIi31XXeumJJO9pHq-VYPbHZ0y5t3So583ZdmRUthPPPuhRf-nmbaDWe-WSi2TZL7onChu625aPkz4jGRtGiCff68t2DrRl89oZxPeK4imWonkGgA-OZjggiH9XBJ59FkXHtG5uwqU6Ur_1oXSkDEcRHeE5jffFW0_aaS8p0B8A7sUQPJ9OoPaAtl2XxRHJcKiKumzLnu_ZY2NKiO17KJ9Y_TDxkfe8qX6SZGdwFOTjtFeD107dyO64Efm-kxTSXmbZ5jbG-qL0-NlURmD9-FgWfAiUyFH8m9eqV18rs-tu0Vh5aunf8mA6lvWLkQ3IB9CUdIZx7_AmAeRjh-a68QndqIhMiiOVgj1frB6EOIyLi9341mMq3PMe2dgPz0rlC7PPuY9E9e2hrNPbc3nsdhCLfOVFamvuW8dKnDCey7a6iF7DBHPOkPJ_nkC-7xNYXuQ55u276gLcMjs1F2pNSrXwt75bHVgl6lj5muZZJB6EZZGsQzjpWR50d0i-8kwuHEkxL0byStZVUrR0sE2VBllHfJ88N9E3OxOAg8Wur31uGqx2HOPMKy4FOTTaPbNHwcIOP6GHkikgDfcgv44nEUYntVWP6o9PpMAHYDmaFP9-f_8D_CMuiQ:1s0JEa:rSAOUKpM-1xIUvcNgwdLhnDDWIkrp5fjMf5DmvmJk58','2024-05-10 10:55:16.653316');
INSERT INTO django_session VALUES('dt9rmeh46z6i7rez4cp3j8b3hf5alenj','.eJwNysFugjAAANB_6ZksVnFWbpMMZTIMjg3nspDalgFCW9oCCuHf5_m9EWhBClxhQkTLTaoNNkwDZwT97hSWH8hfd7V7PrgucH5GIJUgTD8cVOKv4MACFBsMHN5WlQXklbCUCMrSjqkiK5h6xKR5XfiVQAeJon2p67f0uM2-Qh8pNcS5DLh7J_jinV76LBh2V8lv8OiHWf68TIak0fsILsOmRG1cvtMSp5dvcRsEpbqmufDCzWzT1cFdbqM4iZiOzmSok15Rr-k-Te9yQ8BkwRW04WKO5usnOIO2vfqdpn_h0VZo:1s0KFh:vB6jvDMycsGuXb_Z6TPGSqY_TOszJ0EQd4OKIfEDYlc','2024-05-10 12:00:29.224608');
INSERT INTO django_session VALUES('5yel3boy5gd5df2bu5nt8v4m2i5htr1c','.eJwNyttOgzAAANB_6TMx4z54k5tkKMGxraAxpJQKBUa5DyT8u3s-ZwMDwxTVCGM2NWMyjGgkA9A3IKhSV5RtHOZBRC_3AOjfG2h7hsnwdFCznDaAAxkaEdCbqa450FaYJJhlJJlJT38p6Z-xsw7vSeqLyse9L4quhIXxNlUn62x8XW8zdkReU5zKDW0UIzU7mMtrKsIULranwrUMM2t2c2g_oG36QjTI6-inf3CyeyO4xFSmK63Uz1XwPISSRTYL7VhrEbpdTu16vrosdsDO8Sov8Yp61LQXURZ5SfzZ938ZKFM6:1s0TNN:xVPuML1VyxA96HKO7rs5o774khr3Z0qVMv_1vYvPiGw','2024-05-10 21:45:01.002686');
INSERT INTO django_session VALUES('y2awcw6mm6josulxxlo2aqa2kn4ximlb','.eJwNym1zQzAAAOD_ks-6E-OYb-04euql1Tq22-UiMlIqTkK3Of99Pj_PAgQnDHeYED71EgmJJRXAXkBkGjVPhV5mWULSOAb25wKGkRMqNgcdr1kPFFBhiYHdT12ngKElFBFeUTTTkX0zOm5xCrumHPWQX59jEjzUSSQ7B53ausjaXMvnAu2Qz5w3P6sjzZO_Hnwe2sPFcDNcl1rw499OnVt54s7S5n60cpg6wtLh-74wAjnNe3jGUYNvcmPmX114bNBj8INz7v6R8OMSg1WBJtShaWmq_qKpJjRev9b1HxChUuY:1s0W3Y:D0i4y-u37OQdF_ewjEbAjsQoUlaeguKqAxK53bX16Go','2024-05-11 00:36:44.207153');
INSERT INTO django_session VALUES('vfrzqj5ykjrui1xyvbh1qrfh3p1gjqed','.eJwNyttqgzAAANB_ybMdaGM0PmrnmM5VvNTLGJLGWEydKWpUKv77-nzOBkZBW9IRSoXsp2qcyMRGYG2Aw7umRQmGSJyxzHRg_WzgMQjKxpeDTtzaHiigJhMBVi-7TgGPO2UVFTWrZja0TcuGV5SNRBQaj2ekpbacvTPPKXffb_6lvgyfyRdOvb8mtpcDWTA_EZSj1uErqjMnKhs3iEN5tD_wEh6OcU1TFK6Yz3lQZaFv-864FkTP1e8nTHQx2971mpW0mNwsD4oTRCNtS7ArqqFC1TBN1XzTDAxVDH_3_R_DnVJE:1s0WDS:vh96dLfpQSO7aQtCuMz2gMEDGin3t4QizaNAotGpiXE','2024-05-11 00:46:58.285265');
INSERT INTO django_session VALUES('zwp73vur3xh9hlzvb9yqmv1ynubwqnms','.eJwNyttOgzAAANB_6TMxlmvgDXU30W2MDGHGkFIKlEtLaLswCP_uns9ZgOCYog5hzBWTmZBIEgG8BfQ0OMNdPNsq7b-VEwHvdwHDyDERTwcdrygDGiiQRMBjqus0MLSYZJgXJLuTkZaUjM9YR-51I9G7Dlne1Z938UWRSuRchDF3D0ZU3JwP096aU68SIYyKN36mTio8yjidZjPo82JKgzYICKlYe6ofYWlc9qrZsS5x6E_PLxAfxtsbG31k7XkO_e2wsYbmfC3z_lgzsGrQgSZ0XMt1XqCtG6-m_reu_zUPVYM:1s0WQ1:sQlgbcYTmC9107duQ58xrxRrC2UYEv1FTSbzkUCeRKA','2024-05-11 00:59:57.169398');
INSERT INTO django_session VALUES('fj11pl6ltyp0lp7jck427khx2tgd0464','.eJxVjMsOwiAUBf-FtSHQG2jr0r3fQLgPpGogKe2q8d8NSRe6PTNzDhXivuWwN1nDwuqqrLr8bhjpJaUDfsbyqJpq2dYFdVf0SZu-V5b37XT_DnJsudcGwLJ3TDgkcDYiRKDk_YAMYLwdEwkTW0YDszgWO9M0cUrIo3hUny_-8zlC:1s0YkR:AM_v1mLqDA0p6bfBoBVQ31hmVAGNqerCUOXtv7nNR74','2024-05-11 03:29:11.696258');
INSERT INTO django_session VALUES('76hygxw24yzzno3uzn7uv1ng81i3e49h','.eJw1z91ugjAABeB36TUafhW42gKKm8wxJyBbDKmlQB20jBbJNLz7cGZ3JzknJ_mugDNEYAURYh0VKRdQYA7sK6BEf9VI4ATy4liQswPszytoWoYwH3tQsYJQIIEMCghs2lWVBJovhFPEMpyecUtygttxeOljiqK-XL74bIPN9T4pWAzDYPfsnxzf1SfRZP5hBdvIi5xTSLRF_G4YyXdfF9WmpD9EdZdaZWxzd7LXjEJ_StdedNE2CXIbrQ9X5GjtOm-5W7XqG0u8zof8lPu5Qh6P-4CLeAUGSZkrumLJimFMFVmfqcZhkMC_GHaixFQQBAVhNK2xKFnG_7T3PBoayHnP2mz0QgHs-5-pWNrUnKmyqpsSwDUk1Y37UNzSFLEaDIfhFxnUdCs:1s0bFx:UqXlHxTcAckuGgKJHTNTSIiS8CFI1EtsByxgDHSzjFQ','2024-05-11 06:09:53.973145');
INSERT INTO django_session VALUES('tq2uuetjvib1efdhmbe9q4fk0zr5yp4c','.eJxVjMEOwiAQRP-Fs2mEAgve7I-QZVkCsaGJpSfjv9uaHvQ4b2beSwTcegnbys9Qk7gJLS6_LCI9uB0FzvOBByRattaH7-as1-G-J269Eva6tOl8_akKrmX3cJLKA0MGztJbNoqiRGSlstaonLWIjgxoMjEBEqRM4JxP4wh8TVa8P9sxPSA:1s0dOP:0rsxZ-wiIMaNyAJMYef5knB-K_vVlulYmeSgnlab7Ek','2024-05-11 08:26:45.678931');
INSERT INTO django_session VALUES('pt7e6xv0sdydo8ol1mpgtpj4qwsebh2m','.eJxVjMEOwiAQRP-Fs2mEAgve7I-QZVkCsaGJpSfjv9uaHvQ4b2beSwTcegnbys9Qk7gJLS6_LCI9uB0FzvOBByRattaH7-as1-G-J269Eva6tOl8_akKrmX3cJLKA0MGztJbNoqiRGSlstaonLWIjgxoMjEBEqRM4JxP4wh8TVa8P9sxPSA:1s0gKY:T3BGoJwbiPooPsCAlDQjVba1KGySRAlTehNz9wBJr3g','2024-05-11 11:34:58.910211');
INSERT INTO django_session VALUES('02gvle1675tatawvd7dxs1qmiay8he0g','.eJxVjMEOwiAQRP-Fs2mEAgve7I-QZVkCsaGJpSfjv9uaHvQ4b2beSwTcegnbys9Qk7gJLS6_LCI9uB0FzvOBByRattaH7-as1-G-J269Eva6tOl8_akKrmX3cJLKA0MGztJbNoqiRGSlstaonLWIjgxoMjEBEqRM4JxP4wh8TVa8P9sxPSA:1s0gUs:OEKWMW_pReG5TjVptroy43V5hZxqnJ72V9jy9dfM0NQ','2024-05-11 11:45:38.979654');
INSERT INTO django_session VALUES('ia67mqznfllwt1smleh7ypihk2bxpafg','.eJxVjMEOwiAQRP-Fs2mEAgve7I-QZVkCsaGJpSfjv9uaHvQ4b2beSwTcegnbys9Qk7gJLS6_LCI9uB0FzvOBByRattaH7-as1-G-J269Eva6tOl8_akKrmX3cJLKA0MGztJbNoqiRGSlstaonLWIjgxoMjEBEqRM4JxP4wh8TVa8P9sxPSA:1s0gsL:9NaJ5thhJAr3hFI5IMKNdFbismk3P1wwDqnNvYwBwc0','2024-05-11 12:09:53.510860');
INSERT INTO django_session VALUES('s6qatc24fe6jfephm6wjtamlv1g8txef','.eJxVjMEOwiAQRP-Fs2mEAgve7I-QZVkCsaGJpSfjv9uaHvQ4b2beSwTcegnbys9Qk7gJLS6_LCI9uB0FzvOBByRattaH7-as1-G-J269Eva6tOl8_akKrmX3cJLKA0MGztJbNoqiRGSlstaonLWIjgxoMjEBEqRM4JxP4wh8TVa8P9sxPSA:1s0iEL:MzUkpR7zxCf-N1TfZmrwdV55U3U-s97Yt0v5Nq-HgCw','2024-05-11 13:36:41.044002');
INSERT INTO django_session VALUES('59p7fghknw0u6jeb4t0s15v08um6l2g6','.eJxVjMEOwiAQRP-Fs2mEAgve7I-QZVkCsaGJpSfjv9uaHvQ4b2beSwTcegnbys9Qk7gJLS6_LCI9uB0FzvOBByRattaH7-as1-G-J269Eva6tOl8_akKrmX3cJLKA0MGztJbNoqiRGSlstaonLWIjgxoMjEBEqRM4JxP4wh8TVa8P9sxPSA:1s0iUk:KUxU_qT4EEE1aBiHTXtuuGiqhSB_5spFVZzJTy9x_Fg','2024-05-11 13:53:38.424258');
INSERT INTO django_session VALUES('3tlo33312gs3a1h1nxd8t2yis3mc0v77','.eJxVjMEOwiAQRP-Fs2mEAgve7I-QZVkCsaGJpSfjv9uaHvQ4b2beSwTcegnbys9Qk7gJLS6_LCI9uB0FzvOBByRattaH7-as1-G-J269Eva6tOl8_akKrmX3cJLKA0MGztJbNoqiRGSlstaonLWIjgxoMjEBEqRM4JxP4wh8TVa8P9sxPSA:1s0tvH:mn2GGjtFWAe4AtL1JyT421F6Ft41Rf44yHEKnPZ3QKc','2024-05-12 02:05:47.444137');
INSERT INTO django_session VALUES('679ibxsc84zvpjwpsuh12dnh36vlozfi','.eJxVjMEOwiAQRP-Fs2mEAgve7I-QZVkCsaGJpSfjv9uaHvQ4b2beSwTcegnbys9Qk7gJLS6_LCI9uB0FzvOBByRattaH7-as1-G-J269Eva6tOl8_akKrmX3cJLKA0MGztJbNoqiRGSlstaonLWIjgxoMjEBEqRM4JxP4wh8TVa8P9sxPSA:1s0u6M:nKjCYo6SP_mc5jL__sASTiGlZn2IE9mhcoTqYVR_Fm8','2024-05-12 02:17:14.328795');
INSERT INTO django_session VALUES('v620b4xpimjdd315o1njlf686otwtcxc','.eJxVjMEOwiAQRP-Fs2mEAgve7I-QZVkCsaGJpSfjv9uaHvQ4b2beSwTcegnbys9Qk7gJLS6_LCI9uB0FzvOBByRattaH7-as1-G-J269Eva6tOl8_akKrmX3cJLKA0MGztJbNoqiRGSlstaonLWIjgxoMjEBEqRM4JxP4wh8TVa8P9sxPSA:1s0u7N:zVUnYr2BYpQ8KKisOdfmNIpAszE9UOzaSwGTwAGytRs','2024-05-12 02:18:17.348204');
INSERT INTO django_session VALUES('bf6kr5vgt4spmqgfw1wf9c6p8o1dzt3l','.eJxVjMEOwiAQRP-Fs2mEAgve7I-QZVkCsaGJpSfjv9uaHvQ4b2beSwTcegnbys9Qk7gJLS6_LCI9uB0FzvOBByRattaH7-as1-G-J269Eva6tOl8_akKrmX3cJLKA0MGztJbNoqiRGSlstaonLWIjgxoMjEBEqRM4JxP4wh8TVa8P9sxPSA:1s0urq:ThXVkyDxnNomuv8YEKFb0PB6M2aMICKeJCAGAumbiUk','2024-05-12 03:06:18.783121');
INSERT INTO django_session VALUES('bwwnm3kdkngws87q65baz2kynxtsehg7','.eJxVjMsOwiAURP-FtSGtvN3ZHyH3wiUQG5oIrIz_bmu60OWcmTkv5mH07Eejpy-R3Zhil1-GEB5UjwLW9cAcQthG7fy7OevG73ui2kuAXra6nK8_VYaWd49B1AYkIUojpDNCOELtLE4xJpRap0koilcpLSnEeUYVBWlMyYGwCdj7A8sjPRg:1s13JJ:zTgn3UUUrI9JkLyJX0Yn14vCnkYeYOO72C0vUqGBN9s','2024-05-12 12:07:13.067125');
INSERT INTO django_session VALUES('7zdb3pm8fv64ivkbywld55946zv7a2u0','.eJxVjMsOwiAURP-FtSGtvN3ZHyH3wiUQG5oIrIz_bmu60OWcmTkv5mH07Eejpy-R3Zhil1-GEB5UjwLW9cAcQthG7fy7OevG73ui2kuAXra6nK8_VYaWd49B1AYkIUojpDNCOELtLE4xJpRap0koilcpLSnEeUYVBWlMyYGwCdj7A8sjPRg:1s13JZ:xtoyycM5etwAH3A3rHgYXqFYKMX1Cih2rj8NgSHOU98','2024-05-12 12:07:29.586271');
INSERT INTO django_session VALUES('ktlu4pon7aed3d3fo8k3o31iswvmj9r3','e30:1s13QY:8SkacVUGaqL_PTnMD1ruzRlphmxXZXQT2Sb0R-NvfPs','2024-05-12 12:14:42.684295');
INSERT INTO django_session VALUES('4in5snmxnd22kv78olye23ukxerw15cn','e30:1s13Qu:WJYWTVXHGfe92G_OXdZMotOR0Wl2hNiw8xC2IBdt2DI','2024-05-12 12:15:04.941534');
INSERT INTO django_session VALUES('9d3oc7hzv59zf70h17uabm6tizhjd8zj','e30:1s13RZ:NkmJChXt05AtzvKmcih55iQJZ_PyxKltxBJFTsNT6MI','2024-05-12 12:15:45.987228');
INSERT INTO django_session VALUES('dallvf5km46xtv3er80vfn9egtrfih2m','e30:1s13ST:p3OK55p2dunuNjUqNMoqL_ja6Y54am02iCUVfN4iyj4','2024-05-12 12:16:41.360111');
INSERT INTO django_session VALUES('490apcggim7i75d791u3wso1p67vdweh','e30:1s13Sf:zqBZkAPSIU0qzE7gzPYzFDzcXhciklZijNmS97oRqP0','2024-05-12 12:16:53.575787');
INSERT INTO django_session VALUES('2nqgtypfn3ult9otth8xw8zkpaneple9','e30:1s13U7:XAIoChdB9m8G2a3ubEm6bMwOeQ5G2KdypTrSIrNU7SU','2024-05-12 12:18:23.304344');
INSERT INTO django_session VALUES('yypjti6oe7dsamxeivz206l5ytffl2rv','e30:1s13VD:EdJHBLnh1A7cF-loRDa9tUbiMvYs8E7xyP4jFH6l828','2024-05-12 12:19:31.969747');
INSERT INTO django_session VALUES('hl4v7x3hyel4br5rsjhgmsw69tt4yuyv','e30:1s13Vt:_QPspyYwfkIDJ1Tdii6qCx78z81Xy34j61SsivblP6A','2024-05-12 12:20:13.871717');
INSERT INTO django_session VALUES('dqyzsqz3mmvc7m2dn9cavmaeodq0s7pi','e30:1s142f:K5eaCNaWPR-NGE86gHQEPiu0HQk2OnMhkstpZbP66jU','2024-05-12 12:54:05.913272');
INSERT INTO django_session VALUES('gbvmfikhac6mccqd4ivw6vy0lwqcu8m3','.eJxVjMsOwiAURP-FtSGtvN3ZHyH3wiUQG5oIrIz_bmu60OWcmTkv5mH07Eejpy-R3Zhil1-GEB5UjwLW9cAcQthG7fy7OevG73ui2kuAXra6nK8_VYaWd49B1AYkIUojpDNCOELtLE4xJpRap0koilcpLSnEeUYVBWlMyYGwCdj7A8sjPRg:1s16nW:m5Y0HF-pPLediDXiQk9kPxR7-q2zJGxlD0TxpYGURFw','2024-05-12 15:50:38.041853');
INSERT INTO django_session VALUES('s3andtz9w8vrbpglyg12eb0fdrq15j0w','.eJxVjMsOwiAURP-FtSGtvN3ZHyH3wiUQG5oIrIz_bmu60OWcmTkv5mH07Eejpy-R3Zhil1-GEB5UjwLW9cAcQthG7fy7OevG73ui2kuAXra6nK8_VYaWd49B1AYkIUojpDNCOELtLE4xJpRap0koilcpLSnEeUYVBWlMyYGwCdj7A8sjPRg:1s16c7:2ocs3RS252qDZU8muMrrJfZpkB98YuP10JOYKzk34N4','2024-05-12 15:38:51.966801');
INSERT INTO django_session VALUES('yrdt6d6230i5eaxppjzvt3nojlahjumf','.eJxVjMsOwiAURP-FtSGtvN3ZHyH3wiUQG5oIrIz_bmu60OWcmTkv5mH07Eejpy-R3Zhil1-GEB5UjwLW9cAcQthG7fy7OevG73ui2kuAXra6nK8_VYaWd49B1AYkIUojpDNCOELtLE4xJpRap0koilcpLSnEeUYVBWlMyYGwCdj7A8sjPRg:1s16i9:5jruN3h137QUm1kdnvn22ia1xboYeqnXlZkaBpltk1c','2024-05-12 15:45:05.973184');
INSERT INTO django_session VALUES('vamc4w7nwdf0mcchodutgdd6bh5qxif6','.eJxVjMsOwiAURP-FtSGtvN3ZHyH3wiUQG5oIrIz_bmu60OWcmTkv5mH07Eejpy-R3Zhil1-GEB5UjwLW9cAcQthG7fy7OevG73ui2kuAXra6nK8_VYaWd49B1AYkIUojpDNCOELtLE4xJpRap0koilcpLSnEeUYVBWlMyYGwCdj7A8sjPRg:1s171w:TAIh8IensG1e-cBrpWvmJImzmj7rSgJ1Vkb9z4gYbVY','2024-05-12 16:05:32.018157');
INSERT INTO django_session VALUES('hvod9gtbtzghd8mv04qkku5cstzgj8x8','.eJxVjMsOwiAURP-FtSGtvN3ZHyH3wiUQG5oIrIz_bmu60OWcmTkv5mH07Eejpy-R3Zhil1-GEB5UjwLW9cAcQthG7fy7OevG73ui2kuAXra6nK8_VYaWd49B1AYkIUojpDNCOELtLE4xJpRap0koilcpLSnEeUYVBWlMyYGwCdj7A8sjPRg:1s171x:CtRPA-6qjCOV2XcZp6U4jll9vv0JcUBmzH-W_6gBnSY','2024-05-12 16:05:33.810922');
INSERT INTO django_session VALUES('a7rgcybu893fwxisq9z8bprbwvha7kfr','.eJxVjMsOwiAURP-FtSGtvN3ZHyH3wiUQG5oIrIz_bmu60OWcmTkv5mH07Eejpy-R3Zhil1-GEB5UjwLW9cAcQthG7fy7OevG73ui2kuAXra6nK8_VYaWd49B1AYkIUojpDNCOELtLE4xJpRap0koilcpLSnEeUYVBWlMyYGwCdj7A8sjPRg:1s1KNt:i1BbwS03UbtIOsBtTKppk8Z-M6sV4ozPHKfqQYoz_Ms','2024-05-13 06:21:05.333451');
INSERT INTO django_session VALUES('wddwkzd8lk8fvkug2tmnlc788j6xcyaq','.eJxVjMsOwiAURP-FtSGtvN3ZHyH3wiUQG5oIrIz_bmu60OWcmTkv5mH07Eejpy-R3Zhil1-GEB5UjwLW9cAcQthG7fy7OevG73ui2kuAXra6nK8_VYaWd49B1AYkIUojpDNCOELtLE4xJpRap0koilcpLSnEeUYVBWlMyYGwCdj7A8sjPRg:1s1KV6:1WO3EnS3qVQQK7BWbUKzE_YfTCpBnkHGVjq3387_4ec','2024-05-13 06:28:32.116088');
INSERT INTO django_session VALUES('8hd0vb3ppzdkirclrdwq1lgp5dl1zgmb','.eJxVjMsOwiAURP-FtSGtvN3ZHyH3wiUQG5oIrIz_bmu60OWcmTkv5mH07Eejpy-R3Zhil1-GEB5UjwLW9cAcQthG7fy7OevG73ui2kuAXra6nK8_VYaWd49B1AYkIUojpDNCOELtLE4xJpRap0koilcpLSnEeUYVBWlMyYGwCdj7A8sjPRg:1s1KVt:d0Wh8xqxC4mAdW2-W_dlpWnmgKr8Tedg1wvGVf-59GU','2024-05-13 06:29:21.121521');
INSERT INTO django_session VALUES('rjmxact0ftrgnuxzgpxyrm7kb9jat9my','.eJxVjMsOwiAURP-FtSGtvN3ZHyH3wiUQG5oIrIz_bmu60OWcmTkv5mH07Eejpy-R3Zhil1-GEB5UjwLW9cAcQthG7fy7OevG73ui2kuAXra6nK8_VYaWd49B1AYkIUojpDNCOELtLE4xJpRap0koilcpLSnEeUYVBWlMyYGwCdj7A8sjPRg:1s1KVw:7iT5AstGWgdSnoxUDPzgWKPoUy8iDsRmn29YrhDKeis','2024-05-13 06:29:24.657230');
INSERT INTO django_session VALUES('j7ygdmyiizx4fdkck98gul36noev24up','.eJxVjMsOwiAURP-FtSGtvN3ZHyH3wiUQG5oIrIz_bmu60OWcmTkv5mH07Eejpy-R3Zhil1-GEB5UjwLW9cAcQthG7fy7OevG73ui2kuAXra6nK8_VYaWd49B1AYkIUojpDNCOELtLE4xJpRap0koilcpLSnEeUYVBWlMyYGwCdj7A8sjPRg:1s1Kr3:60Dws8OSkDS6Hpa8gmsFyZB_75mo9j1jxcCAU_B122Q','2024-05-13 06:51:13.523951');
INSERT INTO django_session VALUES('myuvpztvgr3cq7nn5amsdv2ek02z8vif','.eJxVjMsOwiAURP-FtSGtvN3ZHyH3wiUQG5oIrIz_bmu60OWcmTkv5mH07Eejpy-R3Zhil1-GEB5UjwLW9cAcQthG7fy7OevG73ui2kuAXra6nK8_VYaWd49B1AYkIUojpDNCOELtLE4xJpRap0koilcpLSnEeUYVBWlMyYGwCdj7A8sjPRg:1s1MKC:jN_hlG36YlXm2JSEz-qoA9aQklKMufOcM7UX4LyCTB0','2024-05-13 08:25:24.407515');
INSERT INTO django_session VALUES('0xbxzmr7zzk9r9jeu0v4caa3z7y6dqdq','.eJxVjMsOwiAURP-FtSGtvN3ZHyH3wiUQG5oIrIz_bmu60OWcmTkv5mH07Eejpy-R3Zhil1-GEB5UjwLW9cAcQthG7fy7OevG73ui2kuAXra6nK8_VYaWd49B1AYkIUojpDNCOELtLE4xJpRap0koilcpLSnEeUYVBWlMyYGwCdj7A8sjPRg:1s1NHe:_rj5fYClJl14wSStoUQ1AfHbHYSjLNPY-bhmfy99QmI','2024-05-13 09:26:50.932693');
INSERT INTO django_session VALUES('nxf054o4szl7xka6v17y6pgj009phzzw','.eJxVjMsOwiAURP-FtSGtvN3ZHyH3wiUQG5oIrIz_bmu60OWcmTkv5mH07Eejpy-R3Zhil1-GEB5UjwLW9cAcQthG7fy7OevG73ui2kuAXra6nK8_VYaWd49B1AYkIUojpDNCOELtLE4xJpRap0koilcpLSnEeUYVBWlMyYGwCdj7A8sjPRg:1s1NWM:gjwzsO3uVyjkBJR3bTh8LpkjhNJ30R5rS2vBZW9p5oo','2024-05-13 09:42:02.786060');
INSERT INTO django_session VALUES('epnj91uzp4drlbfck3sfyh7ohb5sff0f','.eJxVjMsOwiAURP-FtSGtvN3ZHyH3wiUQG5oIrIz_bmu60OWcmTkv5mH07Eejpy-R3Zhil1-GEB5UjwLW9cAcQthG7fy7OevG73ui2kuAXra6nK8_VYaWd49B1AYkIUojpDNCOELtLE4xJpRap0koilcpLSnEeUYVBWlMyYGwCdj7A8sjPRg:1s1Nnk:hfGOVjEzc8gjQZc02UYXYXtrith46y749Urk1DQzZAU','2024-05-13 10:00:00.679911');
INSERT INTO django_session VALUES('ehr3wjz9tv6vnuauu2w8i8stso3raxgy','.eJxVjMsOwiAURP-FtSGtvN3ZHyH3wiUQG5oIrIz_bmu60OWcmTkv5mH07Eejpy-R3Zhil1-GEB5UjwLW9cAcQthG7fy7OevG73ui2kuAXra6nK8_VYaWd49B1AYkIUojpDNCOELtLE4xJpRap0koilcpLSnEeUYVBWlMyYGwCdj7A8sjPRg:1s1O3Q:YpEH0SNUiKsR4RtJxI6IU-R7ZiBipI1b5XePYvGFK_M','2024-05-13 10:16:12.808867');
INSERT INTO django_session VALUES('4jur8faw08ma8i3oyd7pybhiqnq2d3rf','.eJxVjMsOwiAURP-FtSGtvN3ZHyH3wiUQG5oIrIz_bmu60OWcmTkv5mH07Eejpy-R3Zhil1-GEB5UjwLW9cAcQthG7fy7OevG73ui2kuAXra6nK8_VYaWd49B1AYkIUojpDNCOELtLE4xJpRap0koilcpLSnEeUYVBWlMyYGwCdj7A8sjPRg:1s1OSB:S-ee7kDHjq6ZQRMlYteGAsIeJuSBv_KW4wC2lN3E4aE','2024-05-13 10:41:47.591058');
INSERT INTO django_session VALUES('o0ywys5jbygwzoasodtte37e3nivnhq7','.eJxVjMsOwiAURP-FtSGtvN3ZHyH3wiUQG5oIrIz_bmu60OWcmTkv5mH07Eejpy-R3Zhil1-GEB5UjwLW9cAcQthG7fy7OevG73ui2kuAXra6nK8_VYaWd49B1AYkIUojpDNCOELtLE4xJpRap0koilcpLSnEeUYVBWlMyYGwCdj7A8sjPRg:1s1PTU:i02Y61j4phMFm0ssg52Eg2dp_-dAYMlrJvfepZU53XQ','2024-05-13 11:47:12.468527');
INSERT INTO django_session VALUES('jtdm1rse95fasduuvam0vxrce990tyuj','.eJxVjMsOwiAURP-FtSGtvN3ZHyH3wiUQG5oIrIz_bmu60OWcmTkv5mH07Eejpy-R3Zhil1-GEB5UjwLW9cAcQthG7fy7OevG73ui2kuAXra6nK8_VYaWd49B1AYkIUojpDNCOELtLE4xJpRap0koilcpLSnEeUYVBWlMyYGwCdj7A8sjPRg:1s1PYT:5RamY_4OS4a0BUHvV6YU0s_8pM58HZpUJfenBiCMAHo','2024-05-13 11:52:21.493900');
INSERT INTO django_session VALUES('vnjfau5esnkfdkp6uf5u7unmhqanxhzp','.eJxVjMsOwiAURP-FtSGtvN3ZHyH3wiUQG5oIrIz_bmu60OWcmTkv5mH07Eejpy-R3Zhil1-GEB5UjwLW9cAcQthG7fy7OevG73ui2kuAXra6nK8_VYaWd49B1AYkIUojpDNCOELtLE4xJpRap0koilcpLSnEeUYVBWlMyYGwCdj7A8sjPRg:1s1Q2q:ym1BLSgArXrYe8lK1M7k_im6Yy-DwslB-jfUn2ekSUA','2024-05-13 12:23:44.471555');
INSERT INTO django_session VALUES('rez2hmgfi0bqgwbkvnm8q6usjqdlmxsg','.eJxVjMsOwiAURP-FtSGtvN3ZHyH3wiUQG5oIrIz_bmu60OWcmTkv5mH07Eejpy-R3Zhil1-GEB5UjwLW9cAcQthG7fy7OevG73ui2kuAXra6nK8_VYaWd49B1AYkIUojpDNCOELtLE4xJpRap0koilcpLSnEeUYVBWlMyYGwCdj7A8sjPRg:1s1RWM:dhZG7EpYQAdrd0DCYewzp2ySWn9WpQVTaIg6LQ3jtXo','2024-05-13 13:58:18.010761');
INSERT INTO django_session VALUES('mdxqg767r525kschtn4izwlr1df5mdvs','.eJxVjMsOwiAURP-FtSGtvN3ZHyH3wiUQG5oIrIz_bmu60OWcmTkv5mH07Eejpy-R3Zhil1-GEB5UjwLW9cAcQthG7fy7OevG73ui2kuAXra6nK8_VYaWd49B1AYkIUojpDNCOELtLE4xJpRap0koilcpLSnEeUYVBWlMyYGwCdj7A8sjPRg:1s1Rpr:6hccLBlQxuNqwUYSbe0KUgcig2xwEXE493XIKOplIL0','2024-05-13 14:18:27.488096');
INSERT INTO django_session VALUES('lihd25ir56qxjnwzxkzu52f2ksqp85v2','.eJxVjMsOwiAURP-FtSGtvN3ZHyH3wiUQG5oIrIz_bmu60OWcmTkv5mH07Eejpy-R3Zhil1-GEB5UjwLW9cAcQthG7fy7OevG73ui2kuAXra6nK8_VYaWd49B1AYkIUojpDNCOELtLE4xJpRap0koilcpLSnEeUYVBWlMyYGwCdj7A8sjPRg:1s1SLN:SPO1wwswSWHA6ebpezOPspj0VyGIWqQXZS8g2dHN4-U','2024-05-13 14:51:01.353407');
INSERT INTO django_session VALUES('y5aur0f5gqi7u2mswr4wfuten4847vzw','.eJxVjMsOwiAURP-FtSGtvN3ZHyH3wiUQG5oIrIz_bmu60OWcmTkv5mH07Eejpy-R3Zhil1-GEB5UjwLW9cAcQthG7fy7OevG73ui2kuAXra6nK8_VYaWd49B1AYkIUojpDNCOELtLE4xJpRap0koilcpLSnEeUYVBWlMyYGwCdj7A8sjPRg:1s1SVW:AC9qjlSGqH17oPija8AZqiYQmV8bv4UoVZ6zFgrhcks','2024-05-13 15:01:30.065512');
INSERT INTO django_session VALUES('yw5opdnms3390h7fpdkqy886ojwseu51','.eJxVjMsOwiAURP-FtSGtvN3ZHyH3wiUQG5oIrIz_bmu60OWcmTkv5mH07Eejpy-R3Zhil1-GEB5UjwLW9cAcQthG7fy7OevG73ui2kuAXra6nK8_VYaWd49B1AYkIUojpDNCOELtLE4xJpRap0koilcpLSnEeUYVBWlMyYGwCdj7A8sjPRg:1s1ShT:B44h_FqQi52_aNbpOjfDcL2BpYmjJ_v_c1JM7Fq0104','2024-05-13 15:13:51.791229');
INSERT INTO django_session VALUES('e3ojjfvznfgoany16c0oeextlxahys3n','.eJxVjMsOwiAURP-FtSGtvN3ZHyH3wiUQG5oIrIz_bmu60OWcmTkv5mH07Eejpy-R3Zhil1-GEB5UjwLW9cAcQthG7fy7OevG73ui2kuAXra6nK8_VYaWd49B1AYkIUojpDNCOELtLE4xJpRap0koilcpLSnEeUYVBWlMyYGwCdj7A8sjPRg:1s1SoO:tToDJNo0NQAo1mDU3Z_ilUfAwkqZHy52lWTtnrwfP3A','2024-05-13 15:21:00.883742');
INSERT INTO django_session VALUES('ucjtsylx394c78spfc32xn0fsabccemz','.eJxVjMsOwiAURP-FtSGtvN3ZHyH3wiUQG5oIrIz_bmu60OWcmTkv5mH07Eejpy-R3Zhil1-GEB5UjwLW9cAcQthG7fy7OevG73ui2kuAXra6nK8_VYaWd49B1AYkIUojpDNCOELtLE4xJpRap0koilcpLSnEeUYVBWlMyYGwCdj7A8sjPRg:1s1SpX:jOW2iicbDqLwAg2UsLORXyhtf_XM1QOlrgmzKbRjL80','2024-05-13 15:22:11.254043');
INSERT INTO django_session VALUES('uj79m8kpb24b03gt8f4k4k0f8hyrn8l2','.eJxVjMsOwiAURP-FtSGtvN3ZHyH3wiUQG5oIrIz_bmu60OWcmTkv5mH07Eejpy-R3Zhil1-GEB5UjwLW9cAcQthG7fy7OevG73ui2kuAXra6nK8_VYaWd49B1AYkIUojpDNCOELtLE4xJpRap0koilcpLSnEeUYVBWlMyYGwCdj7A8sjPRg:1s1TBE:ZeyVT9pEKxPKL9FbHXQhPROc2qFedhlAlwwhg4-DJQo','2024-05-13 15:44:36.311099');
INSERT INTO django_session VALUES('fccw0gbyw472qnfiyw83z9u7phl3j1fo','.eJxVjMsOwiAURP-FtSGtvN3ZHyH3wiUQG5oIrIz_bmu60OWcmTkv5mH07Eejpy-R3Zhil1-GEB5UjwLW9cAcQthG7fy7OevG73ui2kuAXra6nK8_VYaWd49B1AYkIUojpDNCOELtLE4xJpRap0koilcpLSnEeUYVBWlMyYGwCdj7A8sjPRg:1s1TKF:QwUkIM7VbGo58Tph5KNlj10kjc_QtK4FDK9LsK4unY8','2024-05-13 15:53:55.166154');
INSERT INTO django_session VALUES('dvmdra68wi4janxprswamk18p0zrmesv','.eJxVjMsOwiAURP-FtSGtvN3ZHyH3wiUQG5oIrIz_bmu60OWcmTkv5mH07Eejpy-R3Zhil1-GEB5UjwLW9cAcQthG7fy7OevG73ui2kuAXra6nK8_VYaWd49B1AYkIUojpDNCOELtLE4xJpRap0koilcpLSnEeUYVBWlMyYGwCdj7A8sjPRg:1s1TiX:GHl98g86SH3Ate0E_uXtclzMntLwHKTEe0EVV_YPA8c','2024-05-13 16:19:01.981430');
INSERT INTO django_session VALUES('pi51zkqp5xe8cmzy3eod1fxlj3toabwz','.eJxVjMsOwiAURP-FtSGtvN3ZHyH3wiUQG5oIrIz_bmu60OWcmTkv5mH07Eejpy-R3Zhil1-GEB5UjwLW9cAcQthG7fy7OevG73ui2kuAXra6nK8_VYaWd49B1AYkIUojpDNCOELtLE4xJpRap0koilcpLSnEeUYVBWlMyYGwCdj7A8sjPRg:1s1UIl:JTXLuEiRIK91NGUe5FrkM_Bw3EYIE5ON5ruGDpXQQb4','2024-05-13 16:56:27.028683');
INSERT INTO django_session VALUES('i2ey8uri8rev4dyobo6a1m763jv4sgcn','.eJxVjMsOwiAURP-FtSGtvN3ZHyH3wiUQG5oIrIz_bmu60OWcmTkv5mH07Eejpy-R3Zhil1-GEB5UjwLW9cAcQthG7fy7OevG73ui2kuAXra6nK8_VYaWd49B1AYkIUojpDNCOELtLE4xJpRap0koilcpLSnEeUYVBWlMyYGwCdj7A8sjPRg:1s1UXL:6cD7aRd027GAduX-dgPl3woDORo0ioHglnHWzyaeDAY','2024-05-13 17:11:31.598475');
INSERT INTO django_session VALUES('1xdxea1mpob7o6z344wyzqsaufhfvewf','.eJxVjMsOwiAURP-FtSGtvN3ZHyH3wiUQG5oIrIz_bmu60OWcmTkv5mH07Eejpy-R3Zhil1-GEB5UjwLW9cAcQthG7fy7OevG73ui2kuAXra6nK8_VYaWd49B1AYkIUojpDNCOELtLE4xJpRap0koilcpLSnEeUYVBWlMyYGwCdj7A8sjPRg:1s1UhG:3KvifndWn1T9pfys37W707jvvzS24sjBUVqHw1wnlmA','2024-05-13 17:21:46.391712');
INSERT INTO django_session VALUES('hv7snzp6pu6gkyy25rbudzmfaxuqafir','.eJxVjMsOwiAURP-FtSGtvN3ZHyH3wiUQG5oIrIz_bmu60OWcmTkv5mH07Eejpy-R3Zhil1-GEB5UjwLW9cAcQthG7fy7OevG73ui2kuAXra6nK8_VYaWd49B1AYkIUojpDNCOELtLE4xJpRap0koilcpLSnEeUYVBWlMyYGwCdj7A8sjPRg:1s1Ujz:HGTMGr_E7KGBH5mYfATLXHWCvnMF_mrPmBXcVNjLAhg','2024-05-13 17:24:35.362765');
INSERT INTO django_session VALUES('nle43g5vx681zzdwhkz1y428azjt1w95','.eJxVjMsOwiAURP-FtSGtvN3ZHyH3wiUQG5oIrIz_bmu60OWcmTkv5mH07Eejpy-R3Zhil1-GEB5UjwLW9cAcQthG7fy7OevG73ui2kuAXra6nK8_VYaWd49B1AYkIUojpDNCOELtLE4xJpRap0koilcpLSnEeUYVBWlMyYGwCdj7A8sjPRg:1s1eyx:suMq45T9D1iD7CfP1XI009gCY9U-Ypc7k8ziQ9-dh24','2024-05-14 04:20:43.333449');
INSERT INTO django_session VALUES('f4pibqwaoznoqapgwv064o50ylll4gzj','.eJxVjMsOwiAURP-FtSGtvN3ZHyH3wiUQG5oIrIz_bmu60OWcmTkv5mH07Eejpy-R3Zhil1-GEB5UjwLW9cAcQthG7fy7OevG73ui2kuAXra6nK8_VYaWd49B1AYkIUojpDNCOELtLE4xJpRap0koilcpLSnEeUYVBWlMyYGwCdj7A8sjPRg:1s1gq3:a3ff2LO12fRNTRh2tMeaSvO3yhpkxDGWusNqNgvftXY','2024-05-14 06:19:39.470595');
INSERT INTO django_session VALUES('auktl68ocz5zdp4rmxpdjzadcjv80pm5','.eJxVjMsOwiAURP-FtSGtvN3ZHyH3wiUQG5oIrIz_bmu60OWcmTkv5mH07Eejpy-R3Zhil1-GEB5UjwLW9cAcQthG7fy7OevG73ui2kuAXra6nK8_VYaWd49B1AYkIUojpDNCOELtLE4xJpRap0koilcpLSnEeUYVBWlMyYGwCdj7A8sjPRg:1s1mLB:e7kstRHxeheB9PTJfAtU_EAsqgwFbnvox50CkFzHS8E','2024-05-14 12:12:09.798935');
INSERT INTO django_session VALUES('e2p0t705jx33ygtlpjakxjkfxmfo8otq','.eJxVjMsOwiAURP-FtSGtvN3ZHyH3wiUQG5oIrIz_bmu60OWcmTkv5mH07Eejpy-R3Zhil1-GEB5UjwLW9cAcQthG7fy7OevG73ui2kuAXra6nK8_VYaWd49B1AYkIUojpDNCOELtLE4xJpRap0koilcpLSnEeUYVBWlMyYGwCdj7A8sjPRg:1s1nHH:e_cna04QwtMOH1LosAbR1AIpCK-e8oQDlsbJPEguARU','2024-05-14 13:12:11.061178');
INSERT INTO django_session VALUES('l3dhon43yqiswj62lyvphww6afz9czi2','.eJxVjMsOwiAURP-FtSGtvN3ZHyH3wiUQG5oIrIz_bmu60OWcmTkv5mH07Eejpy-R3Zhil1-GEB5UjwLW9cAcQthG7fy7OevG73ui2kuAXra6nK8_VYaWd49B1AYkIUojpDNCOELtLE4xJpRap0koilcpLSnEeUYVBWlMyYGwCdj7A8sjPRg:1s1oDy:QXiUdlVDZ3lG05UyELQSJo-2nQFE5Dsk2DUCd_RemEc','2024-05-14 14:12:50.411611');
INSERT INTO django_session VALUES('uq839fi9vqz53e3g4uy6ypg50zrcgh5c','.eJxVjMsOwiAURP-FtSGtvN3ZHyH3wiUQG5oIrIz_bmu60OWcmTkv5mH07Eejpy-R3Zhil1-GEB5UjwLW9cAcQthG7fy7OevG73ui2kuAXra6nK8_VYaWd49B1AYkIUojpDNCOELtLE4xJpRap0koilcpLSnEeUYVBWlMyYGwCdj7A8sjPRg:1s1ofX:0VsCSx267ii8v5q05F8kit0TLWiTqNX8Urfajpkoxtc','2024-05-14 14:41:19.179450');
INSERT INTO django_session VALUES('ougcvu2kmncews7pkrmtf1akewgmcto8','.eJxVjMsOwiAURP-FtSGtvN3ZHyH3wiUQG5oIrIz_bmu60OWcmTkv5mH07Eejpy-R3Zhil1-GEB5UjwLW9cAcQthG7fy7OevG73ui2kuAXra6nK8_VYaWd49B1AYkIUojpDNCOELtLE4xJpRap0koilcpLSnEeUYVBWlMyYGwCdj7A8sjPRg:1s1ohq:BipTqUGRtcfTg0YFdQEQAhTeY07UOxK09MbmAVEr3G0','2024-05-14 14:43:42.053583');
INSERT INTO django_session VALUES('9182uvrch3shs1x8i5trrycb726soghy','.eJxVjMsOwiAURP-FtSGtvN3ZHyH3wiUQG5oIrIz_bmu60OWcmTkv5mH07Eejpy-R3Zhil1-GEB5UjwLW9cAcQthG7fy7OevG73ui2kuAXra6nK8_VYaWd49B1AYkIUojpDNCOELtLE4xJpRap0koilcpLSnEeUYVBWlMyYGwCdj7A8sjPRg:1s1p2h:EHTNUNkRG69aXFl7r7kuCng8VCOrKzFNYKVqciE_W_c','2024-05-14 15:05:15.603938');
INSERT INTO django_session VALUES('objhbh496xjghi6kgandifnnlv2kekit','.eJxVjMsOwiAURP-FtSGtvN3ZHyH3wiUQG5oIrIz_bmu60OWcmTkv5mH07Eejpy-R3Zhil1-GEB5UjwLW9cAcQthG7fy7OevG73ui2kuAXra6nK8_VYaWd49B1AYkIUojpDNCOELtLE4xJpRap0koilcpLSnEeUYVBWlMyYGwCdj7A8sjPRg:1s1zdG:n0UWbwSDNmZIVUeDEzhHmIsYneAco1BLlZIyqtrF7I8','2024-05-15 02:23:42.819101');
INSERT INTO django_session VALUES('3y06s76pdp79l9b0o3a5puaalksqaslg','.eJxVjMsOwiAURP-FtSGtvN3ZHyH3wiUQG5oIrIz_bmu60OWcmTkv5mH07Eejpy-R3Zhil1-GEB5UjwLW9cAcQthG7fy7OevG73ui2kuAXra6nK8_VYaWd49B1AYkIUojpDNCOELtLE4xJpRap0koilcpLSnEeUYVBWlMyYGwCdj7A8sjPRg:1s21AY:V1jbaDcsfo5e-ixR2-rp5ek4BxUz8DaCN-pUqOwKTZY','2024-05-15 04:02:10.812968');
INSERT INTO django_session VALUES('deyuk5g59nnlwqbd9cy2fvftg6jp6gus','.eJxVjMsOwiAURP-FtSGtvN3ZHyH3wiUQG5oIrIz_bmu60OWcmTkv5mH07Eejpy-R3Zhil1-GEB5UjwLW9cAcQthG7fy7OevG73ui2kuAXra6nK8_VYaWd49B1AYkIUojpDNCOELtLE4xJpRap0koilcpLSnEeUYVBWlMyYGwCdj7A8sjPRg:1s21P9:tu2eBlj3Kfpev8zUBYqQ6_qDPAljz6PRS9OeEKppA98','2024-05-15 04:17:15.657264');
INSERT INTO django_session VALUES('2jpg8hok1tkglw995z7ororo6mvo3hsu','.eJxVjMsOwiAURP-FtSGtvN3ZHyH3wiUQG5oIrIz_bmu60OWcmTkv5mH07Eejpy-R3Zhil1-GEB5UjwLW9cAcQthG7fy7OevG73ui2kuAXra6nK8_VYaWd49B1AYkIUojpDNCOELtLE4xJpRap0koilcpLSnEeUYVBWlMyYGwCdj7A8sjPRg:1s21Uz:mh7NbNXyqJMkSIOkcDy5BUO84Vzio3fK6jOoxzDcLlg','2024-05-15 04:23:17.350214');
INSERT INTO django_session VALUES('kkr3s98mb8vudvmq6jje0bgz5glu8w7g','.eJxVjMsOwiAURP-FtSGtvN3ZHyH3wiUQG5oIrIz_bmu60OWcmTkv5mH07Eejpy-R3Zhil1-GEB5UjwLW9cAcQthG7fy7OevG73ui2kuAXra6nK8_VYaWd49B1AYkIUojpDNCOELtLE4xJpRap0koilcpLSnEeUYVBWlMyYGwCdj7A8sjPRg:1s23OE:k63VnxMMuVzCNfKzgWQh0nmk7tdz8zroA2J7AhhSZS0','2024-05-15 06:24:26.792287');
INSERT INTO django_session VALUES('4hiq8yn92h4s9xvwyiphbyg93fl8yofn','.eJxVjMsOwiAURP-FtSGtvN3ZHyH3wiUQG5oIrIz_bmu60OWcmTkv5mH07Eejpy-R3Zhil1-GEB5UjwLW9cAcQthG7fy7OevG73ui2kuAXra6nK8_VYaWd49B1AYkIUojpDNCOELtLE4xJpRap0koilcpLSnEeUYVBWlMyYGwCdj7A8sjPRg:1s23t4:b4KNIe9nzvKnHPFFeBQ9DbtfDISyiqCFrkwwqv45EDY','2024-05-15 06:56:18.964964');
INSERT INTO django_session VALUES('zzifm80rctd8xqk805akrjfwt7od0gc2','.eJxVjMsOwiAURP-FtSGtvN3ZHyH3wiUQG5oIrIz_bmu60OWcmTkv5mH07Eejpy-R3Zhil1-GEB5UjwLW9cAcQthG7fy7OevG73ui2kuAXra6nK8_VYaWd49B1AYkIUojpDNCOELtLE4xJpRap0koilcpLSnEeUYVBWlMyYGwCdj7A8sjPRg:1s24uq:Hqm0P6hbbgO-wDAy_Ws8Wr-nUiFgSkgEcFxa5CTAKUs','2024-05-15 08:02:12.069333');
INSERT INTO django_session VALUES('925tsejby0g6ngrwvsd02pl2n371aqfp','.eJxVjMsOwiAURP-FtSGtvN3ZHyH3wiUQG5oIrIz_bmu60OWcmTkv5mH07Eejpy-R3Zhil1-GEB5UjwLW9cAcQthG7fy7OevG73ui2kuAXra6nK8_VYaWd49B1AYkIUojpDNCOELtLE4xJpRap0koilcpLSnEeUYVBWlMyYGwCdj7A8sjPRg:1s2546:1CeHwPDvN4BECBI_sBhzjCLu20Q7j11FBgvkAMbTPI8','2024-05-15 08:11:46.672540');
INSERT INTO django_session VALUES('1gcswpsipsdtlfchxz6pe0rrgrvzvxsx','.eJxVjMsOwiAURP-FtSGtvN3ZHyH3wiUQG5oIrIz_bmu60OWcmTkv5mH07Eejpy-R3Zhil1-GEB5UjwLW9cAcQthG7fy7OevG73ui2kuAXra6nK8_VYaWd49B1AYkIUojpDNCOELtLE4xJpRap0koilcpLSnEeUYVBWlMyYGwCdj7A8sjPRg:1s25H5:8Pa9Hs_9L3peHV0OJU8EP2R3a3vV1T-tLHv3eejwevU','2024-05-15 08:25:11.637458');
INSERT INTO django_session VALUES('xwxqh4iubm20v6jomqr9t6im3y22juf9','.eJxVjMsOwiAURP-FtSGtvN3ZHyH3wiUQG5oIrIz_bmu60OWcmTkv5mH07Eejpy-R3Zhil1-GEB5UjwLW9cAcQthG7fy7OevG73ui2kuAXra6nK8_VYaWd49B1AYkIUojpDNCOELtLE4xJpRap0koilcpLSnEeUYVBWlMyYGwCdj7A8sjPRg:1s25Ku:2skvAdkUyJYNXVtcSHr1M9f6B5Ql7ht8uzLnjNkR0KU','2024-05-15 08:29:08.124037');
INSERT INTO django_session VALUES('gqeluqrr1ze483e0tlrj2xeze1wbayng','.eJxVjMsOwiAURP-FtSGtvN3ZHyH3wiUQG5oIrIz_bmu60OWcmTkv5mH07Eejpy-R3Zhil1-GEB5UjwLW9cAcQthG7fy7OevG73ui2kuAXra6nK8_VYaWd49B1AYkIUojpDNCOELtLE4xJpRap0koilcpLSnEeUYVBWlMyYGwCdj7A8sjPRg:1s25Y0:Px2XD5fagSo-VMIZ27OPy0jW4SiCY2gDdYPz8-Obfmc','2024-05-15 08:42:40.208727');
INSERT INTO django_session VALUES('jij8c42c5olp0mtrnfm6w3heipyrtf0b','.eJxVjMsOwiAURP-FtSGtvN3ZHyH3wiUQG5oIrIz_bmu60OWcmTkv5mH07Eejpy-R3Zhil1-GEB5UjwLW9cAcQthG7fy7OevG73ui2kuAXra6nK8_VYaWd49B1AYkIUojpDNCOELtLE4xJpRap0koilcpLSnEeUYVBWlMyYGwCdj7A8sjPRg:1s25lW:6Q_lhkN0RvZWeLR14K_X861D5wp7kR5VrcH9aYYR5kg','2024-05-15 08:56:38.359405');
INSERT INTO django_session VALUES('supen8d8g3r54yhuwn2wmqvvuh5s3uc4','.eJxVjMsOwiAURP-FtSGtvN3ZHyH3wiUQG5oIrIz_bmu60OWcmTkv5mH07Eejpy-R3Zhil1-GEB5UjwLW9cAcQthG7fy7OevG73ui2kuAXra6nK8_VYaWd49B1AYkIUojpDNCOELtLE4xJpRap0koilcpLSnEeUYVBWlMyYGwCdj7A8sjPRg:1s26Dr:vacjemnR89Upx4XMYqoN7lz2XT0v7EDvddu9a5iinrI','2024-05-15 09:25:55.184598');
INSERT INTO django_session VALUES('eguh94qvp5jti7q4wnnqhefqe9o2zxr0','.eJxVjMsOwiAURP-FtSGtvN3ZHyH3wiUQG5oIrIz_bmu60OWcmTkv5mH07Eejpy-R3Zhil1-GEB5UjwLW9cAcQthG7fy7OevG73ui2kuAXra6nK8_VYaWd49B1AYkIUojpDNCOELtLE4xJpRap0koilcpLSnEeUYVBWlMyYGwCdj7A8sjPRg:1s282O:jAFPnfhbHxHRo6XupqSfzZsbBxsXXVvq2kLs-KKomMk','2024-05-15 11:22:12.303684');
INSERT INTO django_session VALUES('vt84pdiqz8zw9zqvul68a689bbfwtjg3','.eJxVjMsOwiAURP-FtSGtvN3ZHyH3wiUQG5oIrIz_bmu60OWcmTkv5mH07Eejpy-R3Zhil1-GEB5UjwLW9cAcQthG7fy7OevG73ui2kuAXra6nK8_VYaWd49B1AYkIUojpDNCOELtLE4xJpRap0koilcpLSnEeUYVBWlMyYGwCdj7A8sjPRg:1s2B9m:lli1d4KMCXdEnQGDLB731-ufseF7d9eGSVR6PiWxvWw','2024-05-15 14:42:02.634935');
INSERT INTO django_session VALUES('3sp6svqdq821m6z3uh57wusqrbupggjr','.eJxVjMsOwiAURP-FtSGtvN3ZHyH3wiUQG5oIrIz_bmu60OWcmTkv5mH07Eejpy-R3Zhil1-GEB5UjwLW9cAcQthG7fy7OevG73ui2kuAXra6nK8_VYaWd49B1AYkIUojpDNCOELtLE4xJpRap0koilcpLSnEeUYVBWlMyYGwCdj7A8sjPRg:1s2E7f:XQgdaTmCe7X0adgdyhT3SftrDm_lNB4ou-hUuyFmV1Q','2024-05-15 17:52:03.075434');
INSERT INTO django_session VALUES('2w6wdsqvidikjmzsgazi1u79fsplv6sz','.eJxVjMsOwiAURP-FtSGtvN3ZHyH3wiUQG5oIrIz_bmu60OWcmTkv5mH07Eejpy-R3Zhil1-GEB5UjwLW9cAcQthG7fy7OevG73ui2kuAXra6nK8_VYaWd49B1AYkIUojpDNCOELtLE4xJpRap0koilcpLSnEeUYVBWlMyYGwCdj7A8sjPRg:1s2EfY:JTaNk8W8eOouESB-pMHdXpsP3Yfsj3zIdy6VdJTXlE4','2024-05-15 18:27:04.408842');
INSERT INTO django_session VALUES('1vnebid96vdejh660owlb8vouzbxaivq','.eJxVjMsOwiAURP-FtSGtvN3ZHyH3wiUQG5oIrIz_bmu60OWcmTkv5mH07Eejpy-R3Zhil1-GEB5UjwLW9cAcQthG7fy7OevG73ui2kuAXra6nK8_VYaWd49B1AYkIUojpDNCOELtLE4xJpRap0koilcpLSnEeUYVBWlMyYGwCdj7A8sjPRg:1s2FSq:ev5xkpZ8nOzdlt_mPoPPPH_CFYKaRyns7yVt6aEDTMo','2024-05-15 19:18:00.249326');
INSERT INTO django_session VALUES('ohy4ap3lqr67p5a4p8u8251te8aiqn8s','.eJxVjMsOwiAURP-FtSGtvN3ZHyH3wiUQG5oIrIz_bmu60OWcmTkv5mH07Eejpy-R3Zhil1-GEB5UjwLW9cAcQthG7fy7OevG73ui2kuAXra6nK8_VYaWd49B1AYkIUojpDNCOELtLE4xJpRap0koilcpLSnEeUYVBWlMyYGwCdj7A8sjPRg:1s2GQv:tlb-VDeZ2iPz-39D-bbaaHEdfUNI9EWFUYE69EhkT-8','2024-05-15 20:20:05.795397');
INSERT INTO django_session VALUES('fuz3q51mwqt8bxh5m575gmzrvl0fpjgn','.eJxVjMsOwiAURP-FtSGtvN3ZHyH3wiUQG5oIrIz_bmu60OWcmTkv5mH07Eejpy-R3Zhil1-GEB5UjwLW9cAcQthG7fy7OevG73ui2kuAXra6nK8_VYaWd49B1AYkIUojpDNCOELtLE4xJpRap0koilcpLSnEeUYVBWlMyYGwCdj7A8sjPRg:1s2Svr:BjoBY2kcoHWZ6lyWmSQNGRZY6xmzOl_OJ1_rXOOxKcA','2024-05-16 09:40:51.856012');
INSERT INTO django_session VALUES('69x3w6js1xtt5nk7dqbwukmx1nfefsux','.eJxVjMsOwiAURP-FtSGtvN3ZHyH3wiUQG5oIrIz_bmu60OWcmTkv5mH07Eejpy-R3Zhil1-GEB5UjwLW9cAcQthG7fy7OevG73ui2kuAXra6nK8_VYaWd49B1AYkIUojpDNCOELtLE4xJpRap0koilcpLSnEeUYVBWlMyYGwCdj7A8sjPRg:1s2Swq:088sM26Cn6sBZ-LfyLBECzuDKke76dle48VxKcEJW1I','2024-05-16 09:41:52.618813');
INSERT INTO django_session VALUES('nl30q79nvxdrjb0ms99h2joyhbd6qs4j','.eJxVjMsOwiAURP-FtSGtvN3ZHyH3wiUQG5oIrIz_bmu60OWcmTkv5mH07Eejpy-R3Zhil1-GEB5UjwLW9cAcQthG7fy7OevG73ui2kuAXra6nK8_VYaWd49B1AYkIUojpDNCOELtLE4xJpRap0koilcpLSnEeUYVBWlMyYGwCdj7A8sjPRg:1s2T9h:un763GBRXeDNbDNP_DaWIiaWqv2ztQyjxCFG9XBzLvQ','2024-05-16 09:55:09.270476');
INSERT INTO django_session VALUES('j2u5493lx81e44spwwg4shcwohcducbk','.eJxVjMsOwiAURP-FtSGtvN3ZHyH3wiUQG5oIrIz_bmu60OWcmTkv5mH07Eejpy-R3Zhil1-GEB5UjwLW9cAcQthG7fy7OevG73ui2kuAXra6nK8_VYaWd49B1AYkIUojpDNCOELtLE4xJpRap0koilcpLSnEeUYVBWlMyYGwCdj7A8sjPRg:1s2U8m:ax1G012cf__s4wr55uMkqDntXOAyhKO3xrr4Y6n1S30','2024-05-16 10:58:16.080435');
INSERT INTO django_session VALUES('jwgbc9ngzowouznjo9fgpjjfgjom6b1o','.eJxVjMsOwiAURP-FtSGtvN3ZHyH3wiUQG5oIrIz_bmu60OWcmTkv5mH07Eejpy-R3Zhil1-GEB5UjwLW9cAcQthG7fy7OevG73ui2kuAXra6nK8_VYaWd49B1AYkIUojpDNCOELtLE4xJpRap0koilcpLSnEeUYVBWlMyYGwCdj7A8sjPRg:1s2Uf7:AZ1tmRGWkRhhjicKJoPS1I5PxfN8e3Fn3xxxn5YIAYo','2024-05-16 11:31:41.087119');
INSERT INTO django_session VALUES('n4k66f1cag4wx386b2dcaicw7j4gxx4t','.eJxVjMsOwiAURP-FtSGtvN3ZHyH3wiUQG5oIrIz_bmu60OWcmTkv5mH07Eejpy-R3Zhil1-GEB5UjwLW9cAcQthG7fy7OevG73ui2kuAXra6nK8_VYaWd49B1AYkIUojpDNCOELtLE4xJpRap0koilcpLSnEeUYVBWlMyYGwCdj7A8sjPRg:1s2UlE:kLIcKh4hWJMNTwlFHjhne3L4JylrlCsL7wEtdBtd1ec','2024-05-16 11:38:00.728727');
INSERT INTO django_session VALUES('5ypyvabfr1em8b42pefan4ils8qsq1uo','.eJxVjMsOwiAURP-FtSGtvN3ZHyH3wiUQG5oIrIz_bmu60OWcmTkv5mH07Eejpy-R3Zhil1-GEB5UjwLW9cAcQthG7fy7OevG73ui2kuAXra6nK8_VYaWd49B1AYkIUojpDNCOELtLE4xJpRap0koilcpLSnEeUYVBWlMyYGwCdj7A8sjPRg:1s2W5c:hBze84dbhgxlbyTdGgCmfRrQlZ6Go1dyazich_SD1xg','2024-05-16 13:03:08.967934');
INSERT INTO django_session VALUES('c0nkk5vuxwapgd0oor5z21gv8w7s3ov0','.eJxVjMsOwiAURP-FtSGtvN3ZHyH3wiUQG5oIrIz_bmu60OWcmTkv5mH07Eejpy-R3Zhil1-GEB5UjwLW9cAcQthG7fy7OevG73ui2kuAXra6nK8_VYaWd49B1AYkIUojpDNCOELtLE4xJpRap0koilcpLSnEeUYVBWlMyYGwCdj7A8sjPRg:1s2WJh:dJkZVuB08CbVl-ZKPRAdRXlT2oXEEQXMCwKYWGZB4gU','2024-05-16 13:17:41.977826');
INSERT INTO django_session VALUES('6puzcontudkkrha2c5czx4eq88dtbdc1','.eJxVjMsOwiAURP-FtSGtvN3ZHyH3wiUQG5oIrIz_bmu60OWcmTkv5mH07Eejpy-R3Zhil1-GEB5UjwLW9cAcQthG7fy7OevG73ui2kuAXra6nK8_VYaWd49B1AYkIUojpDNCOELtLE4xJpRap0koilcpLSnEeUYVBWlMyYGwCdj7A8sjPRg:1s2WSz:UfmNpe-o3zPLzF3u8M_zH_Q6DCK7RzB2GVW2W-K9Vd4','2024-05-16 13:27:17.989470');
INSERT INTO django_session VALUES('midjv0lk874qcfiel8412vza6dw6jm7y','.eJxVjMsOwiAURP-FtSGtvN3ZHyH3wiUQG5oIrIz_bmu60OWcmTkv5mH07Eejpy-R3Zhil1-GEB5UjwLW9cAcQthG7fy7OevG73ui2kuAXra6nK8_VYaWd49B1AYkIUojpDNCOELtLE4xJpRap0koilcpLSnEeUYVBWlMyYGwCdj7A8sjPRg:1s2X0B:lMpZTBUNR5nqLeQC-N58BBQSRbgldGQqT-UfENUDKXY','2024-05-16 14:01:35.613605');
INSERT INTO django_session VALUES('hb7tk76n1bbyidcgekc6gp7wyv13r79f','.eJxVjMsOwiAURP-FtSGtvN3ZHyH3wiUQG5oIrIz_bmu60OWcmTkv5mH07Eejpy-R3Zhil1-GEB5UjwLW9cAcQthG7fy7OevG73ui2kuAXra6nK8_VYaWd49B1AYkIUojpDNCOELtLE4xJpRap0koilcpLSnEeUYVBWlMyYGwCdj7A8sjPRg:1s2XRh:M-oLqTleoq35l0P4VwzQLdpnhHiQN-TJQ8OQmwAWrgI','2024-05-16 14:30:01.181747');
INSERT INTO django_session VALUES('a52prsdfip0yaqgb8vzzxynv059xqbd4','.eJxVjMsOwiAURP-FtSGtvN3ZHyH3wiUQG5oIrIz_bmu60OWcmTkv5mH07Eejpy-R3Zhil1-GEB5UjwLW9cAcQthG7fy7OevG73ui2kuAXra6nK8_VYaWd49B1AYkIUojpDNCOELtLE4xJpRap0koilcpLSnEeUYVBWlMyYGwCdj7A8sjPRg:1s2XwW:dPyzuZmoaRxQVzguww3oIan4G17wurz5PYpj8PfFuJs','2024-05-16 15:01:52.747157');
INSERT INTO django_session VALUES('11h24qj2xcpkurfzgxb9e6hx4oym7n6q','.eJxVjMsOwiAURP-FtSGtvN3ZHyH3wiUQG5oIrIz_bmu60OWcmTkv5mH07Eejpy-R3Zhil1-GEB5UjwLW9cAcQthG7fy7OevG73ui2kuAXra6nK8_VYaWd49B1AYkIUojpDNCOELtLE4xJpRap0koilcpLSnEeUYVBWlMyYGwCdj7A8sjPRg:1s2dnN:5X6XXPKrKAZTVkHB7C5yfon9O5l18KJtrOzNbth5Kz4','2024-05-16 21:16:49.376204');
INSERT INTO django_session VALUES('2pa3nqdr4axbnuq0b9qmjx1i8ptm90lv','.eJxVjMsOwiAURP-FtSGtvN3ZHyH3wiUQG5oIrIz_bmu60OWcmTkv5mH07Eejpy-R3Zhil1-GEB5UjwLW9cAcQthG7fy7OevG73ui2kuAXra6nK8_VYaWd49B1AYkIUojpDNCOELtLE4xJpRap0koilcpLSnEeUYVBWlMyYGwCdj7A8sjPRg:1s2eQO:kmDrLq625IX2WWO9Cpx47lMgDHko-Filgofs-dnN8ik','2024-05-16 21:57:08.089817');
INSERT INTO django_session VALUES('0jgxkxyjqdoaqwqnegyac6yx1zn5ekec','.eJxljEsKgzAQQO-StUhifuquvUgYMxMMTSPUpJvSu1dFCqWbgXlv5r0YeL_UXNyTHjFEQkd3iImNuabUfG1d6cFG1rOGOahlPoCL-M8m8DfKu4CUdtyejfa4OfXaXraNcokeSlzy9fz6Sc2wzlvHcCkUBhRScSvICMCJpO61CoEI9TB45MKT4ZZjN3RGykkaa7epFQ_I3h_6yU17:1s2iGw:U6pQ83SdrWEXGpRD3y5wKyO0IR9v8Uwa2jxxCHxa34w','2024-05-17 02:03:38.595414');
INSERT INTO django_session VALUES('w9ng7hop9mz9nt9ibst4lqbwcnrt5mbi','.eJxVjMsOwiAURP-FtSGtvN3ZHyH3wiUQG5oIrIz_bmu60OWcmTkv5mH07Eejpy-R3Zhil1-GEB5UjwLW9cAcQthG7fy7OevG73ui2kuAXra6nK8_VYaWd49B1AYkIUojpDNCOELtLE4xJpRap0koilcpLSnEeUYVBWlMyYGwCdj7A8sjPRg:1s2iMY:xJ7FgNcUSRVn0X_h8ApV-LTbkFxdXN8-Xx-rc4VDNAE','2024-05-17 02:09:26.542549');
INSERT INTO django_session VALUES('71cuesm9y4fg35u55z8jri9yss4qdvva','.eJxVjMsOwiAURP-FtSGtvN3ZHyH3wiUQG5oIrIz_bmu60OWcmTkv5mH07Eejpy-R3Zhil1-GEB5UjwLW9cAcQthG7fy7OevG73ui2kuAXra6nK8_VYaWd49B1AYkIUojpDNCOELtLE4xJpRap0koilcpLSnEeUYVBWlMyYGwCdj7A8sjPRg:1s2inY:3HUri2KJUnWqIor4vE6H8fVEY_POoeyUr7gw0nK6iAI','2024-05-17 02:37:20.439636');
INSERT INTO django_session VALUES('n75xmhr2ohop8q809oxotgjvjk6olybh','.eJxVjMsOwiAURP-FtSGtvN3ZHyH3wiUQG5oIrIz_bmu60OWcmTkv5mH07Eejpy-R3Zhil1-GEB5UjwLW9cAcQthG7fy7OevG73ui2kuAXra6nK8_VYaWd49B1AYkIUojpDNCOELtLE4xJpRap0koilcpLSnEeUYVBWlMyYGwCdj7A8sjPRg:1s2ivz:sWCz2psYlm9CoRdhEWyb2toCc2Jz8nMu6hvCqwkI608','2024-05-17 02:46:03.409687');
INSERT INTO django_session VALUES('rvmiegt2rffy2rmkymy42ba0csn5s7t6','.eJxVjMsOwiAURP-FtSGtvN3ZHyH3wiUQG5oIrIz_bmu60OWcmTkv5mH07Eejpy-R3Zhil1-GEB5UjwLW9cAcQthG7fy7OevG73ui2kuAXra6nK8_VYaWd49B1AYkIUojpDNCOELtLE4xJpRap0koilcpLSnEeUYVBWlMyYGwCdj7A8sjPRg:1s2jJB:ZR6pvHdGBNn3shL_H3mzFW6CW8ZGCvTgOD_YxdjNjso','2024-05-17 03:10:01.964159');
INSERT INTO django_session VALUES('xxxs7jx6pm8xip1qywm361mqewa3hhi8','.eJxVjMsOwiAURP-FtSGtvN3ZHyH3wiUQG5oIrIz_bmu60OWcmTkv5mH07Eejpy-R3Zhil1-GEB5UjwLW9cAcQthG7fy7OevG73ui2kuAXra6nK8_VYaWd49B1AYkIUojpDNCOELtLE4xJpRap0koilcpLSnEeUYVBWlMyYGwCdj7A8sjPRg:1s2jay:j-DDPk_ygQB5kmSuygfCqy5CwEehqQewuLIFYMvXs1A','2024-05-17 03:28:24.247963');
INSERT INTO django_session VALUES('h4gtmoxvmcmr46poatr62tw53q33xtte','.eJxVjMsOwiAURP-FtSGtvN3ZHyH3wiUQG5oIrIz_bmu60OWcmTkv5mH07Eejpy-R3Zhil1-GEB5UjwLW9cAcQthG7fy7OevG73ui2kuAXra6nK8_VYaWd49B1AYkIUojpDNCOELtLE4xJpRap0koilcpLSnEeUYVBWlMyYGwCdj7A8sjPRg:1s2khD:9WzGgP4dfEftCdANvYCKaP8WCnYRLISBlcsO38_OOa8','2024-05-17 04:38:55.618647');
INSERT INTO django_session VALUES('yfyzo8o5x3208on5pv38u45n31gwdozl','.eJxVjMsOwiAURP-FtSGtvN3ZHyH3wiUQG5oIrIz_bmu60OWcmTkv5mH07Eejpy-R3Zhil1-GEB5UjwLW9cAcQthG7fy7OevG73ui2kuAXra6nK8_VYaWd49B1AYkIUojpDNCOELtLE4xJpRap0koilcpLSnEeUYVBWlMyYGwCdj7A8sjPRg:1s2kjv:tk0BQHVe5ms0shgl82kaY-MlOswUO0rbwuAeMO5xHcg','2024-05-17 04:41:43.776464');
INSERT INTO django_session VALUES('l619by5pta7z99bpcjn51vkdhgfnxx3u','.eJxVjMsOwiAURP-FtSGtvN3ZHyH3wiUQG5oIrIz_bmu60OWcmTkv5mH07Eejpy-R3Zhil1-GEB5UjwLW9cAcQthG7fy7OevG73ui2kuAXra6nK8_VYaWd49B1AYkIUojpDNCOELtLE4xJpRap0koilcpLSnEeUYVBWlMyYGwCdj7A8sjPRg:1s2m7K:Ykktq4YExr7CEfjf1SO7oJV4F0fExoofc1hNyMb6Su8','2024-05-17 06:09:58.572063');
INSERT INTO django_session VALUES('6rzeq19cwis5t9lile4ti3n2ifttapeu','.eJxVjMsOwiAURP-FtSGtvN3ZHyH3wiUQG5oIrIz_bmu60OWcmTkv5mH07Eejpy-R3Zhil1-GEB5UjwLW9cAcQthG7fy7OevG73ui2kuAXra6nK8_VYaWd49B1AYkIUojpDNCOELtLE4xJpRap0koilcpLSnEeUYVBWlMyYGwCdj7A8sjPRg:1s2mgS:aNPf3jQRQ7ZvVoKD9nFAdIpl-50vPMJk27e3rw33aqc','2024-05-17 06:46:16.551956');
INSERT INTO django_session VALUES('53y05dt7mtai0vluna60g7jl6p8dtsxw','.eJxVjMsOwiAURP-FtSGtvN3ZHyH3wiUQG5oIrIz_bmu60OWcmTkv5mH07Eejpy-R3Zhil1-GEB5UjwLW9cAcQthG7fy7OevG73ui2kuAXra6nK8_VYaWd49B1AYkIUojpDNCOELtLE4xJpRap0koilcpLSnEeUYVBWlMyYGwCdj7A8sjPRg:1s2mkn:jxdkcKO5lhwVrHtp6gZfVOgjcloBw_xF0EoyyVjz610','2024-05-17 06:50:45.162455');
INSERT INTO django_session VALUES('hb620wr4rhf7l4f7ut8rkvs92ydk10ew','.eJxVjMsOwiAURP-FtSGtvN3ZHyH3wiUQG5oIrIz_bmu60OWcmTkv5mH07Eejpy-R3Zhil1-GEB5UjwLW9cAcQthG7fy7OevG73ui2kuAXra6nK8_VYaWd49B1AYkIUojpDNCOELtLE4xJpRap0koilcpLSnEeUYVBWlMyYGwCdj7A8sjPRg:1s2nqV:PNiHBhdV3s97tfkJfW0K3dwqfL3Tsxut-KAJz-RsV0Q','2024-05-17 08:00:43.887564');
INSERT INTO django_session VALUES('vlxnvjo5ipnyxpos9fdq2na82udzmo8y','.eJxVjMsOwiAURP-FtSGtvN3ZHyH3wiUQG5oIrIz_bmu60OWcmTkv5mH07Eejpy-R3Zhil1-GEB5UjwLW9cAcQthG7fy7OevG73ui2kuAXra6nK8_VYaWd49B1AYkIUojpDNCOELtLE4xJpRap0koilcpLSnEeUYVBWlMyYGwCdj7A8sjPRg:1s2oRf:6wfwGVOy09SEMdNMh8L7BhlrkhYJmMdqi_2ENjmunKs','2024-05-17 08:39:07.032919');
INSERT INTO django_session VALUES('qk593w7on7la4b1m1q9lvktpwlxy1p56','.eJxVjMsOwiAURP-FtSGtvN3ZHyH3wiUQG5oIrIz_bmu60OWcmTkv5mH07Eejpy-R3Zhil1-GEB5UjwLW9cAcQthG7fy7OevG73ui2kuAXra6nK8_VYaWd49B1AYkIUojpDNCOELtLE4xJpRap0koilcpLSnEeUYVBWlMyYGwCdj7A8sjPRg:1s2oSX:ElOltzWGOFUeunyxFuGegu5YCvijqayLlGBC7qOzEk8','2024-05-17 08:40:01.414930');
INSERT INTO django_session VALUES('c8ifjd6esztzdbl1jludueeu1qaj4xmi','.eJxVjM0KwyAQhN_Fcwka_2Jv7YvIZndFaTDQ6Kn03ZuUHNrLwMw3My8Robcc-8bPWEhcxSQuv9kM-OB6AFiWIx4Ace21Dd_OibfhtjuurSC0stb7ufq7yrDl_cdJrQwlUtpIr9gpoJm1naxJiZlsCEhSITvpJY1hdFrP2nm_qzUykXh_ALNQO-Q:1s2oco:C0NfJTX5QByXMSsMmEHO56_XsCYA8EHBcPCrbdvGMyE','2024-05-17 08:50:38.358726');
INSERT INTO django_session VALUES('0hjbfhz2fn4l5vw03ammnm8po2p61sy7','.eJxVjMsOwiAURP-FtSGtvN3ZHyH3wiUQG5oIrIz_bmu60OWcmTkv5mH07Eejpy-R3Zhil1-GEB5UjwLW9cAcQthG7fy7OevG73ui2kuAXra6nK8_VYaWd49B1AYkIUojpDNCOELtLE4xJpRap0koilcpLSnEeUYVBWlMyYGwCdj7A8sjPRg:1s2pIi:--x14wNt5NzoT1yxkQyEuVR8uRcis54XyaULci6GE7k','2024-05-17 09:33:56.754827');
INSERT INTO django_session VALUES('vlkc5tc8rk7tgoi91sn6mezk1pfkd8fm','.eJxVjMsOwiAURP-FtSGtvN3ZHyH3wiUQG5oIrIz_bmu60OWcmTkv5mH07Eejpy-R3Zhil1-GEB5UjwLW9cAcQthG7fy7OevG73ui2kuAXra6nK8_VYaWd49B1AYkIUojpDNCOELtLE4xJpRap0koilcpLSnEeUYVBWlMyYGwCdj7A8sjPRg:1s2puQ:dxNU4IkjfRqaRmO8MCh0yqB-bFwtakoWWrzq35Xj4R4','2024-05-17 10:12:54.766630');
INSERT INTO django_session VALUES('r8h5gh4bytlvw41nbsd7spuvqtowixpc','.eJxVjMsOwiAURP-FtSGtvN3ZHyH3wiUQG5oIrIz_bmu60OWcmTkv5mH07Eejpy-R3Zhil1-GEB5UjwLW9cAcQthG7fy7OevG73ui2kuAXra6nK8_VYaWd49B1AYkIUojpDNCOELtLE4xJpRap0koilcpLSnEeUYVBWlMyYGwCdj7A8sjPRg:1s2qft:cOKhiRqRRrvst1nQ2fyUhjXryj-Zb55SWg6E_h9hOSE','2024-05-17 11:01:57.459681');
INSERT INTO django_session VALUES('cgz2nlqn0wa5rjp6u7iwgef71kbo8ljd','.eJxVjMsOwiAURP-FtSGtvN3ZHyH3wiUQG5oIrIz_bmu60OWcmTkv5mH07Eejpy-R3Zhil1-GEB5UjwLW9cAcQthG7fy7OevG73ui2kuAXra6nK8_VYaWd49B1AYkIUojpDNCOELtLE4xJpRap0koilcpLSnEeUYVBWlMyYGwCdj7A8sjPRg:1s2sfv:V5ViQTaasGjFT14Z4IsKBoB6rj-Zz1FLXBmgNE-gfBg','2024-05-17 13:10:07.849847');
INSERT INTO django_session VALUES('nltgldvj8o382iziovulr6dazlzgqb30','.eJxVjMsOwiAURP-FtSGtvN3ZHyH3wiUQG5oIrIz_bmu60OWcmTkv5mH07Eejpy-R3Zhil1-GEB5UjwLW9cAcQthG7fy7OevG73ui2kuAXra6nK8_VYaWd49B1AYkIUojpDNCOELtLE4xJpRap0koilcpLSnEeUYVBWlMyYGwCdj7A8sjPRg:1s2u8B:MUVt6EeO5p__zUlD95aUIMc84n28DIwIEu2W_6yFSWE','2024-05-17 14:43:23.504739');
INSERT INTO django_session VALUES('fkbyr60n7eyyzk2888kwcai6ssmfjkkt','.eJxVjMsOwiAURP-FtSGtvN3ZHyH3wiUQG5oIrIz_bmu60OWcmTkv5mH07Eejpy-R3Zhil1-GEB5UjwLW9cAcQthG7fy7OevG73ui2kuAXra6nK8_VYaWd49B1AYkIUojpDNCOELtLE4xJpRap0koilcpLSnEeUYVBWlMyYGwCdj7A8sjPRg:1s36Dy:uadh7Srf4JPZeb_rilhAu7IfpsVKoAr6GUYoqlzcrcw','2024-05-18 03:38:10.803558');
INSERT INTO django_session VALUES('3ad6h1masipwipsq98jidocjdvbdfjax','.eJxVjMsOwiAURP-FtSGtvN3ZHyH3wiUQG5oIrIz_bmu60OWcmTkv5mH07Eejpy-R3Zhil1-GEB5UjwLW9cAcQthG7fy7OevG73ui2kuAXra6nK8_VYaWd49B1AYkIUojpDNCOELtLE4xJpRap0koilcpLSnEeUYVBWlMyYGwCdj7A8sjPRg:1s37Oo:q3DLkV5ZQZFeZgbLm_uwVT-TBMBhvnvtbUacx2etRJ8','2024-05-18 04:53:26.456469');
INSERT INTO django_session VALUES('049ikeb9rrtsjqvh9zo81ckdekvzdpz3','.eJxVjMsOwiAURP-FtSGtvN3ZHyH3wiUQG5oIrIz_bmu60OWcmTkv5mH07Eejpy-R3Zhil1-GEB5UjwLW9cAcQthG7fy7OevG73ui2kuAXra6nK8_VYaWd49B1AYkIUojpDNCOELtLE4xJpRap0koilcpLSnEeUYVBWlMyYGwCdj7A8sjPRg:1s37pX:QmeTOxtDipbxJpoG78mSPFEPkdyTkAwTQ0JvOtlNPlg','2024-05-18 05:21:03.241055');
INSERT INTO django_session VALUES('7cpsp8uka11u3646l8p46uloyk2bs6mi','.eJxVjMsOwiAURP-FtSGtvN3ZHyH3wiUQG5oIrIz_bmu60OWcmTkv5mH07Eejpy-R3Zhil1-GEB5UjwLW9cAcQthG7fy7OevG73ui2kuAXra6nK8_VYaWd49B1AYkIUojpDNCOELtLE4xJpRap0koilcpLSnEeUYVBWlMyYGwCdj7A8sjPRg:1s388a:8KB-TCkKicNODK3wLEJ_eWLJRSxqxA4r_XoWSTDFjDI','2024-05-18 05:40:44.143255');
INSERT INTO django_session VALUES('0x7cyw88o8p1s371meockzd0dn92lk9b','.eJxVjMsOwiAURP-FtSGtvN3ZHyH3wiUQG5oIrIz_bmu60OWcmTkv5mH07Eejpy-R3Zhil1-GEB5UjwLW9cAcQthG7fy7OevG73ui2kuAXra6nK8_VYaWd49B1AYkIUojpDNCOELtLE4xJpRap0koilcpLSnEeUYVBWlMyYGwCdj7A8sjPRg:1s3A7g:rk8vKseZEA4bvNDomhKPHgzCw_BbUv_Kj8V4Gb79qyM','2024-05-18 07:47:56.790684');
INSERT INTO django_session VALUES('jywm2zdy5sly790mzb67njra13i93jit','.eJxVjMsOwiAURP-FtSGtvN3ZHyH3wiUQG5oIrIz_bmu60OWcmTkv5mH07Eejpy-R3Zhil1-GEB5UjwLW9cAcQthG7fy7OevG73ui2kuAXra6nK8_VYaWd49B1AYkIUojpDNCOELtLE4xJpRap0koilcpLSnEeUYVBWlMyYGwCdj7A8sjPRg:1s3BF3:lQyhDIqFXYyMi27nhBhYtkk9nCX70TGCx9QmBVCp_ws','2024-05-18 08:59:37.105771');
INSERT INTO django_session VALUES('6h8uvypev3qtrx414chlu36z2b5qbls1','e30:1s3Cmh:EcCnoPKzEOkzXr3dHzWGgdRRpk73n4SqPBlJpakj7CA','2024-05-18 10:38:27.670930');
INSERT INTO django_session VALUES('r2t6w3wck4h0vblhb39vm497rlh4hh2e','.eJxVjMsOwiAURP-FtSGtvN3ZHyH3wiUQG5oIrIz_bmu60OWcmTkv5mH07Eejpy-R3Zhil1-GEB5UjwLW9cAcQthG7fy7OevG73ui2kuAXra6nK8_VYaWd49B1AYkIUojpDNCOELtLE4xJpRap0koilcpLSnEeUYVBWlMyYGwCdj7A8sjPRg:1s3Cmj:Is7489OrF3m1NiTBDAMKxkIyyiFYVd8hNGzPAawWrgc','2024-05-18 10:38:29.220453');
INSERT INTO django_session VALUES('3tssm9zw8uwf4brpi9504kgfvmeqgzl8','.eJxVjMsOwiAURP-FtSGtvN3ZHyH3wiUQG5oIrIz_bmu60OWcmTkv5mH07Eejpy-R3Zhil1-GEB5UjwLW9cAcQthG7fy7OevG73ui2kuAXra6nK8_VYaWd49B1AYkIUojpDNCOELtLE4xJpRap0koilcpLSnEeUYVBWlMyYGwCdj7A8sjPRg:1s3DUs:MFSh4GJGHUn2i-LNoBqxVfdtXHs8Ly0zj4yvk2Dmgtk','2024-05-18 11:24:06.073772');
INSERT INTO django_session VALUES('brhqg044igba9f6fk8poc0uajf2f516q','.eJxVjMsOwiAURP-FtSGtvN3ZHyH3wiUQG5oIrIz_bmu60OWcmTkv5mH07Eejpy-R3Zhil1-GEB5UjwLW9cAcQthG7fy7OevG73ui2kuAXra6nK8_VYaWd49B1AYkIUojpDNCOELtLE4xJpRap0koilcpLSnEeUYVBWlMyYGwCdj7A8sjPRg:1s3F6B:fgTlbmJ7SIqXudfK-XBWG62BdG4cv_ZrZlf9ku5zeY0','2024-05-18 13:06:43.263299');
INSERT INTO django_session VALUES('b0to3wozt9kphkla5sirboqifqntczhv','.eJxVjMsOwiAURP-FtSGtvN3ZHyH3wiUQG5oIrIz_bmu60OWcmTkv5mH07Eejpy-R3Zhil1-GEB5UjwLW9cAcQthG7fy7OevG73ui2kuAXra6nK8_VYaWd49B1AYkIUojpDNCOELtLE4xJpRap0koilcpLSnEeUYVBWlMyYGwCdj7A8sjPRg:1s3G5m:9LxVPoYdvzQPYLQPYGYVTr9eClhBydvC42BCAyqJ5L0','2024-05-18 14:10:22.142868');
INSERT INTO django_session VALUES('h2t9pk134nt5pz2b0aakriusc967yjd1','.eJxVjMsOwiAURP-FtSGtvN3ZHyH3wiUQG5oIrIz_bmu60OWcmTkv5mH07Eejpy-R3Zhil1-GEB5UjwLW9cAcQthG7fy7OevG73ui2kuAXra6nK8_VYaWd49B1AYkIUojpDNCOELtLE4xJpRap0koilcpLSnEeUYVBWlMyYGwCdj7A8sjPRg:1s3Gpf:LKpQ4w3ky9-G207ySPSEnACQgCeWjWlZdcfbeVtBNTo','2024-05-18 14:57:47.953742');
INSERT INTO django_session VALUES('hfbcyj3n30gc3bljnzzov2fxx2w2zytz','.eJxVjMsOwiAURP-FtSGtvN3ZHyH3wiUQG5oIrIz_bmu60OWcmTkv5mH07Eejpy-R3Zhil1-GEB5UjwLW9cAcQthG7fy7OevG73ui2kuAXra6nK8_VYaWd49B1AYkIUojpDNCOELtLE4xJpRap0koilcpLSnEeUYVBWlMyYGwCdj7A8sjPRg:1s3H4r:H_eo67Z0m52JWG3BioElejunk0IK78UzbRfhmOGFzew','2024-05-18 15:13:29.227226');
INSERT INTO django_session VALUES('kwnc4uzemntzkdo9ru3jcdoemen953av','.eJxVjMsOwiAURP-FtSGtvN3ZHyH3wiUQG5oIrIz_bmu60OWcmTkv5mH07Eejpy-R3Zhil1-GEB5UjwLW9cAcQthG7fy7OevG73ui2kuAXra6nK8_VYaWd49B1AYkIUojpDNCOELtLE4xJpRap0koilcpLSnEeUYVBWlMyYGwCdj7A8sjPRg:1s3HSz:CuFaWgfdE7VIvzot2zXIJNUakEDho0gphsx99Tj5Wyc','2024-05-18 15:38:25.869180');
INSERT INTO django_session VALUES('es2bvqi0vrhwddxt2jex72x6mxarfrdh','.eJxVjMsOwiAURP-FtSGtvN3ZHyH3wiUQG5oIrIz_bmu60OWcmTkv5mH07Eejpy-R3Zhil1-GEB5UjwLW9cAcQthG7fy7OevG73ui2kuAXra6nK8_VYaWd49B1AYkIUojpDNCOELtLE4xJpRap0koilcpLSnEeUYVBWlMyYGwCdj7A8sjPRg:1s3Hja:AYQzIkqqVG7vPNMQCAo7FUCQXnZik-QOGTW1xVGLzV4','2024-05-18 15:55:34.184260');
INSERT INTO django_session VALUES('x4iclfclyd0dghz53g0e3xpw29tw9vf7','.eJxVjMsOwiAURP-FtSGtvN3ZHyH3wiUQG5oIrIz_bmu60OWcmTkv5mH07Eejpy-R3Zhil1-GEB5UjwLW9cAcQthG7fy7OevG73ui2kuAXra6nK8_VYaWd49B1AYkIUojpDNCOELtLE4xJpRap0koilcpLSnEeUYVBWlMyYGwCdj7A8sjPRg:1s3I1N:Y9kY9pbIlO5zHoywOgOfsmGqz33eR3kiJla-0yNDSFs','2024-05-18 16:13:57.531512');
INSERT INTO django_session VALUES('42gxbqruttvz7y7jo4nx4ju6g23f7hcn','.eJxVjMsOwiAURP-FtSGtvN3ZHyH3wiUQG5oIrIz_bmu60OWcmTkv5mH07Eejpy-R3Zhil1-GEB5UjwLW9cAcQthG7fy7OevG73ui2kuAXra6nK8_VYaWd49B1AYkIUojpDNCOELtLE4xJpRap0koilcpLSnEeUYVBWlMyYGwCdj7A8sjPRg:1s3I3T:Dr9xlXfl-o9InRYmYwhGjFIAwp7h4i3m5n_l8mm38J0','2024-05-18 16:16:07.357241');
INSERT INTO django_session VALUES('d1a80wblhyt9bqux9m0w6y3o8lpw219m','.eJxVjMsOwiAURP-FtSGtvN3ZHyH3wiUQG5oIrIz_bmu60OWcmTkv5mH07Eejpy-R3Zhil1-GEB5UjwLW9cAcQthG7fy7OevG73ui2kuAXra6nK8_VYaWd49B1AYkIUojpDNCOELtLE4xJpRap0koilcpLSnEeUYVBWlMyYGwCdj7A8sjPRg:1s3IFp:MpmOrwd-0Cfm0axD11-A7C2jFw46oT2veceHnuWJdG4','2024-05-18 16:28:53.085902');
INSERT INTO django_session VALUES('mysc5tkv0svosz5rz3ulx0xf007rqytf','.eJxVjMsOwiAURP-FtSGtvN3ZHyH3wiUQG5oIrIz_bmu60OWcmTkv5mH07Eejpy-R3Zhil1-GEB5UjwLW9cAcQthG7fy7OevG73ui2kuAXra6nK8_VYaWd49B1AYkIUojpDNCOELtLE4xJpRap0koilcpLSnEeUYVBWlMyYGwCdj7A8sjPRg:1s3Ivh:mXUH1d5snl5w6ygzEneGK0bPFcLpBfRmo84AS6fH45I','2024-05-18 17:12:09.599127');
INSERT INTO django_session VALUES('6ucyx6k4l90crsn0j0adbu20glxe6ry9','.eJxVjMsOwiAURP-FtSGtvN3ZHyH3wiUQG5oIrIz_bmu60OWcmTkv5mH07Eejpy-R3Zhil1-GEB5UjwLW9cAcQthG7fy7OevG73ui2kuAXra6nK8_VYaWd49B1AYkIUojpDNCOELtLE4xJpRap0koilcpLSnEeUYVBWlMyYGwCdj7A8sjPRg:1s3Jxl:BLD2S04Y_kk-xC-SB49S4YQzk9iuq5zfy72JIg-HDwc','2024-05-18 18:18:21.690891');
INSERT INTO django_session VALUES('wzoscjmmm4lm3izhm2ia0qh0so5d5dkm','.eJxVjMsOwiAURP-FtSGtvN3ZHyH3wiUQG5oIrIz_bmu60OWcmTkv5mH07Eejpy-R3Zhil1-GEB5UjwLW9cAcQthG7fy7OevG73ui2kuAXra6nK8_VYaWd49B1AYkIUojpDNCOELtLE4xJpRap0koilcpLSnEeUYVBWlMyYGwCdj7A8sjPRg:1s3KD6:wxD4_tZNyGiLCNi9Sc0GxAW0pKcueNs1v87LOOqt128','2024-05-18 18:34:12.704378');
INSERT INTO django_session VALUES('izqldxev6cdiw5efymu1siubtm91v1uc','.eJxVjMsOwiAURP-FtSGtvN3ZHyH3wiUQG5oIrIz_bmu60OWcmTkv5mH07Eejpy-R3Zhil1-GEB5UjwLW9cAcQthG7fy7OevG73ui2kuAXra6nK8_VYaWd49B1AYkIUojpDNCOELtLE4xJpRap0koilcpLSnEeUYVBWlMyYGwCdj7A8sjPRg:1s3KLh:kjqUyW4-XgPJ7zblQ3mv3JJ7LaspisdES-AaeXNHE60','2024-05-18 18:43:05.543916');
INSERT INTO django_session VALUES('kmmq62qh87be159aiyo1pmuvlpsbmy2d','.eJxVjMsOwiAURP-FtSGtvN3ZHyH3wiUQG5oIrIz_bmu60OWcmTkv5mH07Eejpy-R3Zhil1-GEB5UjwLW9cAcQthG7fy7OevG73ui2kuAXra6nK8_VYaWd49B1AYkIUojpDNCOELtLE4xJpRap0koilcpLSnEeUYVBWlMyYGwCdj7A8sjPRg:1s3KVq:KcR2BENnLdECgoutqGTfMn8YxYjqszz34dHTRGm0Be0','2024-05-18 18:53:34.326657');
INSERT INTO django_session VALUES('m4x65jsdgzao3u8wjp7zpndu64jp7bpp','.eJxVjMsOwiAURP-FtSGtvN3ZHyH3wiUQG5oIrIz_bmu60OWcmTkv5mH07Eejpy-R3Zhil1-GEB5UjwLW9cAcQthG7fy7OevG73ui2kuAXra6nK8_VYaWd49B1AYkIUojpDNCOELtLE4xJpRap0koilcpLSnEeUYVBWlMyYGwCdj7A8sjPRg:1s3KuH:VQzdhyXMSlByIStCTNdUDd8oQnvyLwiJe7MakGYzfIo','2024-05-18 19:18:49.458740');
INSERT INTO django_session VALUES('v0di8ee6lwflwsey4o0fcqm8omcy0hsi','.eJxVjMsOwiAURP-FtSGtvN3ZHyH3wiUQG5oIrIz_bmu60OWcmTkv5mH07Eejpy-R3Zhil1-GEB5UjwLW9cAcQthG7fy7OevG73ui2kuAXra6nK8_VYaWd49B1AYkIUojpDNCOELtLE4xJpRap0koilcpLSnEeUYVBWlMyYGwCdj7A8sjPRg:1s3Lrk:FaPFG-A4CyGGVI94xo_uB_eUulxWa-ClGb0dY1EF2K4','2024-05-18 20:20:16.311474');
INSERT INTO django_session VALUES('jcxoq25s192hooo8h3dwjl5stdnu1qy7','.eJxVjMsOwiAURP-FtSGtvN3ZHyH3wiUQG5oIrIz_bmu60OWcmTkv5mH07Eejpy-R3Zhil1-GEB5UjwLW9cAcQthG7fy7OevG73ui2kuAXra6nK8_VYaWd49B1AYkIUojpDNCOELtLE4xJpRap0koilcpLSnEeUYVBWlMyYGwCdj7A8sjPRg:1s3MHq:bztgjXwfpytHj-bqXT59KEnqj9L9B6K1Py2E_FJgIeI','2024-05-18 20:47:14.639029');
INSERT INTO django_session VALUES('mpvm1rhngbqq9tx9d12ndt4km4gs12vd','.eJxVjMsOwiAURP-FtSGtvN3ZHyH3wiUQG5oIrIz_bmu60OWcmTkv5mH07Eejpy-R3Zhil1-GEB5UjwLW9cAcQthG7fy7OevG73ui2kuAXra6nK8_VYaWd49B1AYkIUojpDNCOELtLE4xJpRap0koilcpLSnEeUYVBWlMyYGwCdj7A8sjPRg:1s3Mt1:qw-0PcJuRmTgKxalWn_lKk3vzrwAbFUlyXlwEXicmLs','2024-05-18 21:25:39.780354');
INSERT INTO django_session VALUES('ql4htw27wg7fho6qf0fxs4pagtid81fw','.eJxVjMsOwiAURP-FtSGtvN3ZHyH3wiUQG5oIrIz_bmu60OWcmTkv5mH07Eejpy-R3Zhil1-GEB5UjwLW9cAcQthG7fy7OevG73ui2kuAXra6nK8_VYaWd49B1AYkIUojpDNCOELtLE4xJpRap0koilcpLSnEeUYVBWlMyYGwCdj7A8sjPRg:1s3Mut:aIFaK1K-tYJuUeoXdvTcmY94Cz601_-J6tQAZmqMb4o','2024-05-18 21:27:35.243091');
INSERT INTO django_session VALUES('ljbb5238t2awy67s0wr3srqs37gvm1bt','.eJxVjMsOwiAURP-FtSGtvN3ZHyH3wiUQG5oIrIz_bmu60OWcmTkv5mH07Eejpy-R3Zhil1-GEB5UjwLW9cAcQthG7fy7OevG73ui2kuAXra6nK8_VYaWd49B1AYkIUojpDNCOELtLE4xJpRap0koilcpLSnEeUYVBWlMyYGwCdj7A8sjPRg:1s3Mvj:1JKRX4M2wcw9qAh93lvxsDp3bhwxVTKq5vLHal5Urvs','2024-05-18 21:28:27.549575');
INSERT INTO django_session VALUES('4eskmfgr8m2z7vpe5ntylvyfpc3uki5n','.eJxVjMsOwiAURP-FtSGtvN3ZHyH3wiUQG5oIrIz_bmu60OWcmTkv5mH07Eejpy-R3Zhil1-GEB5UjwLW9cAcQthG7fy7OevG73ui2kuAXra6nK8_VYaWd49B1AYkIUojpDNCOELtLE4xJpRap0koilcpLSnEeUYVBWlMyYGwCdj7A8sjPRg:1s3NIf:00kUvtuoNCikeLu6cOKzhnVIftEPwsoFmXA0OEGHB0o','2024-05-18 21:52:09.358330');
INSERT INTO django_session VALUES('ldihg1vj1eg3f3aoi8yzpwocuaqy5ov4','.eJxVjMsOwiAURP-FtSGtvN3ZHyH3wiUQG5oIrIz_bmu60OWcmTkv5mH07Eejpy-R3Zhil1-GEB5UjwLW9cAcQthG7fy7OevG73ui2kuAXra6nK8_VYaWd49B1AYkIUojpDNCOELtLE4xJpRap0koilcpLSnEeUYVBWlMyYGwCdj7A8sjPRg:1s3NRC:7bqug7_Z86qXc02Bv2BbmyhsJHoX7Yy0OrSCaxpPr6E','2024-05-18 22:00:58.527330');
INSERT INTO django_session VALUES('kz5zgzgjj44f628u7sarirgpt2riq78r','.eJxVjMsOwiAURP-FtSGtvN3ZHyH3wiUQG5oIrIz_bmu60OWcmTkv5mH07Eejpy-R3Zhil1-GEB5UjwLW9cAcQthG7fy7OevG73ui2kuAXra6nK8_VYaWd49B1AYkIUojpDNCOELtLE4xJpRap0koilcpLSnEeUYVBWlMyYGwCdj7A8sjPRg:1s3ODj:YLTACHeVTMnSmVkzx8u8Ia_8UO4BRHjyv-VMtJVKlKI','2024-05-18 22:51:07.551175');
INSERT INTO django_session VALUES('anv98l8sdb4i1rpa5znf8ekxl2e5g0zi','.eJxVjMsOwiAURP-FtSGtvN3ZHyH3wiUQG5oIrIz_bmu60OWcmTkv5mH07Eejpy-R3Zhil1-GEB5UjwLW9cAcQthG7fy7OevG73ui2kuAXra6nK8_VYaWd49B1AYkIUojpDNCOELtLE4xJpRap0koilcpLSnEeUYVBWlMyYGwCdj7A8sjPRg:1s3Scn:tE3uUJ4xUiEBXw6y0_8BttVRhz2mKruvcfWmZoubRwA','2024-05-19 03:33:17.951355');
INSERT INTO django_session VALUES('6a20ugsb3i468rxyzxaabykbiqg8ywis','e30:1s3Sea:aE-wGrqVJAwdY7M3mbDPY1sQI3evYfyH0IvzA8VW3ok','2024-05-19 03:35:08.554763');
INSERT INTO django_session VALUES('mjg3tc53vbcna20v9la5t7squuiil8pz','.eJxVjMsOwiAURP-FtSGtvN3ZHyH3wiUQG5oIrIz_bmu60OWcmTkv5mH07Eejpy-R3Zhil1-GEB5UjwLW9cAcQthG7fy7OevG73ui2kuAXra6nK8_VYaWd49B1AYkIUojpDNCOELtLE4xJpRap0koilcpLSnEeUYVBWlMyYGwCdj7A8sjPRg:1s3Sec:jpTqmpa5BnWu7-4BiCp0jYeXKu0gBcBkym3oaYAPAp8','2024-05-19 03:35:10.223120');
INSERT INTO django_session VALUES('fjnj32o8arb81whgobmdn8bs0nvxunzk','.eJxVjMsOwiAURP-FtSGtvN3ZHyH3wiUQG5oIrIz_bmu60OWcmTkv5mH07Eejpy-R3Zhil1-GEB5UjwLW9cAcQthG7fy7OevG73ui2kuAXra6nK8_VYaWd49B1AYkIUojpDNCOELtLE4xJpRap0koilcpLSnEeUYVBWlMyYGwCdj7A8sjPRg:1s3Skr:GTjF5xkC0DfCCpESkJEhz4pvWKsBZhcCBSfmV9yj0EM','2024-05-19 03:41:37.891737');
INSERT INTO django_session VALUES('w4unqiyh03d3ukm4b8cfuk0066pvrwap','.eJxVjMsOwiAURP-FtSGtvN3ZHyH3wiUQG5oIrIz_bmu60OWcmTkv5mH07Eejpy-R3Zhil1-GEB5UjwLW9cAcQthG7fy7OevG73ui2kuAXra6nK8_VYaWd49B1AYkIUojpDNCOELtLE4xJpRap0koilcpLSnEeUYVBWlMyYGwCdj7A8sjPRg:1s3T3M:SGzdZVA9kIu-zR0iDNVtZrIpESn4lH_8Ay2evFMw_yI','2024-05-19 04:00:44.076775');
INSERT INTO django_session VALUES('tz893ykc104tbge9r4bktzsdfjj7q9f3','.eJxVjMsOwiAURP-FtSGtvN3ZHyH3wiUQG5oIrIz_bmu60OWcmTkv5mH07Eejpy-R3Zhil1-GEB5UjwLW9cAcQthG7fy7OevG73ui2kuAXra6nK8_VYaWd49B1AYkIUojpDNCOELtLE4xJpRap0koilcpLSnEeUYVBWlMyYGwCdj7A8sjPRg:1s3UDj:yy8rG0nq11RdDEI1xDJOrn4LZbTpMLUsicAttwjBDP0','2024-05-19 05:15:31.844099');
INSERT INTO django_session VALUES('clzes9jmr6r239sbw2aswiaawtqbj83p','.eJxVjMsOwiAURP-FtSGtvN3ZHyH3wiUQG5oIrIz_bmu60OWcmTkv5mH07Eejpy-R3Zhil1-GEB5UjwLW9cAcQthG7fy7OevG73ui2kuAXra6nK8_VYaWd49B1AYkIUojpDNCOELtLE4xJpRap0koilcpLSnEeUYVBWlMyYGwCdj7A8sjPRg:1s3VWH:RvjpHtEVTL58q1KVsL5iYQtxG5UYTh1Uz8lCJz5snko','2024-05-19 06:38:45.810646');
INSERT INTO django_session VALUES('qfcqyc61nsc2u6d7kuh9swg32f7y7076','.eJxVjMsOwiAURP-FtSGtvN3ZHyH3wiUQG5oIrIz_bmu60OWcmTkv5mH07Eejpy-R3Zhil1-GEB5UjwLW9cAcQthG7fy7OevG73ui2kuAXra6nK8_VYaWd49B1AYkIUojpDNCOELtLE4xJpRap0koilcpLSnEeUYVBWlMyYGwCdj7A8sjPRg:1s3WKG:eCXQyeR936bX6rpgBqtvoljOhE6Eqi6kzuRKshw77E0','2024-05-19 07:30:24.668497');
INSERT INTO django_session VALUES('yocfh1cg95sgovqfpdnfy0pahn0hddoy','.eJxVjMsOwiAURP-FtSGtvN3ZHyH3wiUQG5oIrIz_bmu60OWcmTkv5mH07Eejpy-R3Zhil1-GEB5UjwLW9cAcQthG7fy7OevG73ui2kuAXra6nK8_VYaWd49B1AYkIUojpDNCOELtLE4xJpRap0koilcpLSnEeUYVBWlMyYGwCdj7A8sjPRg:1s3amN:d0WKwAAp5wXfxqcm_JicH1ILnGcdreA61XLrlBRPLoo','2024-05-19 12:15:43.179860');
INSERT INTO django_session VALUES('t1mfagbpo1qksrjy53u7nb0fxwbdfysa','.eJxVjMsOwiAURP-FtSGtvN3ZHyH3wiUQG5oIrIz_bmu60OWcmTkv5mH07Eejpy-R3Zhil1-GEB5UjwLW9cAcQthG7fy7OevG73ui2kuAXra6nK8_VYaWd49B1AYkIUojpDNCOELtLE4xJpRap0koilcpLSnEeUYVBWlMyYGwCdj7A8sjPRg:1s3bUf:kXX3Iur76-cA4hVV5AnHvherGgGJNA9W4zCSJ7illkM','2024-05-19 13:01:29.825086');
INSERT INTO django_session VALUES('tw93xxxv3k235h7ylpqytjp03dh2ele5','.eJxVjMsOwiAURP-FtSGtvN3ZHyH3wiUQG5oIrIz_bmu60OWcmTkv5mH07Eejpy-R3Zhil1-GEB5UjwLW9cAcQthG7fy7OevG73ui2kuAXra6nK8_VYaWd49B1AYkIUojpDNCOELtLE4xJpRap0koilcpLSnEeUYVBWlMyYGwCdj7A8sjPRg:1s3clf:MvZ10A_98VbxZ59CwB9k9AMOszYLeWK1xhcNBTFKG_s','2024-05-19 14:23:07.678182');
INSERT INTO django_session VALUES('50sz5k1s3zbnemxqyap6kiqm2tuw7wl2','.eJxVjMsOwiAURP-FtSGtvN3ZHyH3wiUQG5oIrIz_bmu60OWcmTkv5mH07Eejpy-R3Zhil1-GEB5UjwLW9cAcQthG7fy7OevG73ui2kuAXra6nK8_VYaWd49B1AYkIUojpDNCOELtLE4xJpRap0koilcpLSnEeUYVBWlMyYGwCdj7A8sjPRg:1s3o0V:ZlMrjmTz92kC95hwcVSmhBkg1Ovg870PEusU53ZHAbk','2024-05-20 02:23:11.341552');
INSERT INTO django_session VALUES('78amw9nznibimuq4vx4xpbjhw3ydyfpo','.eJxVjMsOwiAURP-FtSGtvN3ZHyH3wiUQG5oIrIz_bmu60OWcmTkv5mH07Eejpy-R3Zhil1-GEB5UjwLW9cAcQthG7fy7OevG73ui2kuAXra6nK8_VYaWd49B1AYkIUojpDNCOELtLE4xJpRap0koilcpLSnEeUYVBWlMyYGwCdj7A8sjPRg:1s3o1Z:ayEAg_m9w7PUwxf9L6PskVK3OuEMvdDnhXy8mDWYPV4','2024-05-20 02:24:17.124572');
INSERT INTO django_session VALUES('f428rwssdb48egzjnioyc9elmpy6fke1','e30:1s3oim:MUBLxqgPouu3mo7SdqYQ0PaYvHnxpuLvIRJRQi5AlJw','2024-05-20 03:08:56.768203');
INSERT INTO django_session VALUES('ibycl60or8wixsrdtp70y85q6msxxnhs','.eJxVjMsOwiAURP-FtSGtvN3ZHyH3wiUQG5oIrIz_bmu60OWcmTkv5mH07Eejpy-R3Zhil1-GEB5UjwLW9cAcQthG7fy7OevG73ui2kuAXra6nK8_VYaWd49B1AYkIUojpDNCOELtLE4xJpRap0koilcpLSnEeUYVBWlMyYGwCdj7A8sjPRg:1s3oin:0s3Dp9haZazmSsGGU1OjldLLoW6icgb9Ygu7de-Yuhg','2024-05-20 03:08:57.820909');
INSERT INTO django_session VALUES('qyc8uf7rhwlgqe88p7vcbk66j50ful6f','.eJxVjMsOwiAURP-FtSGtvN3ZHyH3wiUQG5oIrIz_bmu60OWcmTkv5mH07Eejpy-R3Zhil1-GEB5UjwLW9cAcQthG7fy7OevG73ui2kuAXra6nK8_VYaWd49B1AYkIUojpDNCOELtLE4xJpRap0koilcpLSnEeUYVBWlMyYGwCdj7A8sjPRg:1s3pwn:Fo0IyEnhNxsuYrpd5wq2VN-8iAtzMZtMp5kqLbVyNZ8','2024-05-20 04:27:29.701943');
INSERT INTO django_session VALUES('hho1kuu7frucm30kggaatnx3stosh9hi','.eJxVjMsOwiAURP-FtSGtvN3ZHyH3wiUQG5oIrIz_bmu60OWcmTkv5mH07Eejpy-R3Zhil1-GEB5UjwLW9cAcQthG7fy7OevG73ui2kuAXra6nK8_VYaWd49B1AYkIUojpDNCOELtLE4xJpRap0koilcpLSnEeUYVBWlMyYGwCdj7A8sjPRg:1s3qJi:FiuY4-DFK8kHHJq_G3c7JcxeG0O9ytEvcfW5yS7n69E','2024-05-20 04:51:10.259814');
INSERT INTO django_session VALUES('eekqe2pod9krtn1egxaemxyfhzoer0ob','.eJxVjMsOwiAURP-FtSGtvN3ZHyH3wiUQG5oIrIz_bmu60OWcmTkv5mH07Eejpy-R3Zhil1-GEB5UjwLW9cAcQthG7fy7OevG73ui2kuAXra6nK8_VYaWd49B1AYkIUojpDNCOELtLE4xJpRap0koilcpLSnEeUYVBWlMyYGwCdj7A8sjPRg:1s3rLc:08Oe8Tvobm-aUkAgwsT_NQzZepaX4v_SwvTANujBDvc','2024-05-20 05:57:12.894607');
INSERT INTO django_session VALUES('ebentr6aaxeblmn2vme69y3gve5p1bt5','.eJxVkFtvgkAQhf_LPqsRd7msb1raEmvQWgVr02xmb0oloCxQ0fjfi40P7bzN-c45mcwFMajKHauMKlgi0RDZqPNX4yD2KrsBSNOb3AMh8iore7-eOza9UbuprEwElEmeje-pf1U7MLu2x-XccYEozomLCXUxpoo71ON9KTUnjqP72FZyQIinbM4ti9sSK4drTQF7GtpSk4sE0vshzJRQKoOGFzTJDu8x1Jt8NV3VAd6j4ccFHYpcKNNylObbJGvjEkpAw6xK0w467IViIpeK1apIdKKK1jg3LJiuiYwiU_hjnxoWhnUBs4Wavel1xAcyLpajSeizr-bYlWbpPeCJHz41wSluvr30LLSan7vnIDhJC2LoBmEUeX7CRi6J18fN9LDWA_eV22L3bKK6OUXbhj7uX7LRKa4WNELXjuVa7W_aoT2CPUz7-PN6_QF3M5Dg:1s3s4M:gKZQ_J4mN0lAt5a149VQrwlkzN98WVP--QcCsCjd2wA','2024-05-20 06:43:26.608988');
INSERT INTO django_session VALUES('amky35tweoz1d509k6fk9j3l7dn4oycm','.eJxVjMsOwiAURP-FtSGtvN3ZHyH3wiUQG5oIrIz_bmu60OWcmTkv5mH07Eejpy-R3Zhil1-GEB5UjwLW9cAcQthG7fy7OevG73ui2kuAXra6nK8_VYaWd49B1AYkIUojpDNCOELtLE4xJpRap0koilcpLSnEeUYVBWlMyYGwCdj7A8sjPRg:1s3sci:2PyEgloYeevOyODekEOG9NLYdwLG3nLPWGIGT67YT6k','2024-05-20 07:18:56.857628');
INSERT INTO django_session VALUES('28bsld1v5gqvrpedgv9zi27ylnp4famy','.eJxVjMsOwiAURP-FtSGtvN3ZHyH3wiUQG5oIrIz_bmu60OWcmTkv5mH07Eejpy-R3Zhil1-GEB5UjwLW9cAcQthG7fy7OevG73ui2kuAXra6nK8_VYaWd49B1AYkIUojpDNCOELtLE4xJpRap0koilcpLSnEeUYVBWlMyYGwCdj7A8sjPRg:1s3sgm:Sv7oYffWWaVNwpwRSuwcU7a_u-mUqaaI1BYAAP2QS7Y','2024-05-20 07:23:08.826585');
INSERT INTO django_session VALUES('wqf9ssplsu7f9eu05yrobcoogfz37w1p','.eJxVjMsOwiAURP-FtSGtvN3ZHyH3wiUQG5oIrIz_bmu60OWcmTkv5mH07Eejpy-R3Zhil1-GEB5UjwLW9cAcQthG7fy7OevG73ui2kuAXra6nK8_VYaWd49B1AYkIUojpDNCOELtLE4xJpRap0koilcpLSnEeUYVBWlMyYGwCdj7A8sjPRg:1s3slJ:IF32kbKPDhoAHCr6upeFxbetI3N33OeO9leNBnkURWA','2024-05-20 07:27:49.867587');
INSERT INTO django_session VALUES('gf0n8nb2hqoibos7i16p6xu9shju808r','.eJxVjMsOwiAURP-FtSGtvN3ZHyH3wiUQG5oIrIz_bmu60OWcmTkv5mH07Eejpy-R3Zhil1-GEB5UjwLW9cAcQthG7fy7OevG73ui2kuAXra6nK8_VYaWd49B1AYkIUojpDNCOELtLE4xJpRap0koilcpLSnEeUYVBWlMyYGwCdj7A8sjPRg:1s3u0Y:BJFn81Gq_rfriBbXJjxm7vUG0wNElXSsIo-98-wdSiM','2024-05-20 08:47:38.723268');
INSERT INTO django_session VALUES('obqt0ue3wxjqcm1ej5dgil0uvtxm6x8k','.eJxVjMsOwiAURP-FtSGtvN3ZHyH3wiUQG5oIrIz_bmu60OWcmTkv5mH07Eejpy-R3Zhil1-GEB5UjwLW9cAcQthG7fy7OevG73ui2kuAXra6nK8_VYaWd49B1AYkIUojpDNCOELtLE4xJpRap0koilcpLSnEeUYVBWlMyYGwCdj7A8sjPRg:1s3uk8:0YVhxtNkQvhHpo6E3CLIDLUAHCryiskV8ST3S5_e1fI','2024-05-20 09:34:44.740885');
INSERT INTO django_session VALUES('18oy2vlxmk9yy2adw7b1kmh6j962y1kh','.eJxVjMsOwiAURP-FtSGtvN3ZHyH3wiUQG5oIrIz_bmu60OWcmTkv5mH07Eejpy-R3Zhil1-GEB5UjwLW9cAcQthG7fy7OevG73ui2kuAXra6nK8_VYaWd49B1AYkIUojpDNCOELtLE4xJpRap0koilcpLSnEeUYVBWlMyYGwCdj7A8sjPRg:1s3w6f:We5TfICnWNYf5MUgylLJOhExP9iIck5fEteLaidyq1w','2024-05-20 11:02:05.698068');
INSERT INTO django_session VALUES('1vcr3hb5yuasoaifzpdce9asjg3n5859','.eJxVjMsOwiAURP-FtSGtvN3ZHyH3wiUQG5oIrIz_bmu60OWcmTkv5mH07Eejpy-R3Zhil1-GEB5UjwLW9cAcQthG7fy7OevG73ui2kuAXra6nK8_VYaWd49B1AYkIUojpDNCOELtLE4xJpRap0koilcpLSnEeUYVBWlMyYGwCdj7A8sjPRg:1s3xFb:6wfg10BL1B91HliItOJlTsJ_cgA8yp28XMDzOE7_Gik','2024-05-20 12:15:23.682566');
INSERT INTO django_session VALUES('wnt517rqdnn4qld8j9jlp6rnonni45wq','.eJxVjMsOwiAURP-FtSGtvN3ZHyH3wiUQG5oIrIz_bmu60OWcmTkv5mH07Eejpy-R3Zhil1-GEB5UjwLW9cAcQthG7fy7OevG73ui2kuAXra6nK8_VYaWd49B1AYkIUojpDNCOELtLE4xJpRap0koilcpLSnEeUYVBWlMyYGwCdj7A8sjPRg:1s3yZl:Xs4yAjG_z_GF8dUe3m0RraEEPuVU_9JkzgjwMgiDB-g','2024-05-20 13:40:17.497516');
INSERT INTO django_session VALUES('ladzt9wm455vzorlvk9iw46ug6v25ro6','.eJxVjMEOwiAQRP-Fs2lgWSx60x8hy7KkxIYmFk7Gf7c1Pehx3sy8lwrU2xT6Ks9Qkroqo9XpF0bih9S9oXne8UDMS69t-G6Oeh1uW5LaClMrS70frz_VROu0edAwxiTZ0gUckqGRQXyyGUYYEdBbRm2dAy90TuyAMGqP2VFCcRHU-wPdTzxj:1s3zfP:MCK_oQ6N8q3cjvkCWAGp9Vd8wu8DrFC5V9VOoJe-t2Y','2024-05-20 14:50:11.682958');
INSERT INTO django_session VALUES('leb5b1ki019fufdn7dmfxokhqnjlsgot','.eJxVjMEOwiAQRP-Fs2lgWSx60x8hy7KkxIYmFk7Gf7c1Pehx3sy8lwrU2xT6Ks9Qkroqo9XpF0bih9S9oXne8UDMS69t-G6Oeh1uW5LaClMrS70frz_VROu0edAwxiTZ0gUckqGRQXyyGUYYEdBbRm2dAy90TuyAMGqP2VFCcRHU-wPdTzxj:1s400A:_MO_cGtN9a_oaWeGSIj6NwOWoTjSmBDMhw_3QRbfPCw','2024-05-20 15:11:38.970787');
INSERT INTO django_session VALUES('r32qkp98aigmuag8j7syb71qrar4h7kp','.eJxVjMEOwiAQRP-Fs2lgWSx60x8hy7KkxIYmFk7Gf7c1Pehx3sy8lwrU2xT6Ks9Qkroqo9XpF0bih9S9oXne8UDMS69t-G6Oeh1uW5LaClMrS70frz_VROu0edAwxiTZ0gUckqGRQXyyGUYYEdBbRm2dAy90TuyAMGqP2VFCcRHU-wPdTzxj:1s40O9:rQduBfvoKlXwJ9cKmz33KXR69mmT8NuJ_NWJvTSHCPs','2024-05-20 15:36:25.625428');
INSERT INTO django_session VALUES('nh5qz5qvjuiqhdp2fevz0wxgvobo08pt','.eJxVjMsOwiAURP-FtSGtvN3ZHyH3wiUQG5oIrIz_bmu60OWcmTkv5mH07Eejpy-R3Zhil1-GEB5UjwLW9cAcQthG7fy7OevG73ui2kuAXra6nK8_VYaWd49B1AYkIUojpDNCOELtLE4xJpRap0koilcpLSnEeUYVBWlMyYGwCdj7A8sjPRg:1s40oL:Ns0qGsan_qsmoa03cDty9nuJQVoTowy7L9QGdJmKg4Q','2024-05-20 16:03:29.664450');
INSERT INTO django_session VALUES('3avndoi1vzq2t9xz7prsutkxk2te0uzi','.eJxVjMsOwiAURP-FtSGtvN3ZHyH3wiUQG5oIrIz_bmu60OWcmTkv5mH07Eejpy-R3Zhil1-GEB5UjwLW9cAcQthG7fy7OevG73ui2kuAXra6nK8_VYaWd49B1AYkIUojpDNCOELtLE4xJpRap0koilcpLSnEeUYVBWlMyYGwCdj7A8sjPRg:1s4181:TX0h1jAtIeJ7SQ9yK56qPDRsiqCdN6f0LEulaRJqzow','2024-05-20 16:23:49.848690');
INSERT INTO django_session VALUES('874qm8yfvrqaqc6q6fh7smljhhnz1yni','.eJxVjL0OwjAQg98lM6ouyfWSssGLVJc_JaJKJZpMiHenRR1g8GB_tl9i5t7y3Lf4nEsQVyGluPyGjv0j1oPwshzxwN6vvbbh2znxNtx2F2srnltZ6_1c_V1l3vL-Q4rBkEE7AUX0blI4GTR21zgqlRQwOQSSFrXWjpQMYDU60IkCpijeH48qOp0:1s41O6:rk5mkYXCD-y_wRJXDTGsmn4LqZ_2Co40plwF9eknvxs','2024-05-20 16:40:26.431826');
INSERT INTO django_session VALUES('nqxyzgmjqoetlop6pmxrrt2x28gnphjk','.eJxVjMEOwiAQRP-Fs2lgWSx60x8hy7KkxIYmFk7Gf7c1Pehx3sy8lwrU2xT6Ks9Qkroqo9XpF0bih9S9oXne8UDMS69t-G6Oeh1uW5LaClMrS70frz_VROu0edAwxiTZ0gUckqGRQXyyGUYYEdBbRm2dAy90TuyAMGqP2VFCcRHU-wPdTzxj:1s4275:77XQOAG_ENTy7Kwq0KOf-1hwqxKonL_EA0HNDx82LUo','2024-05-20 17:26:55.618475');
INSERT INTO django_session VALUES('wbuz8ioq7jlu086yywu48xbcq7wfckgt','.eJxVjMEOwiAQRP-Fs2lgWSx60x8hy7KkxIYmFk7Gf7c1Pehx3sy8lwrU2xT6Ks9Qkroqo9XpF0bih9S9oXne8UDMS69t-G6Oeh1uW5LaClMrS70frz_VROu0edAwxiTZ0gUckqGRQXyyGUYYEdBbRm2dAy90TuyAMGqP2VFCcRHU-wPdTzxj:1s42Ld:9yOhYMU7dCxzu_CCocmtb9JyX4eJKrygsWawHUyJNdA','2024-05-20 17:41:57.424515');
INSERT INTO django_session VALUES('iin070idzkonhhzsd7s2kvdpuafcdnmo','.eJxVjMsOwiAURP-FtSGtvN3ZHyH3wiUQG5oIrIz_bmu60OWcmTkv5mH07Eejpy-R3Zhil1-GEB5UjwLW9cAcQthG7fy7OevG73ui2kuAXra6nK8_VYaWd49B1AYkIUojpDNCOELtLE4xJpRap0koilcpLSnEeUYVBWlMyYGwCdj7A8sjPRg:1s43UO:cw5Q8Zp58a6nzlwoPRykdgQUizNad-HKRJ8MHi94SqQ','2024-05-20 18:55:04.628370');
INSERT INTO django_session VALUES('3wenjeiy49tslki4v3pe7ato28u2amg0','.eJxVjMsOwiAURP-FtSGtvN3ZHyH3wiUQG5oIrIz_bmu60OWcmTkv5mH07Eejpy-R3Zhil1-GEB5UjwLW9cAcQthG7fy7OevG73ui2kuAXra6nK8_VYaWd49B1AYkIUojpDNCOELtLE4xJpRap0koilcpLSnEeUYVBWlMyYGwCdj7A8sjPRg:1s4DwT:DdaEXaehpTcBq_sEsvp5155c0oaFUuHnUxm2nTtnXuc','2024-05-21 06:04:45.231380');
INSERT INTO django_session VALUES('klkfsi3uxgnavttjkgm23s07ebc5oiq2','.eJxVjMEOwiAQRP-Fs2lgWSx60x8hy7KkxIYmFk7Gf7c1Pehx3sy8lwrU2xT6Ks9Qkroqo9XpF0bih9S9oXne8UDMS69t-G6Oeh1uW5LaClMrS70frz_VROu0edAwxiTZ0gUckqGRQXyyGUYYEdBbRm2dAy90TuyAMGqP2VFCcRHU-wPdTzxj:1s4HJg:YN2_1iJtQA4-2AyI8ivwHJeFRNZlhRAxcBbmC5MY_NM','2024-05-21 09:40:56.212721');
INSERT INTO django_session VALUES('ko7cucyu6u8sk8i373gb3naet6p621zg','.eJxVjMEOwiAQRP-Fs2lgWSx60x8hy7KkxIYmFk7Gf7c1Pehx3sy8lwrU2xT6Ks9Qkroqo9XpF0bih9S9oXne8UDMS69t-G6Oeh1uW5LaClMrS70frz_VROu0edAwxiTZ0gUckqGRQXyyGUYYEdBbRm2dAy90TuyAMGqP2VFCcRHU-wPdTzxj:1s4Ixc:qsO8ziBTRwt1HPiLSn8vfg7RtD54E1BlMHrxQa_bWcE','2024-05-21 11:26:16.064649');
INSERT INTO django_session VALUES('bt7vvqodvqzkj05hm5mn6kpi98dpx98k','.eJxVjMsOwiAURP-FtSGtvN3ZHyH3wiUQG5oIrIz_bmu60OWcmTkv5mH07Eejpy-R3Zhil1-GEB5UjwLW9cAcQthG7fy7OevG73ui2kuAXra6nK8_VYaWd49B1AYkIUojpDNCOELtLE4xJpRap0koilcpLSnEeUYVBWlMyYGwCdj7A8sjPRg:1s4KFx:VYW49oi6uaxM0wXG5hc5Vgr0VKMt06B2VNteC91SJOc','2024-05-21 12:49:17.038350');
INSERT INTO django_session VALUES('q0mwxfy01g995axa4ozkldrllgxyx3be','.eJxVjMEOwiAQRP-Fs2lgWSx60x8hy7KkxIYmFk7Gf7c1Pehx3sy8lwrU2xT6Ks9Qkroqo9XpF0bih9S9oXne8UDMS69t-G6Oeh1uW5LaClMrS70frz_VROu0edAwxiTZ0gUckqGRQXyyGUYYEdBbRm2dAy90TuyAMGqP2VFCcRHU-wPdTzxj:1s4L0j:6UVaUikhPOPj_ylXoAfNol8DLygItLZP_0Uh__bvjzg','2024-05-21 13:37:37.156724');
INSERT INTO django_session VALUES('eevbdlyeypn93kloxt20jx25xpb1zsfw','.eJxVjMEOwiAQRP-Fs2lgWSx60x8hy7KkxIYmFk7Gf7c1Pehx3sy8lwrU2xT6Ks9Qkroqo9XpF0bih9S9oXne8UDMS69t-G6Oeh1uW5LaClMrS70frz_VROu0edAwxiTZ0gUckqGRQXyyGUYYEdBbRm2dAy90TuyAMGqP2VFCcRHU-wPdTzxj:1s4LDd:95h8kZ2008zBOkXQ7ppeW2ttlUxpyhZFqmEpIICRwGg','2024-05-21 13:50:57.110620');
INSERT INTO django_session VALUES('eqjvtlkbija9hfmiynt57wuy0g5vsy0z','.eJxVjMEOwiAQRP-Fs2lgWSx60x8hy7KkxIYmFk7Gf7c1Pehx3sy8lwrU2xT6Ks9Qkroqo9XpF0bih9S9oXne8UDMS69t-G6Oeh1uW5LaClMrS70frz_VROu0edAwxiTZ0gUckqGRQXyyGUYYEdBbRm2dAy90TuyAMGqP2VFCcRHU-wPdTzxj:1s4LNg:tc-7MdL6H5QVyV1DlDZNfKsHFwfyFmBXL8WQMXXjq48','2024-05-21 14:01:20.533803');
INSERT INTO django_session VALUES('l7w520zkxm15q7n2t2gc6du14vieff56','.eJxVjMEOwiAQRP-Fs2lgWSx60x8hy7KkxIYmFk7Gf7c1Pehx3sy8lwrU2xT6Ks9Qkroqo9XpF0bih9S9oXne8UDMS69t-G6Oeh1uW5LaClMrS70frz_VROu0edAwxiTZ0gUckqGRQXyyGUYYEdBbRm2dAy90TuyAMGqP2VFCcRHU-wPdTzxj:1s4LaB:kMAMjzvnjsmvcyHuC2_Jr6UPNR5xue10McgXTxcmJcE','2024-05-21 14:14:15.230792');
INSERT INTO django_session VALUES('2wxdl8efoc20aweofzktnvhkc700ajdk','.eJxVjMsOwiAURP-FtSGtvN3ZHyH3wiUQG5oIrIz_bmu60OWcmTkv5mH07Eejpy-R3Zhil1-GEB5UjwLW9cAcQthG7fy7OevG73ui2kuAXra6nK8_VYaWd49B1AYkIUojpDNCOELtLE4xJpRap0koilcpLSnEeUYVBWlMyYGwCdj7A8sjPRg:1s4MTX:MZYvtU7o0bcuCbSD04MLjyj0SxMzwkorWzgZesA_DEM','2024-05-21 15:11:27.292560');
INSERT INTO django_session VALUES('xaass2lgef1s1fw9px11xrue5u9dmhgc','.eJxVjMEOwiAQRP-Fs2lgWSx60x8hy7KkxIYmFk7Gf7c1Pehx3sy8lwrU2xT6Ks9Qkroqo9XpF0bih9S9oXne8UDMS69t-G6Oeh1uW5LaClMrS70frz_VROu0edAwxiTZ0gUckqGRQXyyGUYYEdBbRm2dAy90TuyAMGqP2VFCcRHU-wPdTzxj:1s4N5Q:TFVxQ9kG2Qr6TLxBweh9RLtWz-HWuK0WFH008p9IFLw','2024-05-21 15:50:36.117540');
INSERT INTO django_session VALUES('hpzepaqsza24q3stz6nwm74uheyy2f60','.eJxVjMEOwiAQRP-Fs2lgWSx60x8hy7KkxIYmFk7Gf7c1Pehx3sy8lwrU2xT6Ks9Qkroqo9XpF0bih9S9oXne8UDMS69t-G6Oeh1uW5LaClMrS70frz_VROu0edAwxiTZ0gUckqGRQXyyGUYYEdBbRm2dAy90TuyAMGqP2VFCcRHU-wPdTzxj:1s4NHu:DGiXudqRZXaQnoirNknPd73I6-sHkEVkutDvSpTXDEg','2024-05-21 16:03:30.040941');
INSERT INTO django_session VALUES('he6d57y2q49mzvek61j405qtjggpi38v','.eJxVjMEOwiAQRP-Fs2lgWSx60x8hy7KkxIYmFk7Gf7c1Pehx3sy8lwrU2xT6Ks9Qkroqo9XpF0bih9S9oXne8UDMS69t-G6Oeh1uW5LaClMrS70frz_VROu0edAwxiTZ0gUckqGRQXyyGUYYEdBbRm2dAy90TuyAMGqP2VFCcRHU-wPdTzxj:1s4Nx3:CqPdutdOoTymQ-V1M8ysia9o9nNW0sGA4q9o0pvZS0M','2024-05-21 16:46:01.151964');
INSERT INTO django_session VALUES('znac19mqmsllxtnyui5cz6gmhx9wwa75','.eJxVjMsOwiAURP-FtSGtvN3ZHyH3wiUQG5oIrIz_bmu60OWcmTkv5mH07Eejpy-R3Zhil1-GEB5UjwLW9cAcQthG7fy7OevG73ui2kuAXra6nK8_VYaWd49B1AYkIUojpDNCOELtLE4xJpRap0koilcpLSnEeUYVBWlMyYGwCdj7A8sjPRg:1s4P84:ZwphLKt8qP8rpOp7IcQyrmj1Ix6zREYigrWXBsbVQFA','2024-05-21 18:01:28.151498');
INSERT INTO django_session VALUES('hgndxejpdfgxbjxdc1dc7cu1jwrojy6u','.eJxVjMsOwiAURP-FtSGtvN3ZHyH3wiUQG5oIrIz_bmu60OWcmTkv5mH07Eejpy-R3Zhil1-GEB5UjwLW9cAcQthG7fy7OevG73ui2kuAXra6nK8_VYaWd49B1AYkIUojpDNCOELtLE4xJpRap0koilcpLSnEeUYVBWlMyYGwCdj7A8sjPRg:1s4P9E:2FQ-se5MSidRWsWbr7SVPm_Te10RJ7iqB-TjX3P3JD0','2024-05-21 18:02:40.618029');
INSERT INTO django_session VALUES('r50h9kjalfmrbajnekddomm4h502lat0','.eJxVjMsOwiAURP-FtSGtvN3ZHyH3wiUQG5oIrIz_bmu60OWcmTkv5mH07Eejpy-R3Zhil1-GEB5UjwLW9cAcQthG7fy7OevG73ui2kuAXra6nK8_VYaWd49B1AYkIUojpDNCOELtLE4xJpRap0koilcpLSnEeUYVBWlMyYGwCdj7A8sjPRg:1s4PJF:vwZfW2Lqe3oad0_jyZ7D0tM0qjNwjJ6ju7RF3XVhPic','2024-05-21 18:13:01.207361');
INSERT INTO django_session VALUES('hcj7qr63ju8vpdi7uiu01g4a8lq9mydi','.eJxVjMsOwiAURP-FtSGtvN3ZHyH3wiUQG5oIrIz_bmu60OWcmTkv5mH07Eejpy-R3Zhil1-GEB5UjwLW9cAcQthG7fy7OevG73ui2kuAXra6nK8_VYaWd49B1AYkIUojpDNCOELtLE4xJpRap0koilcpLSnEeUYVBWlMyYGwCdj7A8sjPRg:1s4R4W:9chDteaWxZla0IM3U29pbHcwrFS2METhkWXdVrshrHc','2024-05-21 20:05:56.603480');
INSERT INTO django_session VALUES('u64bx6imkt4kaji0h2htb5uuvkfb0yit','.eJxVjMsOwiAURP-FtSGtvN3ZHyH3wiUQG5oIrIz_bmu60OWcmTkv5mH07Eejpy-R3Zhil1-GEB5UjwLW9cAcQthG7fy7OevG73ui2kuAXra6nK8_VYaWd49B1AYkIUojpDNCOELtLE4xJpRap0koilcpLSnEeUYVBWlMyYGwCdj7A8sjPRg:1s4RS9:I8msRoS2Ypn4OAKris7c3-Ifg_DCbSOkKw-c6aszKlg','2024-05-21 20:30:21.772486');
INSERT INTO django_session VALUES('ces3yx9j8qy4tshchqnd5qa4ketdh29c','.eJxVjMsOwiAURP-FtSGtvN3ZHyH3wiUQG5oIrIz_bmu60OWcmTkv5mH07Eejpy-R3Zhil1-GEB5UjwLW9cAcQthG7fy7OevG73ui2kuAXra6nK8_VYaWd49B1AYkIUojpDNCOELtLE4xJpRap0koilcpLSnEeUYVBWlMyYGwCdj7A8sjPRg:1s4RjC:dsuirJsRSCN4V7ykVLT3JGn5-1njXBQ05z9QxumtzV0','2024-05-21 20:47:58.120261');
INSERT INTO django_session VALUES('j381bl4r3g0o5fyy17rxug818qfv01mj','.eJxVjMsOwiAURP-FtSGtvN3ZHyH3wiUQG5oIrIz_bmu60OWcmTkv5mH07Eejpy-R3Zhil1-GEB5UjwLW9cAcQthG7fy7OevG73ui2kuAXra6nK8_VYaWd49B1AYkIUojpDNCOELtLE4xJpRap0koilcpLSnEeUYVBWlMyYGwCdj7A8sjPRg:1s4Rvp:QuDZY9Nzuzzol6DiLVrj4Q0ffSOVL-PoY4OgXmg2nmM','2024-05-21 21:01:01.038575');
INSERT INTO django_session VALUES('e2c28qd8qx6sbmqop8w24xw1ugoc3he0','.eJxVjMEOwiAQRP-Fs2lgWSx60x8hy7KkxIYmFk7Gf7c1Pehx3sy8lwrU2xT6Ks9Qkroqo9XpF0bih9S9oXne8UDMS69t-G6Oeh1uW5LaClMrS70frz_VROu0edAwxiTZ0gUckqGRQXyyGUYYEdBbRm2dAy90TuyAMGqP2VFCcRHU-wPdTzxj:1s4XwI:IxhZMtxG-XfwKCQ_Rj74eA5Xjkcdjj7AuxZOPY8dK_c','2024-05-22 03:25:54.152873');
INSERT INTO django_session VALUES('yofnwhcqugtax34lzzai7tlp0zjwpbfd','.eJxVjMEOwiAQRP-Fs2lgWSx60x8hy7KkxIYmFk7Gf7c1Pehx3sy8lwrU2xT6Ks9Qkroqo9XpF0bih9S9oXne8UDMS69t-G6Oeh1uW5LaClMrS70frz_VROu0edAwxiTZ0gUckqGRQXyyGUYYEdBbRm2dAy90TuyAMGqP2VFCcRHU-wPdTzxj:1s4YBE:ZW6SrktE0AmcPN7N-UYaDlJw1kUbYTfLKjaE5Lj_0p8','2024-05-22 03:41:20.536996');
INSERT INTO django_session VALUES('44s5bbxdsaaiul5feg8ltxcgn1t6kdz5','.eJxVjMEOwiAQRP-Fs2lgWSx60x8hy7KkxIYmFk7Gf7c1Pehx3sy8lwrU2xT6Ks9Qkroqo9XpF0bih9S9oXne8UDMS69t-G6Oeh1uW5LaClMrS70frz_VROu0edAwxiTZ0gUckqGRQXyyGUYYEdBbRm2dAy90TuyAMGqP2VFCcRHU-wPdTzxj:1s4Zeg:U4bmqKsdatoL3SbVUgXY_gs_AL-VkIOlJ5Wa_di_t58','2024-05-22 05:15:50.678681');
INSERT INTO django_session VALUES('inlt6ddx1da4bpkw6zowh69nbngyujl1','.eJxVjMEOwiAQRP-Fs2lgWSx60x8hy7KkxIYmFk7Gf7c1Pehx3sy8lwrU2xT6Ks9Qkroqo9XpF0bih9S9oXne8UDMS69t-G6Oeh1uW5LaClMrS70frz_VROu0edAwxiTZ0gUckqGRQXyyGUYYEdBbRm2dAy90TuyAMGqP2VFCcRHU-wPdTzxj:1s4Znh:SerIVkjhkf7zRg6qXIXYEBj380e9UGbUi_eVE73pF24','2024-05-22 05:25:09.318581');
INSERT INTO django_session VALUES('wr1lb5d9kk238sqnxi2ira1w96r2vhx3','.eJxVjMEOwiAQRP-Fs2lgWSx60x8hy7KkxIYmFk7Gf7c1Pehx3sy8lwrU2xT6Ks9Qkroqo9XpF0bih9S9oXne8UDMS69t-G6Oeh1uW5LaClMrS70frz_VROu0edAwxiTZ0gUckqGRQXyyGUYYEdBbRm2dAy90TuyAMGqP2VFCcRHU-wPdTzxj:1s4dBT:XkdcKp_txBYOsTrKrFFyIVYp5RNcusY8k5_Qfk7fL30','2024-05-22 09:01:55.475532');
INSERT INTO django_session VALUES('rpoy46kgbirepemr4lhz54kt4fnll35a','.eJxVjMEOwiAQRP-Fs2lgWSx60x8hy7KkxIYmFk7Gf7c1Pehx3sy8lwrU2xT6Ks9Qkroqo9XpF0bih9S9oXne8UDMS69t-G6Oeh1uW5LaClMrS70frz_VROu0edAwxiTZ0gUckqGRQXyyGUYYEdBbRm2dAy90TuyAMGqP2VFCcRHU-wPdTzxj:1s4fJx:91lAyw9GgyGSF-GKbFSq0X_kf3lUvgXVS6qXQKH--vg','2024-05-22 11:18:49.760401');
INSERT INTO django_session VALUES('0a8dlvupfc76eb3d06icfi4yhtffzns7','.eJxVjMEOwiAQRP-Fs2lgWSx60x8hy7KkxIYmFk7Gf7c1Pehx3sy8lwrU2xT6Ks9Qkroqo9XpF0bih9S9oXne8UDMS69t-G6Oeh1uW5LaClMrS70frz_VROu0edAwxiTZ0gUckqGRQXyyGUYYEdBbRm2dAy90TuyAMGqP2VFCcRHU-wPdTzxj:1s4feT:T5rhX3OM9KXBX_wiusMvwrpUPz10GxnYeV_gXgosWR8','2024-05-22 11:40:01.599130');
INSERT INTO django_session VALUES('d3drm28uia7me3i9qrjazjszc8wysjbf','.eJxVjMEOwiAQRP-Fs2lgWSx60x8hy7KkxIYmFk7Gf7c1Pehx3sy8lwrU2xT6Ks9Qkroqo9XpF0bih9S9oXne8UDMS69t-G6Oeh1uW5LaClMrS70frz_VROu0edAwxiTZ0gUckqGRQXyyGUYYEdBbRm2dAy90TuyAMGqP2VFCcRHU-wPdTzxj:1s4jT3:DjNAU2_hG5CqDqn6CiUd-N9tZxdeP3okk4WlWqlvTJk','2024-05-22 15:44:29.679409');
INSERT INTO django_session VALUES('yucp4adkjdnu50apwgn1w874f408e07y','.eJxVjMEOwiAQRP-Fs2lgWSx60x8hy7KkxIYmFk7Gf7c1Pehx3sy8lwrU2xT6Ks9Qkroqo9XpF0bih9S9oXne8UDMS69t-G6Oeh1uW5LaClMrS70frz_VROu0edAwxiTZ0gUckqGRQXyyGUYYEdBbRm2dAy90TuyAMGqP2VFCcRHU-wPdTzxj:1s4k8n:D3ZmdwCwsMcVlz7dK5a2eciix0QrjjNw3PBg90K5PtM','2024-05-22 16:27:37.170226');
INSERT INTO django_session VALUES('qcsprwwe2rdisn6ua135k6u3bpwg9xy6','.eJxVjMEOwiAQRP-Fs2lgWSx60x8hy7KkxIYmFk7Gf7c1Pehx3sy8lwrU2xT6Ks9Qkroqo9XpF0bih9S9oXne8UDMS69t-G6Oeh1uW5LaClMrS70frz_VROu0edAwxiTZ0gUckqGRQXyyGUYYEdBbRm2dAy90TuyAMGqP2VFCcRHU-wPdTzxj:1s4kWj:oDbsRm_dNjWNK--gyHvYC6ZQNCVLne1zqTl0Uy5T6eo','2024-05-22 16:52:21.773968');
INSERT INTO django_session VALUES('ixng4tt2hc96dnjvvtfw0wczqni7o38x','.eJxVjMEOwiAQRP-Fs2lgWSx60x8hy7KkxIYmFk7Gf7c1Pehx3sy8lwrU2xT6Ks9Qkroqo9XpF0bih9S9oXne8UDMS69t-G6Oeh1uW5LaClMrS70frz_VROu0edAwxiTZ0gUckqGRQXyyGUYYEdBbRm2dAy90TuyAMGqP2VFCcRHU-wPdTzxj:1s4lPh:iz0EYUXdun6qmaObLLZNc-n1fKLOxK7Loab_A_kYKdA','2024-05-22 17:49:09.354558');
INSERT INTO django_session VALUES('fk1lhonhqfoqyr2zywtwzkjkcprp3d9q','.eJxVjMEOwiAQRP-Fs2lgWSx60x8hy7KkxIYmFk7Gf7c1Pehx3sy8lwrU2xT6Ks9Qkroqo9XpF0bih9S9oXne8UDMS69t-G6Oeh1uW5LaClMrS70frz_VROu0edAwxiTZ0gUckqGRQXyyGUYYEdBbRm2dAy90TuyAMGqP2VFCcRHU-wPdTzxj:1s4lV9:C1If_6bBOIge4saBoZxNLVQYZao6SjLhjTn_EQLY7xQ','2024-05-22 17:54:47.168605');
INSERT INTO django_session VALUES('oleiqcigx8pxotvafdrr2musjvxl1g1t','.eJxVjMEOwiAQRP-Fs2lgWSx60x8hy7KkxIYmFk7Gf7c1Pehx3sy8lwrU2xT6Ks9Qkroqo9XpF0bih9S9oXne8UDMS69t-G6Oeh1uW5LaClMrS70frz_VROu0edAwxiTZ0gUckqGRQXyyGUYYEdBbRm2dAy90TuyAMGqP2VFCcRHU-wPdTzxj:1s54Fq:K6-g0QvGeUb5jUWwI-LoVI8erKmTCTNbDqjHh3btOF8','2024-05-23 13:56:14.151950');
INSERT INTO django_session VALUES('k1amgwlw80fmm1zfdjhcc6jn5d5dzxv0','.eJxVT8tugzAQ_Jc9I2Sv8Ytb8xtVhdZrE1AprsD0EuXfCwkXpD2s5qWZBxBz3ubS0VaGNJeRqYx57n5SGXJcof18wPuHFtbMI02nAyqgAq20UqMxrtG10dYa7Sv4XfLfGNOyW-4536e0a7fxSJBCNvuhM-iEl4hWGQHPrwpeBbptTUv3Viq4gIH4O80HQ9N0wPXZo35pTnqtPy47bqfrEjXQOuw5KNh7Ft5ER6ERXkS2vW-0RKWiDsGxFYTKSkZMmjg0GqnvlSLNaJjg-Q80cmaD:1s55GI:v5mSNSxlhPO9fMIsWBaNdx0d4WAbkgbGrl2nW6Du7fo','2024-05-23 15:00:46.258298');
INSERT INTO django_session VALUES('brgf0phe8ue6ja2ahtkqlq9yycxhny6l','.eJxVj0tuhDAQRO_iNUJ2-88uuUYUoaYxAwrBETbZIO4eM0MW7FpVr0rVO0uRJpyRKG5LblPGHBJr9qNi_xpueQxLngjzFJf2O-Qx9oX52NnrZs29hZVsZo2wQoNxwqhaKG65sxX7WePv1Ie1RB4xPuZQ2G06GwQvkFDgDDjuBYCVhrPjs2LPAe2Wwtq-SMluYof0FZbTwXk-5fraUT-Zy0712-2P9yt1qxoxjaUHOHlP3JveYae45z3ZwSstQMped50jyxGkFQQQNFKnNOAwSImawBCy4w8T4HBq:1s55bZ:dF1qN92D2jEmyhIN53p3LiswB7evw8vzRI6n4Dc9XY8','2024-05-23 15:22:45.087198');
INSERT INTO django_session VALUES('4t4yyyva8d6dzkh3vxyi3nxfi9c5cdge','.eJxVjMsOwiAURP-FtSGtvN3ZHyH3wiUQG5oIrIz_bmu60OWcmTkv5mH07Eejpy-R3Zhil1-GEB5UjwLW9cAcQthG7fy7OevG73ui2kuAXra6nK8_VYaWd49B1AYkIUojpDNCOELtLE4xJpRap0koilcpLSnEeUYVBWlMyYGwCdj7A8sjPRg:1s5680:OKB86x47G7jYCmQ7UJyMZCOhLV4Q6cRL6edW8OB74-E','2024-05-23 15:56:16.040215');
INSERT INTO django_session VALUES('apg2564rxpnxi4sctx50gd1pxztz2tf9','.eJxVjMsOwiAURP-FtSGtvN3ZHyH3wiUQG5oIrIz_bmu60OWcmTkv5mH07Eejpy-R3Zhil1-GEB5UjwLW9cAcQthG7fy7OevG73ui2kuAXra6nK8_VYaWd49B1AYkIUojpDNCOELtLE4xJpRap0koilcpLSnEeUYVBWlMyYGwCdj7A8sjPRg:1s5FGv:R5Kyy43MvvU7S4KQzZPiXAgqhVwSRC9BMOQztFFNpKo','2024-05-24 01:42:05.828845');
INSERT INTO django_session VALUES('59d4nobh2pkabrmy6db5tub2b7fjknn8','.eJxVjMsOwiAURP-FtSGtvN3ZHyH3wiUQG5oIrIz_bmu60OWcmTkv5mH07Eejpy-R3Zhil1-GEB5UjwLW9cAcQthG7fy7OevG73ui2kuAXra6nK8_VYaWd49B1AYkIUojpDNCOELtLE4xJpRap0koilcpLSnEeUYVBWlMyYGwCdj7A8sjPRg:1s5KxC:Iqb7kjFhb_s-U8fv3cKKo0RA-fXC_NpPXJ_1uXtd5fA','2024-05-24 07:46:06.719248');
INSERT INTO django_session VALUES('8lsjervz2jgesslaeyc95ptkpcyxnrh2','.eJxVjMsOwiAURP-FtSGtvN3ZHyH3wiUQG5oIrIz_bmu60OWcmTkv5mH07Eejpy-R3Zhil1-GEB5UjwLW9cAcQthG7fy7OevG73ui2kuAXra6nK8_VYaWd49B1AYkIUojpDNCOELtLE4xJpRap0koilcpLSnEeUYVBWlMyYGwCdj7A8sjPRg:1s5RkV:SImYe1pHsQmyPASBBifvYGphdqDknRbOLN4RVMujw64','2024-05-24 15:01:27.219204');
INSERT INTO django_session VALUES('ilvp3mf3ls3kwemgp78u8aoc3ti725d8','.eJxVjMsOwiAURP-FtSGtvN3ZHyH3wiUQG5oIrIz_bmu60OWcmTkv5mH07Eejpy-R3Zhil1-GEB5UjwLW9cAcQthG7fy7OevG73ui2kuAXra6nK8_VYaWd49B1AYkIUojpDNCOELtLE4xJpRap0koilcpLSnEeUYVBWlMyYGwCdj7A8sjPRg:1s5TwB:YRoqBehqOcmKLLg00d2g8Q1KZbaT-ysLHo5mJo3ZTZY','2024-05-24 17:21:39.068715');
INSERT INTO django_session VALUES('3t129rzkqt7nmbvbyfzk78c70pbgcdmw','.eJxVjMsOwiAURP-FtSGtvN3ZHyH3wiUQG5oIrIz_bmu60OWcmTkv5mH07Eejpy-R3Zhil1-GEB5UjwLW9cAcQthG7fy7OevG73ui2kuAXra6nK8_VYaWd49B1AYkIUojpDNCOELtLE4xJpRap0koilcpLSnEeUYVBWlMyYGwCdj7A8sjPRg:1s5fVT:gPuInlWrA8iGdIVnMVx9K1cGaFDPuiB-XLKT-57Q_dc','2024-05-25 05:42:51.929852');
INSERT INTO django_session VALUES('3sr994qfgn4n467eyv646djoauzhe7mo','.eJxVjMsOwiAURP-FtSGtvN3ZHyH3wiUQG5oIrIz_bmu60OWcmTkv5mH07Eejpy-R3Zhil1-GEB5UjwLW9cAcQthG7fy7OevG73ui2kuAXra6nK8_VYaWd49B1AYkIUojpDNCOELtLE4xJpRap0koilcpLSnEeUYVBWlMyYGwCdj7A8sjPRg:1s5jWt:0Aw8j7cH4WfIvkaMeJAM4WuntthV1f30JWHemveUQP0','2024-05-25 10:00:35.302472');
INSERT INTO django_session VALUES('xfw3tv2osje3r2t8pm13if7t9kcwpeq0','.eJxVjMsOwiAURP-FtSGtvN3ZHyH3wiUQG5oIrIz_bmu60OWcmTkv5mH07Eejpy-R3Zhil1-GEB5UjwLW9cAcQthG7fy7OevG73ui2kuAXra6nK8_VYaWd49B1AYkIUojpDNCOELtLE4xJpRap0koilcpLSnEeUYVBWlMyYGwCdj7A8sjPRg:1s5kU1:BBD6839uv08JorQPve-DJPfDvJ4nXDRQjcmnEn6owcw','2024-05-25 11:01:41.691065');
INSERT INTO django_session VALUES('4hbxs0f4mv36crhb291icxkv6kshsi4t','.eJxVjMsOwiAURP-FtSGtvN3ZHyH3wiUQG5oIrIz_bmu60OWcmTkv5mH07Eejpy-R3Zhil1-GEB5UjwLW9cAcQthG7fy7OevG73ui2kuAXra6nK8_VYaWd49B1AYkIUojpDNCOELtLE4xJpRap0koilcpLSnEeUYVBWlMyYGwCdj7A8sjPRg:1s5nMi:GdkGQ9Nh-KpgR0FpzO_xgcp_SZN7AIjQ92r57ttrbVU','2024-05-25 14:06:20.682872');
INSERT INTO django_session VALUES('uu35f30k6ztnjve1tr5m3hq167tm3i66','.eJxVjMsOwiAURP-FtSGtvN3ZHyH3wiUQG5oIrIz_bmu60OWcmTkv5mH07Eejpy-R3Zhil1-GEB5UjwLW9cAcQthG7fy7OevG73ui2kuAXra6nK8_VYaWd49B1AYkIUojpDNCOELtLE4xJpRap0koilcpLSnEeUYVBWlMyYGwCdj7A8sjPRg:1s5pag:mAMqlWctGwgPwRWjGR1Ftn_lbMuxpsGznyZqK2T4TAA','2024-05-25 16:28:54.228169');
INSERT INTO django_session VALUES('n0vl6iy7u2pkyw1p0219dba501vh751i','.eJxVjMsOwiAURP-FtSGtvN3ZHyH3wiUQG5oIrIz_bmu60OWcmTkv5mH07Eejpy-R3Zhil1-GEB5UjwLW9cAcQthG7fy7OevG73ui2kuAXra6nK8_VYaWd49B1AYkIUojpDNCOELtLE4xJpRap0koilcpLSnEeUYVBWlMyYGwCdj7A8sjPRg:1s5yIb:WGuLg-NP1FamoifeK96Cigl-ijrI-PoF0QyVZrNetVE','2024-05-26 01:46:49.269112');
INSERT INTO django_session VALUES('c1sfad4j4ajok9hjrrnwmw98zbi500z2','.eJxVjMEOwiAQRP-Fs2lgWSx60x8hy7KkxIYmFk7Gf7c1Pehx3sy8lwrU2xT6Ks9Qkroqo9XpF0bih9S9oXne8UDMS69t-G6Oeh1uW5LaClMrS70frz_VROu0edAwxiTZ0gUckqGRQXyyGUYYEdBbRm2dAy90TuyAMGqP2VFCcRHU-wPdTzxj:1s5yUu:Iv-TS1fiq3H2pBkYgdCjy1msqVcixzIOS2qVPRNSgFs','2024-05-26 01:59:32.137669');
INSERT INTO django_session VALUES('u9pxp7hoq4v9rb8hys2m09ur1l3se0qs','.eJxVjMEOwiAQRP-Fs2lgWSx60x8hy7KkxIYmFk7Gf7c1Pehx3sy8lwrU2xT6Ks9Qkroqo9XpF0bih9S9oXne8UDMS69t-G6Oeh1uW5LaClMrS70frz_VROu0edAwxiTZ0gUckqGRQXyyGUYYEdBbRm2dAy90TuyAMGqP2VFCcRHU-wPdTzxj:1s5yal:YamFvd2uQCzOfgUdKQtZTmj1xkTXBKwGnDhaxLuwvHI','2024-05-26 02:05:35.329179');
INSERT INTO django_session VALUES('x3huahqayx5bpprg9nn05gnesya3p2ad','.eJxVjMEOwiAQRP-Fs2lgWSx60x8hy7KkxIYmFk7Gf7c1Pehx3sy8lwrU2xT6Ks9Qkroqo9XpF0bih9S9oXne8UDMS69t-G6Oeh1uW5LaClMrS70frz_VROu0edAwxiTZ0gUckqGRQXyyGUYYEdBbRm2dAy90TuyAMGqP2VFCcRHU-wPdTzxj:1s67xg:qdG-gYkwmRVQNxBLYcoQ1I0v-pYMOiR1ZyQ9hcNLR34','2024-05-26 12:05:52.492502');
INSERT INTO django_session VALUES('fuy04o1yxb8iq3ypjukmdedtcnpki1pa','.eJxVjMEOwiAQRP-Fs2lgWSx60x8hy7KkxIYmFk7Gf7c1Pehx3sy8lwrU2xT6Ks9Qkroqo9XpF0bih9S9oXne8UDMS69t-G6Oeh1uW5LaClMrS70frz_VROu0edAwxiTZ0gUckqGRQXyyGUYYEdBbRm2dAy90TuyAMGqP2VFCcRHU-wPdTzxj:1s6qau:SYkHJI5WTYEkB7c8QPEb22VkHeHzYmXuREOi1CUaKOY','2024-05-28 11:45:20.672705');
INSERT INTO django_session VALUES('ziwso6c7j176texyyie0ilgkxooonk4x','.eJxVjMsOwiAURP-FtSGtvN3ZHyH3wiUQG5oIrIz_bmu60OWcmTkv5mH07Eejpy-R3Zhil1-GEB5UjwLW9cAcQthG7fy7OevG73ui2kuAXra6nK8_VYaWd49B1AYkIUojpDNCOELtLE4xJpRap0koilcpLSnEeUYVBWlMyYGwCdj7A8sjPRg:1s6C9d:2W3GnGWEezo9Ht0VRfirnQgZC7ZWBCNKCGhvLYaa-Kw','2024-05-26 16:34:29.483102');
INSERT INTO django_session VALUES('nrc8ld8h5kc8uqgu9c37vii0423t14li','.eJxVjMsOwiAURP-FtSGtvN3ZHyH3wiUQG5oIrIz_bmu60OWcmTkv5mH07Eejpy-R3Zhil1-GEB5UjwLW9cAcQthG7fy7OevG73ui2kuAXra6nK8_VYaWd49B1AYkIUojpDNCOELtLE4xJpRap0koilcpLSnEeUYVBWlMyYGwCdj7A8sjPRg:1s6Udl:2u_ll0qC9tthJRoo2Ha2zfw8sbYjOeVXvrEQGa8P--I','2024-05-27 12:18:49.709999');
INSERT INTO django_session VALUES('mtj7x247w12eqm9knip6a4anbjs3j183','.eJwNyttugjAAANB_6TMspTCovMGA6oYxI-rAZSFdYVAt9wJRwr_P53MWMDSMU0EZa8ZapoOkMh-AvYCHwJfuXKKuh0dHnipgfy-g7RuWD08Hoil4DRSQUUmBXY9CKKC9sTxlTZanU97zP573z_gY_aHdontbOZNxUM097yYv1ZOyrdQ42yCGJx35ZvAmZIKO_i7-ID2pS_p1Oc_1tdBhUEZDV1We6oaHTeMYbA5V_h4H3J2FdeMnk3Uk3P3iMrkSLIrt_tOLQmRGCWFEuB5YFc3SXk2ILai96LoGITZ-1vUfjWJSrw:1s6WC5:YXubtdkG82jqAMIRLrZ_PAWJjSjGoU_cE-WaQ-9tBuw','2024-05-27 13:58:21.452979');
INSERT INTO django_session VALUES('xnuhmibm7glkvwuja9oopnzg1n0lepf5','.eJydkllzqkAQhf8Lz2oxzEreVIwLJiK430pNzcAgKIsRxCWV_36JN7dSvuZtqvvMqf66z4dW5H4sEuH7-SkreVGKUhXa04c2zkXaBasydEqYuOKkPf350A7H3FdF3deSfBtnWkMLRCm0p-yUJA3tsPcV9_NA8Uod4zBWx1rINq6_v5WY67c4bVY4QQs67swGw3l6i_rs4qQe1rt2vt5ReIyngywdLkb7ZnS-jHpm5rqD3mbzuqOEJ75OkQDuu-1VE116QAnRc1f27tS9FovmcHV5TpCZlxs3SXcnvOrPaU_ux9pnA1CAiW4CpreIDgCC6K2hmUsM7YWRH4pxtZwv0G_5BqFb0bCT6ldArXHxvK0Yaqui6_VG9qy7utJzuo7UmTjdDuj7HLkZ5_Fh5BbbMa-WifOiGJs60jr0RdGz_ex1XS0wuU0NJF0wSWH3msVObumB77Pj5dU4h5XibTOJLG99s_bih8-o-XSCCCG45nNxiu1X4XfgxPZIGPz6fo7gIxgKx6dNx5qP8Mhc9ziLr153dwBbtJutwUx3xcFtswlYRfHaXGyeL808ur0zXEaccs8-T-fmqB8ETNqgT9h5uLmm0JrYGZnn7DJ4IcvoesFTMcjOpoUvbrtaBqvexLPI9YcPAtzCVIfAwG-fDe1_ZMWpjFRWxr4o4zzjqSqjPCjuuP_eNcRDyGtqUWpP365IN2pXg0FiNr72U8XBnXub59tE1dpT_OUAADXqARhEmJomoYAAgLXPetH3AfipUEd-V2LtoSaFv1fZV0MkyVe59T1G6675bhet9gNG5_vXg1Ukiqj2oVISKpCSElGITAqhqSQxmdSDIJT1_UMdYhUYCDGFpQRA4gAqIsPQFJCFdWL-AqbXSJk:1s6WNP:LTH4ZsgXr4P5FZXxlNk06xgykCSAiae0tgEQLwWcpmI','2024-05-27 14:10:03.176791');
INSERT INTO django_session VALUES('91e2a9injjz04ttdr6aeyol3nwfd8xs5','.eJxVjMsOwiAURP-FtSGtvN3ZHyH3wiUQG5oIrIz_bmu60OWcmTkv5mH07Eejpy-R3Zhil1-GEB5UjwLW9cAcQthG7fy7OevG73ui2kuAXra6nK8_VYaWd49B1AYkIUojpDNCOELtLE4xJpRap0koilcpLSnEeUYVBWlMyYGwCdj7A8sjPRg:1s6Wer:p-mRrCLX1LfDkyTiQ84ebi1Uu_wrwLCM5wJcOjoXkD8','2024-05-27 14:28:05.768269');
INSERT INTO django_session VALUES('yxlqcqnu2x5pk93hggly4sgx2etiv0jo','.eJxVj81uhDAMhN_FZ4Ty6wRu7WtUFTLGu6BSUpHQy6rvXtjlws2a-WY0fgAxp20pHW1llKVMTGVKS_ctZUxDhvbjAa8bWsiJJ5rPBFRABVodtEdtgsIavW2U0hX8rOl3GmTdI_eU7rPs7DYdDVp571TEYLXTBq1XAR38fVbwHNBtWdbuRQa4iD3xlyyHQ_N8yPW5o34yp53rt8sf72fqUjVSHvcejBRMrxzH5kZCBvUNo1JoA7lhMNI4G3sRZTB67TUzcQgkiGip52af_Q8pomZf:1s6XEh:9PFBSHfrFvy_aYojN4BH7CywNzEgEM8TaW0BGwBw5X0','2024-05-27 15:05:07.346177');
INSERT INTO django_session VALUES('7ry6459v99q7lynnrpzbaqgvb7sik50i','.eJxVjMsOwiAURP-FtSGtvN3ZHyH3wiUQG5oIrIz_bmu60OWcmTkv5mH07Eejpy-R3Zhil1-GEB5UjwLW9cAcQthG7fy7OevG73ui2kuAXra6nK8_VYaWd49B1AYkIUojpDNCOELtLE4xJpRap0koilcpLSnEeUYVBWlMyYGwCdj7A8sjPRg:1s6kkU:NqB2yHMCNvJhLFo_hob4sybO290IMYX6Mae7CPnJ3Ss','2024-05-28 05:30:50.320576');
INSERT INTO django_session VALUES('y9ktklnl0yv7tdp24r4z64h8mrdndqfv','.eJxVjMsOwiAURP-FtSGtvN3ZHyH3wiUQG5oIrIz_bmu60OWcmTkv5mH07Eejpy-R3Zhil1-GEB5UjwLW9cAcQthG7fy7OevG73ui2kuAXra6nK8_VYaWd49B1AYkIUojpDNCOELtLE4xJpRap0koilcpLSnEeUYVBWlMyYGwCdj7A8sjPRg:1s7DmF:0TugMZ3Zd1bHmZaC8CTN3GUxjN6KAiq2Gt6IF6Zkl3M','2024-05-29 12:30:35.024170');
INSERT INTO django_session VALUES('o3apuyhr769973h6tzilshqmwgwdc70x','.eJxVjMsOwiAURP-FtSGtvN3ZHyH3wiUQG5oIrIz_bmu60OWcmTkv5mH07Eejpy-R3Zhil1-GEB5UjwLW9cAcQthG7fy7OevG73ui2kuAXra6nK8_VYaWd49B1AYkIUojpDNCOELtLE4xJpRap0koilcpLSnEeUYVBWlMyYGwCdj7A8sjPRg:1s6mUF:zfSASO79Wc6mSJwLRmsB5ZBbsNsrjpUsrty6BRwvDxI','2024-05-28 07:22:11.282900');
INSERT INTO django_session VALUES('648uabm4v3bwpdixs62obhfvcm5dewxv','.eJxVjMsOwiAURP-FtSGtvN3ZHyH3wiUQG5oIrIz_bmu60OWcmTkv5mH07Eejpy-R3Zhil1-GEB5UjwLW9cAcQthG7fy7OevG73ui2kuAXra6nK8_VYaWd49B1AYkIUojpDNCOELtLE4xJpRap0koilcpLSnEeUYVBWlMyYGwCdj7A8sjPRg:1s6mkW:sr3xS0WTLcP9TJAyzToVtzD4uOQl6knp_k3IBn1VcVE','2024-05-28 07:39:00.397644');
INSERT INTO django_session VALUES('58zy2qqf1ft6mibe0yxnu9l1fcdghvrz','.eJxVjMsOwiAURP-FtSGtvN3ZHyH3wiUQG5oIrIz_bmu60OWcmTkv5mH07Eejpy-R3Zhil1-GEB5UjwLW9cAcQthG7fy7OevG73ui2kuAXra6nK8_VYaWd49B1AYkIUojpDNCOELtLE4xJpRap0koilcpLSnEeUYVBWlMyYGwCdj7A8sjPRg:1s6qPT:JkTSjLJpuf2Gr_d49LTXOzfreHpUPmWPXA_qHMjz3iU','2024-05-28 11:33:31.099324');
INSERT INTO django_session VALUES('yijgnj2hc1ogrfdo7zff7u875axn1an4','.eJxVjMsOwiAURP-FtSGtvN3ZHyH3wiUQG5oIrIz_bmu60OWcmTkv5mH07Eejpy-R3Zhil1-GEB5UjwLW9cAcQthG7fy7OevG73ui2kuAXra6nK8_VYaWd49B1AYkIUojpDNCOELtLE4xJpRap0koilcpLSnEeUYVBWlMyYGwCdj7A8sjPRg:1s6r32:YXaRtVoGRuDPnvHN8OAj4L63Vo-B1mQwZAi9AV68oLE','2024-05-28 12:14:24.011962');
INSERT INTO django_session VALUES('vpmudizqxdswupu238cta4xx7u1vxq7e','.eJxVjMsOwiAURP-FtSGtvN3ZHyH3wiUQG5oIrIz_bmu60OWcmTkv5mH07Eejpy-R3Zhil1-GEB5UjwLW9cAcQthG7fy7OevG73ui2kuAXra6nK8_VYaWd49B1AYkIUojpDNCOELtLE4xJpRap0koilcpLSnEeUYVBWlMyYGwCdj7A8sjPRg:1s6r4N:DPw1YDhlVR7QzxHNArcUzemdoy7Eq5kLQi_0CWPG1Pc','2024-05-28 12:15:47.310584');
INSERT INTO django_session VALUES('uy6fe157f4j6cpmc92v756qw41h5otg8','.eJxVjMsOwiAURP-FtSGtvN3ZHyH3wiUQG5oIrIz_bmu60OWcmTkv5mH07Eejpy-R3Zhil1-GEB5UjwLW9cAcQthG7fy7OevG73ui2kuAXra6nK8_VYaWd49B1AYkIUojpDNCOELtLE4xJpRap0koilcpLSnEeUYVBWlMyYGwCdj7A8sjPRg:1s7wTI:c0Cg-W_GCg-lzHsn0mGuozjUxa8nh18oFE_dFtA1UVw','2024-05-31 12:14:00.632213');
INSERT INTO django_session VALUES('pt0j1q033cajo0ilbzbaz4mg7p4txknj','.eJxVjMsOwiAURP-FtSGtvN3ZHyH3wiUQG5oIrIz_bmu60OWcmTkv5mH07Eejpy-R3Zhil1-GEB5UjwLW9cAcQthG7fy7OevG73ui2kuAXra6nK8_VYaWd49B1AYkIUojpDNCOELtLE4xJpRap0koilcpLSnEeUYVBWlMyYGwCdj7A8sjPRg:1s7Fpt:CRi_Wzf5xZMoEXJ9TO9BDp0pKRr_SUDTDGxIXzePjQA','2024-05-29 14:42:29.282012');
INSERT INTO django_session VALUES('i001v3cg94phd5ydmfvjbh0ue0a09ipp','.eJxVjMsOwiAURP-FtSGtvN3ZHyH3wiUQG5oIrIz_bmu60OWcmTkv5mH07Eejpy-R3Zhil1-GEB5UjwLW9cAcQthG7fy7OevG73ui2kuAXra6nK8_VYaWd49B1AYkIUojpDNCOELtLE4xJpRap0koilcpLSnEeUYVBWlMyYGwCdj7A8sjPRg:1s7Mms:lwxfTBA8yN05Q82M6szj80jOI-u1x2bOYNoRGDJFfOU','2024-05-29 22:07:50.517496');
INSERT INTO django_session VALUES('o6ylcwfyopjkx74g9w4uc2v7ktcm8jrs','.eJxVjMsOwiAURP-FtSGtvN3ZHyH3wiUQG5oIrIz_bmu60OWcmTkv5mH07Eejpy-R3Zhil1-GEB5UjwLW9cAcQthG7fy7OevG73ui2kuAXra6nK8_VYaWd49B1AYkIUojpDNCOELtLE4xJpRap0koilcpLSnEeUYVBWlMyYGwCdj7A8sjPRg:1s7N30:o0sbM1IKsV0joyKtSabsUzNUtKL2sUH5HEe6G8LBxRk','2024-05-29 22:24:30.589422');
INSERT INTO django_session VALUES('4fl93221j7jdyrfiwm0lk9hpinu3qmnt','.eJxVjMsOwiAURP-FtSGtvN3ZHyH3wiUQG5oIrIz_bmu60OWcmTkv5mH07Eejpy-R3Zhil1-GEB5UjwLW9cAcQthG7fy7OevG73ui2kuAXra6nK8_VYaWd49B1AYkIUojpDNCOELtLE4xJpRap0koilcpLSnEeUYVBWlMyYGwCdj7A8sjPRg:1s7Nqb:FWUlkp0fNCBmyWEc7dIU1ImGIr55FMxuQNXOzOF0O64','2024-05-29 23:15:45.219471');
INSERT INTO django_session VALUES('64kfrrcn5simj36rzetq7vi1ywt2ywh2','.eJxVjMsOwiAURP-FtSGtvN3ZHyH3wiUQG5oIrIz_bmu60OWcmTkv5mH07Eejpy-R3Zhil1-GEB5UjwLW9cAcQthG7fy7OevG73ui2kuAXra6nK8_VYaWd49B1AYkIUojpDNCOELtLE4xJpRap0koilcpLSnEeUYVBWlMyYGwCdj7A8sjPRg:1s7Pzw:RnhBwFKzSB9c2D4X-OjJmEuN-9U1zoDMq_UAlIiTOJs','2024-05-30 01:33:32.024415');
INSERT INTO django_session VALUES('4rpc590p4lnjk7m58nnd3oyb34vj2153','.eJxVjMsOwiAURP-FtSGtvN3ZHyH3wiUQG5oIrIz_bmu60OWcmTkv5mH07Eejpy-R3Zhil1-GEB5UjwLW9cAcQthG7fy7OevG73ui2kuAXra6nK8_VYaWd49B1AYkIUojpDNCOELtLE4xJpRap0koilcpLSnEeUYVBWlMyYGwCdj7A8sjPRg:1s7QdD:TRPGX1-W4WRpcKW0cNaNzUcm2VaMHIkK4SaFiMb6b3Y','2024-05-30 02:14:07.851408');
INSERT INTO django_session VALUES('vcfo85rx0jrpvhpe2zx0oi62d636trke','.eJxVjMsOwiAURP-FtSGtvN3ZHyH3wiUQG5oIrIz_bmu60OWcmTkv5mH07Eejpy-R3Zhil1-GEB5UjwLW9cAcQthG7fy7OevG73ui2kuAXra6nK8_VYaWd49B1AYkIUojpDNCOELtLE4xJpRap0koilcpLSnEeUYVBWlMyYGwCdj7A8sjPRg:1s7R6z:q9AszQFF8-wELgdrQZeEOTbBV6zDKB-U_jcU7tLaBbw','2024-05-30 02:44:53.404693');
INSERT INTO django_session VALUES('w6vgl4za47s2e20dwrq5ea05wknyypvd','.eJxVjMsOwiAURP-FtSGtvN3ZHyH3wiUQG5oIrIz_bmu60OWcmTkv5mH07Eejpy-R3Zhil1-GEB5UjwLW9cAcQthG7fy7OevG73ui2kuAXra6nK8_VYaWd49B1AYkIUojpDNCOELtLE4xJpRap0koilcpLSnEeUYVBWlMyYGwCdj7A8sjPRg:1s7RtI:GMtwYedJji8Qij3qsZeElninCpuYiBbi-XAKDPLIANk','2024-05-30 03:34:48.697862');
INSERT INTO django_session VALUES('a1n6ylog3tundx6hi5bdxb63152wz6l3','.eJxVjMsOwiAURP-FtSGtvN3ZHyH3wiUQG5oIrIz_bmu60OWcmTkv5mH07Eejpy-R3Zhil1-GEB5UjwLW9cAcQthG7fy7OevG73ui2kuAXra6nK8_VYaWd49B1AYkIUojpDNCOELtLE4xJpRap0koilcpLSnEeUYVBWlMyYGwCdj7A8sjPRg:1s86aG:fimJm4fML7cf2haQfnYHOfwHCmbtVpJMIN5SPErE4DI','2024-05-31 23:01:52.867513');
INSERT INTO django_session VALUES('5n9s7nxlcz9hf3r030br9ep1p5r1p34a','e30:1s7vqm:4cxDbz7rBesn6XIrg2QRkhiU__JSBmA5eHS8Z_-DQmc','2024-05-31 11:34:12.220481');
INSERT INTO django_session VALUES('oo4fa2knmjzdi2or4k1jft5dva91501v','.eJxVjMsOwiAURP-FtSGtvN3ZHyH3wiUQG5oIrIz_bmu60OWcmTkv5mH07Eejpy-R3Zhil1-GEB5UjwLW9cAcQthG7fy7OevG73ui2kuAXra6nK8_VYaWd49B1AYkIUojpDNCOELtLE4xJpRap0koilcpLSnEeUYVBWlMyYGwCdj7A8sjPRg:1s7vqm:WaiuSOkPTJsQKIPSp2wDO_p6cX2JmY8QB0RiXWvCP6g','2024-05-31 11:34:12.818242');
INSERT INTO django_session VALUES('r4p1bm3azq3xl6gee26a6c88tu7zk0b0','.eJxVjMsOwiAURP-FtSGtvN3ZHyH3wiUQG5oIrIz_bmu60OWcmTkv5mH07Eejpy-R3Zhil1-GEB5UjwLW9cAcQthG7fy7OevG73ui2kuAXra6nK8_VYaWd49B1AYkIUojpDNCOELtLE4xJpRap0koilcpLSnEeUYVBWlMyYGwCdj7A8sjPRg:1s7wKF:JVyo68CczgxGb6k7mySWbnZ_ErfNB0_d9N2T-VdsADM','2024-05-31 12:04:39.702729');
INSERT INTO django_session VALUES('y8oep323o1guyahol6fxi0u995qgs7lg','.eJxVjMsOwiAURP-FtSGtvN3ZHyH3wiUQG5oIrIz_bmu60OWcmTkv5mH07Eejpy-R3Zhil1-GEB5UjwLW9cAcQthG7fy7OevG73ui2kuAXra6nK8_VYaWd49B1AYkIUojpDNCOELtLE4xJpRap0koilcpLSnEeUYVBWlMyYGwCdj7A8sjPRg:1s7wYI:L-dZ54CcYbpZ8BYfPm9-J-0rfnwpqb9rETWrNnggekk','2024-05-31 12:19:10.763420');
INSERT INTO django_session VALUES('j9ybgkz00bfhue1a1ec7bw5e4m9h1kpm','.eJxVjMsOwiAURP-FtSGtvN3ZHyH3wiUQG5oIrIz_bmu60OWcmTkv5mH07Eejpy-R3Zhil1-GEB5UjwLW9cAcQthG7fy7OevG73ui2kuAXra6nK8_VYaWd49B1AYkIUojpDNCOELtLE4xJpRap0koilcpLSnEeUYVBWlMyYGwCdj7A8sjPRg:1s7xRS:FSHiJAqFpqHOvR3GRaKNtgvkHXFsGvqpEWwcxdn1ShU','2024-05-31 13:16:10.516700');
INSERT INTO django_session VALUES('lrdl0te7nm3w8mebcv87en77qgbfi0fk','.eJxVjMsOwiAURP-FtSGtvN3ZHyH3wiUQG5oIrIz_bmu60OWcmTkv5mH07Eejpy-R3Zhil1-GEB5UjwLW9cAcQthG7fy7OevG73ui2kuAXra6nK8_VYaWd49B1AYkIUojpDNCOELtLE4xJpRap0koilcpLSnEeUYVBWlMyYGwCdj7A8sjPRg:1s7xb7:ndrn0zTfGMQdFNsUaP7tH0a2vJs1Sjym_MazK44zr9M','2024-05-31 13:26:09.019106');
INSERT INTO django_session VALUES('6fn3na5ogd5j77ze7e0w1oyybcfsfpey','.eJxVjMsOwiAURP-FtSGtvN3ZHyH3wiUQG5oIrIz_bmu60OWcmTkv5mH07Eejpy-R3Zhil1-GEB5UjwLW9cAcQthG7fy7OevG73ui2kuAXra6nK8_VYaWd49B1AYkIUojpDNCOELtLE4xJpRap0koilcpLSnEeUYVBWlMyYGwCdj7A8sjPRg:1s7xb7:ndrn0zTfGMQdFNsUaP7tH0a2vJs1Sjym_MazK44zr9M','2024-05-31 13:26:09.642347');
INSERT INTO django_session VALUES('1pbp8kjqakdou2hzzq1tu5wjfzvlrrq9','.eJxVjMsOwiAURP-FtSGtvN3ZHyH3wiUQG5oIrIz_bmu60OWcmTkv5mH07Eejpy-R3Zhil1-GEB5UjwLW9cAcQthG7fy7OevG73ui2kuAXra6nK8_VYaWd49B1AYkIUojpDNCOELtLE4xJpRap0koilcpLSnEeUYVBWlMyYGwCdj7A8sjPRg:1s7yZV:mnXHFFKnXm4eAPNKZHENPZXAE7_Cgyn_00LiURICQDk','2024-05-31 14:28:33.327908');
INSERT INTO django_session VALUES('julk9bzrpuh8dl7yceuf5m5vaklv52lu','.eJxVjMsOwiAURP-FtSGtvN3ZHyH3wiUQG5oIrIz_bmu60OWcmTkv5mH07Eejpy-R3Zhil1-GEB5UjwLW9cAcQthG7fy7OevG73ui2kuAXra6nK8_VYaWd49B1AYkIUojpDNCOELtLE4xJpRap0koilcpLSnEeUYVBWlMyYGwCdj7A8sjPRg:1s7xjL:NOcNheOoVyzo7Mvt46ANmcniFsN0fWNbXH-hzf6RUjU','2024-05-31 13:34:39.259301');
INSERT INTO django_session VALUES('ae6ewzb5srd9qx2azf3r8cy7jf5peur3','.eJxVjMsOwiAURP-FtSGtvN3ZHyH3wiUQG5oIrIz_bmu60OWcmTkv5mH07Eejpy-R3Zhil1-GEB5UjwLW9cAcQthG7fy7OevG73ui2kuAXra6nK8_VYaWd49B1AYkIUojpDNCOELtLE4xJpRap0koilcpLSnEeUYVBWlMyYGwCdj7A8sjPRg:1s86xq:KmXEV1T-HT1x3o-q405fel5Ixngd-oQZGR8f0zvSFoI','2024-05-31 23:26:14.585405');
INSERT INTO django_session VALUES('osrw9kb3arhnck7kitahosu0axc5peed','.eJxVjMsOwiAURP-FtSGtvN3ZHyH3wiUQG5oIrIz_bmu60OWcmTkv5mH07Eejpy-R3Zhil1-GEB5UjwLW9cAcQthG7fy7OevG73ui2kuAXra6nK8_VYaWd49B1AYkIUojpDNCOELtLE4xJpRap0koilcpLSnEeUYVBWlMyYGwCdj7A8sjPRg:1s8734:UIopG91-gNcfSFvackjfEulf_2tpzShDVHg6JHty-OU','2024-05-31 23:31:38.731896');
INSERT INTO django_session VALUES('377jv3ep2vg4tofgbcfztx8dfiipwd1k','.eJxVjMsOwiAURP-FtSGtvN3ZHyH3wiUQG5oIrIz_bmu60OWcmTkv5mH07Eejpy-R3Zhil1-GEB5UjwLW9cAcQthG7fy7OevG73ui2kuAXra6nK8_VYaWd49B1AYkIUojpDNCOELtLE4xJpRap0koilcpLSnEeUYVBWlMyYGwCdj7A8sjPRg:1s877l:c8ExFtHAIY45g2-9d0BJBpFqVonlTqyVQgoKa4yoRbA','2024-05-31 23:36:29.362769');
INSERT INTO django_session VALUES('btj8booucyenlqyqr28671vlyd1qcnca','.eJxVjMsOwiAURP-FtSGtvN3ZHyH3wiUQG5oIrIz_bmu60OWcmTkv5mH07Eejpy-R3Zhil1-GEB5UjwLW9cAcQthG7fy7OevG73ui2kuAXra6nK8_VYaWd49B1AYkIUojpDNCOELtLE4xJpRap0koilcpLSnEeUYVBWlMyYGwCdj7A8sjPRg:1s87b0:sGQrUAFrszM1JL3Lq-8nF6AFVsuLLChWI5goIqanvmQ','2024-06-01 00:06:42.634944');
INSERT INTO django_session VALUES('128nrkmagwmcxdmrs4kcbn3u9t5s4bge','.eJxVjMsOwiAURP-FtSGtvN3ZHyH3wiUQG5oIrIz_bmu60OWcmTkv5mH07Eejpy-R3Zhil1-GEB5UjwLW9cAcQthG7fy7OevG73ui2kuAXra6nK8_VYaWd49B1AYkIUojpDNCOELtLE4xJpRap0koilcpLSnEeUYVBWlMyYGwCdj7A8sjPRg:1s89Qh:YybAZRe5DQAubDBHIHqov_TFwYz5PTrn0LEZRsbA5Hs','2024-06-01 02:04:11.917212');
INSERT INTO django_session VALUES('ndhd46gfjbetsbu650mm4ucjidghdifw','.eJxVjMsOwiAURP-FtSGtvN3ZHyH3wiUQG5oIrIz_bmu60OWcmTkv5mH07Eejpy-R3Zhil1-GEB5UjwLW9cAcQthG7fy7OevG73ui2kuAXra6nK8_VYaWd49B1AYkIUojpDNCOELtLE4xJpRap0koilcpLSnEeUYVBWlMyYGwCdj7A8sjPRg:1s8Axk:kbBaGcdhp5DPxstV10j6z4lK9sVNhie-KkPQhbo3rrg','2024-06-01 03:42:24.496028');
INSERT INTO django_session VALUES('ox7dwbl6q4z62n1rigvss8fgmyct05vh','.eJxVjMsOwiAURP-FtSGtvN3ZHyH3wiUQG5oIrIz_bmu60OWcmTkv5mH07Eejpy-R3Zhil1-GEB5UjwLW9cAcQthG7fy7OevG73ui2kuAXra6nK8_VYaWd49B1AYkIUojpDNCOELtLE4xJpRap0koilcpLSnEeUYVBWlMyYGwCdj7A8sjPRg:1s8JCi:Jikj7z9GjCgbbrmGwa8VGbxT7Hxd_GXSuHdH-i5cNg8','2024-06-01 12:30:24.434409');
INSERT INTO django_session VALUES('2iq3kpfor9pucmy5ugykuit238cx779h','.eJxVjMsOwiAURP-FtSGtvN3ZHyH3wiUQG5oIrIz_bmu60OWcmTkv5mH07Eejpy-R3Zhil1-GEB5UjwLW9cAcQthG7fy7OevG73ui2kuAXra6nK8_VYaWd49B1AYkIUojpDNCOELtLE4xJpRap0koilcpLSnEeUYVBWlMyYGwCdj7A8sjPRg:1s8Kpx:HzUVzbPRUgNmnmGSDhvAI5WVD2f96fNyzdpLuuWwESk','2024-06-01 14:15:01.557733');
INSERT INTO django_session VALUES('77kibjhi45xdrhtjr3n8kxyvk1nt1hc3','.eJxVjMsOwiAURP-FtSGtvN3ZHyH3wiUQG5oIrIz_bmu60OWcmTkv5mH07Eejpy-R3Zhil1-GEB5UjwLW9cAcQthG7fy7OevG73ui2kuAXra6nK8_VYaWd49B1AYkIUojpDNCOELtLE4xJpRap0koilcpLSnEeUYVBWlMyYGwCdj7A8sjPRg:1s8NPU:P7L9x0WScEgyAIZrXgST2mkmqNCLpJTIsxIK6MIxTTE','2024-06-01 16:59:52.544391');
INSERT INTO django_session VALUES('7i8rzbrfasaozbcfmd6duu39my6p0fr5','.eJxVjMsOwiAURP-FtSGtvN3ZHyH3wiUQG5oIrIz_bmu60OWcmTkv5mH07Eejpy-R3Zhil1-GEB5UjwLW9cAcQthG7fy7OevG73ui2kuAXra6nK8_VYaWd49B1AYkIUojpDNCOELtLE4xJpRap0koilcpLSnEeUYVBWlMyYGwCdj7A8sjPRg:1s8Tnm:dcyZj7hBWMnYmuAL25zOVSTnJ_4BOq78V6yLqx6iCrY','2024-06-01 23:49:22.290623');
INSERT INTO django_session VALUES('3fcvitv5f9fq8xmv9rnmp8zu8y0wh84p','.eJxVjMsOwiAURP-FtSGtvN3ZHyH3wiUQG5oIrIz_bmu60OWcmTkv5mH07Eejpy-R3Zhil1-GEB5UjwLW9cAcQthG7fy7OevG73ui2kuAXra6nK8_VYaWd49B1AYkIUojpDNCOELtLE4xJpRap0koilcpLSnEeUYVBWlMyYGwCdj7A8sjPRg:1s8UDP:r0kzNnJPvDH5Sy4pJ-CWn4GqwjGz2JqI5QYHmTjBp8s','2024-06-02 00:15:51.906433');
INSERT INTO django_session VALUES('osjjya2o6v8rmvp0hjvbfbpxtxi35f27','.eJxVjMsOwiAURP-FtSGtvN3ZHyH3wiUQG5oIrIz_bmu60OWcmTkv5mH07Eejpy-R3Zhil1-GEB5UjwLW9cAcQthG7fy7OevG73ui2kuAXra6nK8_VYaWd49B1AYkIUojpDNCOELtLE4xJpRap0koilcpLSnEeUYVBWlMyYGwCdj7A8sjPRg:1s8UGO:vgjQw5l3xY4YMZPXPPo6f3DxcbAA_4fU-4G78GXRtMc','2024-06-02 00:18:56.642368');
INSERT INTO django_session VALUES('7e4xa3x6bsu56y6wyap76xn95ndba94a','.eJxVjMsOwiAURP-FtSGtvN3ZHyH3wiUQG5oIrIz_bmu60OWcmTkv5mH07Eejpy-R3Zhil1-GEB5UjwLW9cAcQthG7fy7OevG73ui2kuAXra6nK8_VYaWd49B1AYkIUojpDNCOELtLE4xJpRap0koilcpLSnEeUYVBWlMyYGwCdj7A8sjPRg:1s8Ujk:GpMZmWbTZaVx01ho72pj-TdTTsDdkzJlGDsCIL1RXC0','2024-06-02 00:49:16.685089');
INSERT INTO django_session VALUES('ci3vbs3gcumscwfdgl6suofxrhmantt5','.eJxVjMsOwiAURP-FtSGtvN3ZHyH3wiUQG5oIrIz_bmu60OWcmTkv5mH07Eejpy-R3Zhil1-GEB5UjwLW9cAcQthG7fy7OevG73ui2kuAXra6nK8_VYaWd49B1AYkIUojpDNCOELtLE4xJpRap0koilcpLSnEeUYVBWlMyYGwCdj7A8sjPRg:1s8Von:ccbC32biRH26XHaa_tqJhkllWRqWTIzxHMo4LNskBY0','2024-06-02 01:58:33.433702');
INSERT INTO django_session VALUES('uuiz99jp6inpmz0og47bwhi4s89z5heg','.eJxVjMsOwiAURP-FtSGtvN3ZHyH3wiUQG5oIrIz_bmu60OWcmTkv5mH07Eejpy-R3Zhil1-GEB5UjwLW9cAcQthG7fy7OevG73ui2kuAXra6nK8_VYaWd49B1AYkIUojpDNCOELtLE4xJpRap0koilcpLSnEeUYVBWlMyYGwCdj7A8sjPRg:1s8Vta:1mpPYKyT0Yq9EDqW3W_O3RA7Vp5AwrKtv1MiO7Uw6Ro','2024-06-02 02:03:30.329321');
INSERT INTO django_session VALUES('h8uc1nsu52dznm7qer2dj9bxs2uwtxtv','.eJxVjL0OwjAQg98lM6ouyfWSssGLVJc_JaJKJZpMiHenRR1g8GB_tl9i5t7y3Lf4nEsQVyGluPyGjv0j1oPwshzxwN6vvbbh2znxNtx2F2srnltZ6_1c_V1l3vL-Q4rBkEE7AUX0blI4GTR21zgqlRQwOQSSFrXWjpQMYDU60IkCpijeH48qOp0:1s8s5K:WPVHeDcW5zlnYfZ9vIHrMWVxLnzM7Zaf1OfjJIgCrrM','2024-06-03 01:45:06.596776');
INSERT INTO django_session VALUES('2160lv7bmv48fpbd5yv31we7dmztwuoo','.eJxVjL0OwjAQg98lM6ouyfWSssGLVJc_JaJKJZpMiHenRR1g8GB_tl9i5t7y3Lf4nEsQVyGluPyGjv0j1oPwshzxwN6vvbbh2znxNtx2F2srnltZ6_1c_V1l3vL-Q4rBkEE7AUX0blI4GTR21zgqlRQwOQSSFrXWjpQMYDU60IkCpijeH48qOp0:1s8sHJ:6stdXP5PkQPWVkQ_7GAgKi0Z0tLSVzTg_V4WrY1bxqs','2024-06-03 01:57:29.405330');
INSERT INTO django_session VALUES('hotokgbx21sdg4rej8h7h6zryb7i8a96','.eJxVjMsOwiAURP-FtSGtvN3ZHyH3wiUQG5oIrIz_bmu60OWcmTkv5mH07Eejpy-R3Zhil1-GEB5UjwLW9cAcQthG7fy7OevG73ui2kuAXra6nK8_VYaWd49B1AYkIUojpDNCOELtLE4xJpRap0koilcpLSnEeUYVBWlMyYGwCdj7A8sjPRg:1s8vUD:zJHN44K8Z7fYrh-yebJwxaL7h3EueQBZfUAB_TWWovY','2024-06-03 05:23:01.687045');
INSERT INTO django_session VALUES('0j0x3ahc6uweojwwnw4n66rtuhifqtau','.eJxVjMsOwiAURP-FtSGtvN3ZHyH3wiUQG5oIrIz_bmu60OWcmTkv5mH07Eejpy-R3Zhil1-GEB5UjwLW9cAcQthG7fy7OevG73ui2kuAXra6nK8_VYaWd49B1AYkIUojpDNCOELtLE4xJpRap0koilcpLSnEeUYVBWlMyYGwCdj7A8sjPRg:1s8xJ3:6XSWVTlnBrZxFyBzxNsu8A8Tf45NMpJAEL1MaGYgVmM','2024-06-03 07:19:37.138560');
INSERT INTO django_session VALUES('nnxaxvdswpe9m5bljlya3z7k33nww97n','.eJxVjMsOwiAURP-FtSGtvN3ZHyH3wiUQG5oIrIz_bmu60OWcmTkv5mH07Eejpy-R3Zhil1-GEB5UjwLW9cAcQthG7fy7OevG73ui2kuAXra6nK8_VYaWd49B1AYkIUojpDNCOELtLE4xJpRap0koilcpLSnEeUYVBWlMyYGwCdj7A8sjPRg:1s8yb9:zlH7cMDVcWL3qzZkE3mIDG8z9kGf67fGdjkMcxqhKeY','2024-06-03 08:42:23.705791');
INSERT INTO django_session VALUES('zdvi197uddtxy285brva23avimwu9988','.eJxVjMsOwiAURP-FtSGtvN3ZHyH3wiUQG5oIrIz_bmu60OWcmTkv5mH07Eejpy-R3Zhil1-GEB5UjwLW9cAcQthG7fy7OevG73ui2kuAXra6nK8_VYaWd49B1AYkIUojpDNCOELtLE4xJpRap0koilcpLSnEeUYVBWlMyYGwCdj7A8sjPRg:1s8yum:pYgS5a0q7OP5ON7OHNIO7htY455hX64XiHASKwS5lL8','2024-06-03 09:02:40.301833');
INSERT INTO django_session VALUES('k90593m0d6fcrs3sg88h2bwst9eevuup','.eJxVjMsOwiAURP-FtSGtvN3ZHyH3wiUQG5oIrIz_bmu60OWcmTkv5mH07Eejpy-R3Zhil1-GEB5UjwLW9cAcQthG7fy7OevG73ui2kuAXra6nK8_VYaWd49B1AYkIUojpDNCOELtLE4xJpRap0koilcpLSnEeUYVBWlMyYGwCdj7A8sjPRg:1s8yun:twYltKj4fFuoSm8fOPr69d1Ti9xmxCXuSz6c1_PIC90','2024-06-03 09:02:41.567524');
INSERT INTO django_session VALUES('4awhrscf623q7ze7f64ygxels3jc67j8','.eJxVjMsOwiAURP-FtSGtvN3ZHyH3wiUQG5oIrIz_bmu60OWcmTkv5mH07Eejpy-R3Zhil1-GEB5UjwLW9cAcQthG7fy7OevG73ui2kuAXra6nK8_VYaWd49B1AYkIUojpDNCOELtLE4xJpRap0koilcpLSnEeUYVBWlMyYGwCdj7A8sjPRg:1s8yy9:XDsIFaJk1wxVvPswsZR1M_vJImPVY5dpSwznbqFnrDs','2024-06-03 09:06:09.665816');
INSERT INTO django_session VALUES('4cutrovwwbrxc46nt4q972snhh1961gt','.eJxVjMsOwiAURP-FtSGtvN3ZHyH3wiUQG5oIrIz_bmu60OWcmTkv5mH07Eejpy-R3Zhil1-GEB5UjwLW9cAcQthG7fy7OevG73ui2kuAXra6nK8_VYaWd49B1AYkIUojpDNCOELtLE4xJpRap0koilcpLSnEeUYVBWlMyYGwCdj7A8sjPRg:1s8zjF:SVcj3NrR2e9UIFQntjWV0gVl6vH897Nr_f4iQr0Nl-I','2024-06-03 09:54:49.824750');
INSERT INTO django_session VALUES('dbmqynkkmw8bubwi5t15kea1ca0o846k','.eJxVjMsOwiAURP-FtSGtvN3ZHyH3wiUQG5oIrIz_bmu60OWcmTkv5mH07Eejpy-R3Zhil1-GEB5UjwLW9cAcQthG7fy7OevG73ui2kuAXra6nK8_VYaWd49B1AYkIUojpDNCOELtLE4xJpRap0koilcpLSnEeUYVBWlMyYGwCdj7A8sjPRg:1s90I2:6B3Wu0mdFK20ZzCg8NOcJHTQZMteNiSBbmkjB4-mfu8','2024-06-03 10:30:46.616373');
INSERT INTO django_session VALUES('a9dq4q3hrknu1qfb40wzg34a14cxge6w','.eJxVjMsOwiAURP-FtSGtvN3ZHyH3wiUQG5oIrIz_bmu60OWcmTkv5mH07Eejpy-R3Zhil1-GEB5UjwLW9cAcQthG7fy7OevG73ui2kuAXra6nK8_VYaWd49B1AYkIUojpDNCOELtLE4xJpRap0koilcpLSnEeUYVBWlMyYGwCdj7A8sjPRg:1s90x7:bzZHAc8XrILS1rsAds306YGi12vAxhTHMIX8k4Kf5D0','2024-06-03 11:13:13.667081');
INSERT INTO django_session VALUES('4qg3ks2x3vc9jitfvg4jpes8xcnztzn5','.eJwNysFugjAAANB_6ZksAtUCt40pzkmc4gS3LE2phZV2FCjUKOHf5_m9EWhFOZGEUjXUPdY96ZkGwQhOUSfoypTO7lfkZ2cDgu8RNJ2iTD8cSFXyGljgQnoCgnqQ0gKNoAxTdWHYsI4XnHWPmKSihbMi0sgUqxRtyTrdSs0MyUWdhYVew_NB73f7yH87fuB7mIS3BPcNFNkhdn2UF1_PTIvaT4ZPdC2qWLac3lWp45rgLs7_4Cw7LquXjfcuUPh6snOD2yrj8WCaG9PtEkyWjeyFA10PeU9z34VoMf-Zpn8RRVVx:1s9BQs:aYLtEyn-ruhs7uJMYONsZfqFBu2mdg7ES5GUsfvXwqU','2024-06-03 22:24:38.599484');
INSERT INTO django_session VALUES('ljfsna09swjrt7y4nmwpilr5s57bctmz','.eJxVjEEOgyAQRe_C2hjEgRJ37UXIyAyRlGKi0k3TuxeNaeJy3vvzPgK9n0ve3JuXGCKT4xfGJIZcUmr-tqy8iEFE0QiHZZsO4CJV1tkrHNE_Oe8GU9pxe0baY3Pqtb3Xi_MWPW5xzo_z65KacJ1qhwC9BgNMpJVUyvdoQi9JAwdlOqWDQYKqLYBX1lgtb7bHTpvRBAkkvj9dg03d:1s9EoJ:IUfjkGimAI_AcQrAniNyiOquOboQqhUlmKolF8IbS9I','2024-06-04 02:01:03.990795');
INSERT INTO django_session VALUES('62s525ffxc148xzyhq1gdyj4r6t0cbio','.eJxVjMEOwiAQRP-FsyGULivxpj9CtruQEhuaCD01_rvU9KDHeW9mdhVoa3PYanyFLOqmBq8uv3AifsZyGFqWA2tiXrfS9Ldz6qrvPcXSMlPLa3mcq7-rmercfwSIHSBEEWeNtTwSptGIg5gsDtYlJIGuPQBbj96Zqx9pcDhhMiDq_QHhLDwV:1s9Eu9:Qhpq6MKJV6h0FWH60uGHkT9-c6dOIwCtHk61MB75Zo4','2024-06-04 02:07:05.898906');
INSERT INTO django_session VALUES('j8zeghykxxobnt17r99m2wd5cneqw06d','.eJxVjMsOwiAURP-FtSFgeRR39kfI5cINxIYmAivjv9uaLnQ5Z2bOi3kYPfvR0tOXyG5Ms8svC4CPVI8C1vXAHBC3UTv_bs668fueUu0FoZetLufrT5Wh5d1jLcmUlJtVQCQVKYbrbAI5ESftUBuJYnJKaCsEyZlQTklFBcKAoUCGvT_QLTyy:1s9FPb:wVLHcydBYVCGc_lr2KX9kKRrfL6VcAP6i582JrBRFiQ','2024-06-04 02:39:35.237551');
INSERT INTO django_session VALUES('83ryv22imjs1co39nc22gb7ycm1mwi6q','.eJxVjMsOwiAURP-FtSE8W3CnP0IuFwjEhiYCK-O_S00XupxzZuZFHIye3Wjx6UogVyI4ufxCD_iI9TCwbQemgLiP2um3c-pGbzPF2gtCL3u9n6u_qwwtzx8NcpVguYzMJ6EXGdAgsrDE5H0CSIwbgSHZlaGydlaESlxrExUKaRh5fwD6PzzT:1s9Id4:lxFtJwfEx6MB9lqM2busgrLR_yq_oFwlWYHgDhfHtVQ','2024-06-04 06:05:42.314465');
INSERT INTO django_session VALUES('4t83f6je13t8eyvqdk827b29a1venwn6','.eJxVjN0KwyAMRt_F61K0a_p3t72IRE2ozFlodTdj7z5byqAEPsj5kvMRaO2SY9JvWj17cppe6IOYYg6h-rd5o1VMYhGV0JjTfADtXWFNe4UG7ZPi3mAIO65PSX3cnPVW38tGMXmLyS_xcX5dVDNuc_FY1fZsmrFDoDI3UDwASGmNZZbQ8ThKIAdyUOR6IMNMXT-WINU4JcX3B2oFTrs:1s9Inu:wYXYJa_YrfNai2G2ARtps2IpDUKHeLLr-6a_rNWEBBY','2024-06-04 06:16:54.202306');
INSERT INTO django_session VALUES('ce3xy4ydjd99q5sr8vgqd3a4esbqizge','.eJxVj0lvwjAQhf-LzxTFxsE2N5ZAheiaQlVVleXYTuLEOECWsoj_3oDg0MMc5n0zT--dQFlII6yQsqhdxctKVLoEgxOIxy4dw9WSMjx_ej28gsH3CWx2hdRly4EtEuNAByhRCTBwtbUdsMml5rJQmjd6Z2Kjd-3he5g19JkPnaPhQ12s4v4oT8LecrlfNJAvkA2j6Wp5_GzeXnq_0-Eh92bz7YEcJzSgzTHJfRGkMc-e6kg3wTbauvU03BIdBBLn9Gu9MFn4ns3pzDY0yUykPpJH74HQfTJ5e97xNQPnDiSwjwjCPdpFPqQI_5w74N74FlVxvRbG3qvcaV1eS2zaplzUVXoVuFGthvz_YiRkrt2FCGsvcvdm0r3e3HDZHbabdpWRojKFG92-_lmlokxbH09hHyIKFZNt6D7WrB3hiUgzL1aQoBgxKBRkFBOMlZQsRn1MmfC0RxDxwfkPrE-gUQ:1s9Irv:Flj3dH2E8VvJTV9rUqGHDJSQU9wdtUIf-NqSb3XvmTc','2024-06-04 06:21:03.799716');
INSERT INTO django_session VALUES('4fth9knek342av4hsx5u9o9qfhv4gl0f','.eJxVjcsOgyAQRf-FtTEI8qi79kfIAEMkpZgIdNP036vGNHF5z5m590PAuaXlat64xhDRG3xBTGTKLaXub1vBlUykkI4YaHU-gIl-Y0xfoQX3xLwbSGnH_VnSHzenLv19S5hrdFDjkh_n16VqhjLvCxxtcJwOVAxWCs0p0yD9yIJV1KmASuHohdU8gHVU3jCMikmqqRYorCPfH2B5Tkw:1s9IzP:hOnfq1TZs3VMToSdQCV8eBf0nf-9sizBu-Pmcwh4aWc','2024-06-04 06:28:47.404667');
INSERT INTO django_session VALUES('2yhjuv965mi5ran9nryczlnf1uwo7ryj','.eJxVjMEOwiAQRP-Fs2lYICv1pj9Cll0IxIYmlp4a_93W9KDHeTPzNhVo7SWsS3qFKuqmjFWXXxiJn6kdDU3TgQdintfWh-_mrJfhvqfUemXqdW6P8_WnKrSU3RPZQMyO_ZXBZeMQRUaHUVBIxJnR21Fn1DFaIIesPQgjatBkIFlQ7w_wzjxe:1s9Izc:BmLv6CFdkWUrwg2ZyNg_v-9tphKcxTqb5BbwYY-giTo','2024-06-04 06:29:00.128112');
INSERT INTO django_session VALUES('qtrd3u7facyj6wxbef8mg5cd0k0bhdvd','.eJxVjMEOgyAMQP-FszGgFsTb9iOkQolkDJMJuyz796ExS7y177Xvw9DataRs3vQKPpAz9MQQ2ZRKjM3flo1ebGKZNcxgycsBTHCVdfoKZ7QPSrvBGHfcnpH2uDn11t7qRikHizms6X5-XVILbkvtOMH5aD1x4bCzEnollPKg3Qi8n6HOnZYkHaAHybUaEHoOgtth5qSdZN8fVBxNlg:1s9J1u:_ADLOZNil9BQNMIbIHFDo8bInOMa4S5fCy_mHMbGnV0','2024-06-04 06:31:22.738828');
INSERT INTO django_session VALUES('rfbpeomy406lkoy7jd2i7cs0dzad6qt4','.eJxVjEEOgyAQRe_C2hgQkNFdexEywBhJKSYqbprevWpME5fz3p_3Yej9VPJqN5rjEClYemNMrM8lpepvy0Iz69nGKmaxrOMJbAw7k-IOHfoX5cNgSgeur0h9bi691I_9orxGj2uc8vP6uqVGXMa9A64NgSsxNNAZ3QI3qhEBDEqjpeQITqhOKa4lKBUC-qCRO-pgIGjRS_b9ATZ7TZc:1s9J8T:j_PoknUXh_hZ23tgptJ5aT6lfFO4JJnp48V-jG5dVTg','2024-06-04 06:38:09.945874');
INSERT INTO django_session VALUES('a88hej9ya78utzisfgyubv66hfz2btjo','.eJxVjcsOgyAQRf-FtTG8VHTX_ggZYIikFBOBdtH036vGNHF5z5m590PA2qWmol-4Bh_QaXxCiGRKNcbmb2vGlUzkTRqioZb5ADq4jQl-hQbsA9NuIMYdt2dJe9ycOre3LWEqwUIJS7qfX5eqGfK8Lyjl-TBKLygA7XvsUHVcKMMBpDTMC8YdME7NIJgZlUTuvXAItFOwOfL9AVAETdc:1s9JCt:EJis3AiAWyQcg2VDx0Bp5s7eBVSfoMoUhv5zTXCuxYM','2024-06-04 06:42:43.834487');
INSERT INTO django_session VALUES('dhn91an4akrh3p1064sv3nbx3x7xz17p','.eJxVjNEKgyAUht_F6whTU-tuexE5epRkzqB0DMbefRUx6PJ833--DwHn5pqLefklhujR-CfERMZcU2r-tq5-ISN5k4YYqGU6gIm4Mc6v0IJ7-LwbSGnH7Rlpj82p1_a2XT6X6KDEOd_Pr0tqgnXaOigROB1666mTPQhtJaOBW6YGFBytgNChUAgdMC6olgJYoExAx7SWSpHvD23uTds:1s9JJf:NEJn7rGcuykpBQmc18BJDq3fjyGH0cKGcLLpfGfAGLM','2024-06-04 06:49:43.334112');
INSERT INTO django_session VALUES('0hv3s300qn2jizgj5tvzcyt1aojqjbro','.eJxVjEEOgyAQRe_C2hhFBqu79iJkGIZISjGp0EWb3r1qTBOX896f9xFINJeUzYufwQd2hh8YohhTibH627LwU4ziLSphsORpBya4lXVwhhbpzmkzGOOG6yNS75tDL_V1vTjlQJjDnG7H1yk14TKtHa8cX6xVNPDQanANSg_QOOnRgncatNZdz1b1BKRl2xOBbFF56Tunei--P4o3Tuw:1s9JiB:oNjG4GISSfJLRQ2wPbhyaGSbjymSSyaWaXL2Mp2RsSE','2024-06-04 07:15:03.938485');
INSERT INTO django_session VALUES('xo6bm7l52i9di2pgqypa7crzx2uabmnm','.eJxVjU0OwiAQhe_C2hBKmQLu7EXIzBTSxoYmAivj3RXThS7f9_6eImCra2glPsK2iKvQVlx-ISHfY-4O7nvHEpmPlqv8Zk67yNtHxVw3xrodeT5bf1MrlrU_GOXJsHNuSZMfCSg5jqBpQOWViwpA87gYIIwAoyKbWOmJedAak7fi9Qbe7Tx1:1s9JjP:GCzFOKl3iqA-ul9RmAPPsdEOoBVtsU2UC41VG59f8cY','2024-06-04 07:16:19.966516');
INSERT INTO django_session VALUES('awqtwoqlk724r8ltq8e11wyj2kzsamm1','.eJxVjM0OgyAQBt-FszGAsIi39kUIP0skpZhU6KXpu1eNaeJxZ76dD7HeL61U88ZXigmDwadNmUyl5dz9bVvxRSbCKOmIsa3OBzEpbHCAK3TWP7Dsxua84_6s9Mfm1Gt_2y4sNXlb01Lu59clNdt13jrAB4hURDlyqqhkCrzSGoSPXCsXdeTOQ9AjBqGYlFo6dEIJPUCgYgyMfH8_001J:1s9Js6:PIzHkNRZQuEVhiF3Sb3spkuXT1kWw1B307BSrh4h3zM','2024-06-04 07:25:18.733245');
INSERT INTO django_session VALUES('0rgae0lqumj14yjrzgb2o8ubc2esuqei','.eJxVkMtuwjAURP_Fa0CJnzE7WlpIAUGlBoiqKnJsJzGEmBKH8hD_3rRiw3LmzB2N7hXUVhpRCiltU7mkdsLpGvSvYDajOcF7jtMjLsnbE-h_XsH-YKWuWw5Km5sKdIASToB-1ZRlB-y3UifSKp0c9cFkRh_aoB5G3ZCNk-XxFA1GdmbGz2jldnryHb5MYxiPVLn-idSpyVgzRZdiKBVEEFnvPW_iqR2Eb8WqqpbD70U8d5vwhHMebPP1YjTJ4WUdjv349ex3TbRxyEx0sMLr-TDKonN395HE4Y6DW8dnPoWMBsjrEUIJ89DXrQMS0bgiaWp9SIxqhyIKHsxUyK2u_ogoyz-7d39S7z9zx3Vv0CpdOSOFM7Z6ul89VBWiLtoeChHNPJyRAHrMIz6jknFOscwgZ2nGM5hKqnigFWY-IZykOsUMc0SVhwPlg9svFE-M_A:1s9K0u:0EJ4YwbGRmNqD2VyG4sO906jdX1UUHsNPqH5qJdqc4Y','2024-06-04 07:34:24.693408');
INSERT INTO django_session VALUES('hfs38nnf8xo2kmrsuma9ks0uaw9pahpb','.eJxVjU0OwiAQhe_C2hBKmQLu7EXIzBTSxoYmAivj3RXThS7f9_6eImCra2glPsK2iKvQVlx-ISHfY-4O7nvHEpmPlqv8Zk67yNtHxVw3xrodeT5bf1MrlrU_GOXJsHNuSZMfCSg5jqBpQOWViwpA87gYIIwAoyKbWOmJedAak7fi9Qbe7Tx1:1s9K8Q:VuVbWGAWu_26XV54bfQiN9uM77g_GtqhLhfIZiEjUk0','2024-06-04 07:42:10.906176');
INSERT INTO django_session VALUES('xagkeufuvddguz7djnsyjxdsdv44t2sl','.eJxVjEEOgyAQRe_C2pjCWBF37UXIwAyRlGJSoZumd68a08TlvPfnfQR6P9dc7JtfMUQmy0-MSYy5ptT8bV34JUYhpWiExVqmndhIKwR9hg79g_NmMKUNt0el3TeHXtrbenEu0WOJc74fX6fUhMu0di486EGZ3miDrgMTepRM2PWelJcQgAi5U6Cv4IwhD1ppBAmGgQYOTnx_aoFOhQ:1s9KGx:-ePJ46mLuYV3NXpWMvsFHicqd9psAjTasdZa76btAZE','2024-06-04 07:50:59.865753');
INSERT INTO django_session VALUES('g3cjsivvog0uv1k0hmg48jgnymf7life','.eJxVjMEOwiAQRP-Fs2kAWaDe7I80y7IEYkMTCyfjv9uaHvQ4b2beS8zYW577xs-5RHETIC6_LCA9uB4FLsuBByRae23Dd3PW23DfE9dWCFtZ63S-_lQZt7x7yCk_Bu0ZSAKl4K0CY3SwyFf2DpINyiIaiNGMjKDJoowuOSDUUSrx_gDBHjym:1s9LAN:bYwgBJ-HheEYHQBGRW6C7MaV5S2pU9Yxkxc30P0cHmU','2024-06-04 08:48:15.432874');
INSERT INTO django_session VALUES('8prbep17uu566n0bkvz5e6r2trz6rcu5','.eJxVjMEOwiAQRP-Fs2kAWaDe7I80y7IEYkMTCyfjv9uaHvQ4b2beS8zYW577xs-5RHETIC6_LCA9uB4FLsuBByRae23Dd3PW23DfE9dWCFtZ63S-_lQZt7x7yCk_Bu0ZSAKl4K0CY3SwyFf2DpINyiIaiNGMjKDJoowuOSDUUSrx_gDBHjym:1s9LQP:DTPaHLPSyKHj5xMX3rSo-vX-GkVQpAUwDpf5nlwsWBc','2024-06-04 09:04:49.881820');
INSERT INTO django_session VALUES('ndhsbe3wf6rrdbquhuu9efrheiserj24','.eJxVjMEOwiAQRP-Fs2kAWaDe7I80y7IEYkMTCyfjv9uaHvQ4b2beS8zYW577xs-5RHETIC6_LCA9uB4FLsuBByRae23Dd3PW23DfE9dWCFtZ63S-_lQZt7x7yCk_Bu0ZSAKl4K0CY3SwyFf2DpINyiIaiNGMjKDJoowuOSDUUSrx_gDBHjym:1s9LoM:DEuesvLS4-UefMXu8C6J-6qF1IqqHgmp49Ohwlv-5Rs','2024-06-04 09:29:34.358645');
INSERT INTO django_session VALUES('bjdffsake8fqb1jji85883uiyzh88gsq','.eJxVkMtugzAQRf_Fa4KwMQ9nR5M00Ldo1SaqKjTYJhAMJLHJQ1H-vbTKJsu558zVaM5Id7wCBZx3fWsybcBIjcZnlJ4W8pCo-z5eT8JPOkPj7zPa7Dou9cCR6lZViywkwAAat71SFtrUXGa8EzLby11VVHI3iPtDDoncklcVKbo18yf_tEqjpG6aUOcEH5d5c_yYBV9RvPh4f6FtMhJ-WT_4pgnS9Xq-xc9vSVeOzP4xfv7M-bYjsRhFglUwWYo3Fvu6GW0gbR78d5hN60N458jVdLJYxsw08_kLulg4wD5hzPOo7XmYOvTnYqEMelNmvZa7rBLDnQSjmzAHXsv2j4BSf7F9_ZH971yxtqNhkq2pOJiqa--uWzdVJehy6PHADVxg2JVOXhDPdwUPOXeEL4s8LwAKB4eEi4IFDqeMDQqhBfa8UFJO3NBBl18QRY60:1s9PwW:lAgYAUAZ9EhyjyAK9u0X0Og1pBwUo4yXs_gXtVabBUk','2024-06-04 13:54:16.520672');
INSERT INTO django_session VALUES('s5ejsgvvg2345ncmivz1zbw4i8geo0kw','.eJxVjMEOwiAQRP-Fs2kAWaDe7I80y7IEYkMTCyfjv9uaHvQ4b2beS8zYW577xs-5RHETIC6_LCA9uB4FLsuBByRae23Dd3PW23DfE9dWCFtZ63S-_lQZt7x7yCk_Bu0ZSAKl4K0CY3SwyFf2DpINyiIaiNGMjKDJoowuOSDUUSrx_gDBHjym:1s9Skb:RyY73h5gd7kzD275_fBfEtjcaohx4yxQ2c37H3GDgiY','2024-06-04 16:54:09.939096');
INSERT INTO django_session VALUES('rgiv1u693xirz0el5mwy44frcwr9cmmw','.eJxVjMEOwiAQRP-Fs2kAWaDe7I80y7IEYkMTCyfjv9uaHvQ4b2beS8zYW577xs-5RHETIC6_LCA9uB4FLsuBByRae23Dd3PW23DfE9dWCFtZ63S-_lQZt7x7yCk_Bu0ZSAKl4K0CY3SwyFf2DpINyiIaiNGMjKDJoowuOSDUUSrx_gDBHjym:1s9Uan:dfvvxd9blFnGKvbP_VgB3dQvuoHvGbnvITWFceCyKeg','2024-06-04 18:52:09.596554');
INSERT INTO django_session VALUES('ruuxhp7r999jdfah3sc8l8c6325wpver','.eJxVjMEOwiAQRP-Fs2kAWaDe7I80y7IEYkMTCyfjv9uaHvQ4b2beS8zYW577xs-5RHETIC6_LCA9uB4FLsuBByRae23Dd3PW23DfE9dWCFtZ63S-_lQZt7x7yCk_Bu0ZSAKl4K0CY3SwyFf2DpINyiIaiNGMjKDJoowuOSDUUSrx_gDBHjym:1s9Ud3:tQcVmLJ1EDDzt2abCBz3Ntwdjwq_xhZ_aSGKAlFOgXk','2024-06-04 18:54:29.357154');
INSERT INTO django_session VALUES('kg9r6dkkhh9noz2wvvvdo9al3cq4ts5p','.eJxVjMEOwiAQRP-Fs2kAWaDe7I80y7IEYkMTCyfjv9uaHvQ4b2beS8zYW577xs-5RHETIC6_LCA9uB4FLsuBByRae23Dd3PW23DfE9dWCFtZ63S-_lQZt7x7yCk_Bu0ZSAKl4K0CY3SwyFf2DpINyiIaiNGMjKDJoowuOSDUUSrx_gDBHjym:1s9Uhu:u8SmfkV1wMz8DQaGuMit05TfVOlLKWEZddt_ZcgzqVg','2024-06-04 18:59:30.261922');
INSERT INTO django_session VALUES('997jnro12q6i4fpvviwajdee3ieckakn','.eJxVjMEOwiAQRP-Fs2kAWaDe7I80y7IEYkMTCyfjv9uaHvQ4b2beS8zYW577xs-5RHETIC6_LCA9uB4FLsuBByRae23Dd3PW23DfE9dWCFtZ63S-_lQZt7x7yCk_Bu0ZSAKl4K0CY3SwyFf2DpINyiIaiNGMjKDJoowuOSDUUSrx_gDBHjym:1s9UxZ:e91jJ3SHGeegt-PEOAO3ddW3bFo-BguAXyU6mx9usqU','2024-06-04 19:15:41.308465');
INSERT INTO django_session VALUES('odux3xllvry04wpn7cc1c3y7mmafsymg','.eJxVjMEOwiAQRP-Fs2kAWaDe7I80y7IEYkMTCyfjv9uaHvQ4b2beS8zYW577xs-5RHETIC6_LCA9uB4FLsuBByRae23Dd3PW23DfE9dWCFtZ63S-_lQZt7x7yCk_Bu0ZSAKl4K0CY3SwyFf2DpINyiIaiNGMjKDJoowuOSDUUSrx_gDBHjym:1s9art:Os-c7PGitsIKw5YhyPXVV5DcU4g5RJSYoSnqZxOE3QQ','2024-06-05 01:34:13.826800');
INSERT INTO django_session VALUES('2pk1gxvk456a14sni22qgjdzmezrk6c3','.eJxVjMEOwiAQRP-Fs2kAWaDe7I80y7IEYkMTCyfjv9uaHvQ4b2beS8zYW577xs-5RHETIC6_LCA9uB4FLsuBByRae23Dd3PW23DfE9dWCFtZ63S-_lQZt7x7yCk_Bu0ZSAKl4K0CY3SwyFf2DpINyiIaiNGMjKDJoowuOSDUUSrx_gDBHjym:1s9b14:9OXOe0HI4D3QSHaMKV4EVCuzMnYpT65EH7grc-Dn0Jo','2024-06-05 01:43:42.280506');
INSERT INTO django_session VALUES('6x0xk3wzb147p0r2olg8866v7u6qprx1','.eJxVjMEOwiAQRP-Fs2kAWaDe7I80y7IEYkMTCyfjv9uaHvQ4b2beS8zYW577xs-5RHETIC6_LCA9uB4FLsuBByRae23Dd3PW23DfE9dWCFtZ63S-_lQZt7x7yCk_Bu0ZSAKl4K0CY3SwyFf2DpINyiIaiNGMjKDJoowuOSDUUSrx_gDBHjym:1s9bJp:57vYs_i9mTDjyP93wS4brVG-kK6fz_N4J0SzbdZbPyI','2024-06-05 02:03:05.996767');
INSERT INTO django_session VALUES('bt7bump0hugiuv19hk2o8mu2z9jp4v2p','.eJxVjMEOwiAQRP-Fs2kAWaDe7I80y7IEYkMTCyfjv9uaHvQ4b2beS8zYW577xs-5RHETIC6_LCA9uB4FLsuBByRae23Dd3PW23DfE9dWCFtZ63S-_lQZt7x7yCk_Bu0ZSAKl4K0CY3SwyFf2DpINyiIaiNGMjKDJoowuOSDUUSrx_gDBHjym:1s9bjM:w_oR4rskRe459Czfm-YZx648e9f-xG_a3PxqRgY3xOk','2024-06-05 02:29:28.599073');
INSERT INTO django_session VALUES('y68gbqoys8z4tmdrzs22x9exdx04topf','.eJxVjMEOwiAQRP-Fs2kAWaDe7I80y7IEYkMTCyfjv9uaHvQ4b2beS8zYW577xs-5RHETIC6_LCA9uB4FLsuBByRae23Dd3PW23DfE9dWCFtZ63S-_lQZt7x7yCk_Bu0ZSAKl4K0CY3SwyFf2DpINyiIaiNGMjKDJoowuOSDUUSrx_gDBHjym:1s9cOa:LRy8b9ALpq5wu0YNTLqsxrQEEUu8P6wYYB6nCB4kmk4','2024-06-05 03:12:04.297063');
INSERT INTO django_session VALUES('qvflxzija8mlwh9ay92yh0taim8izr02','.eJxVjMEOwiAQRP-Fs2kAWaDe7I80y7IEYkMTCyfjv9uaHvQ4b2beS8zYW577xs-5RHETIC6_LCA9uB4FLsuBByRae23Dd3PW23DfE9dWCFtZ63S-_lQZt7x7yCk_Bu0ZSAKl4K0CY3SwyFf2DpINyiIaiNGMjKDJoowuOSDUUSrx_gDBHjym:1s9g3I:ofcJZe8qts4w8p-gzrVAHxS1Gng3F_l8RYAZfpC34B8','2024-06-05 07:06:20.075856');
INSERT INTO django_session VALUES('mht6ol47bhojpwvyp198ha73wcok831w','.eJxVjMEOwiAQRP-Fs2kAWaDe7I80y7IEYkMTCyfjv9uaHvQ4b2beS8zYW577xs-5RHETIC6_LCA9uB4FLsuBByRae23Dd3PW23DfE9dWCFtZ63S-_lQZt7x7yCk_Bu0ZSAKl4K0CY3SwyFf2DpINyiIaiNGMjKDJoowuOSDUUSrx_gDBHjym:1s9gCx:pLbbhmuEBJjVreVVkDkP6XyryVGy-EdEosWqvpdzmPk','2024-06-05 07:16:19.660678');
INSERT INTO django_session VALUES('t0czhgvlnuxujhy4s2celpint2wz066i','.eJxVjMEOwiAQRP-Fs2kAWaDe7I80y7IEYkMTCyfjv9uaHvQ4b2beS8zYW577xs-5RHETIC6_LCA9uB4FLsuBByRae23Dd3PW23DfE9dWCFtZ63S-_lQZt7x7yCk_Bu0ZSAKl4K0CY3SwyFf2DpINyiIaiNGMjKDJoowuOSDUUSrx_gDBHjym:1s9gh9:S7ETYmff9rNIkbNYNW6_39UK5Nw3hZJM2dZrTXPTon0','2024-06-05 07:47:31.004178');
INSERT INTO django_session VALUES('y19ru75395n6c3p3oimo3kc5cmeeod2g','.eJxVjMEOwiAQRP-Fs2kAWaDe7I80y7IEYkMTCyfjv9uaHvQ4b2beS8zYW577xs-5RHETIC6_LCA9uB4FLsuBByRae23Dd3PW23DfE9dWCFtZ63S-_lQZt7x7yCk_Bu0ZSAKl4K0CY3SwyFf2DpINyiIaiNGMjKDJoowuOSDUUSrx_gDBHjym:1s9lws:g2NjvO77SvGbZA0cc0VzkQFwAc5_mD_eGjTnIJHgL20','2024-06-05 13:24:06.467033');
INSERT INTO django_session VALUES('dczajixqfvnupfw149sk8pgdyulpsxc1','.eJydj0mTojAYhv9LzmIRICzecFQU13bB0qkuKoQEIjQIieJS_vempzzMXOf4vctT3_sEIb7INLwIWoc8Bj2AQOdvLcIko8WPgfP8R-5iQspLIbt_Mm9bdN32ooXkBEteFv136x9UikXacogFbSfSbIqIigiLbBMiw9AiE1Od2hZiZgRNjA0Ux4ZDMdKIidXYYhYiWItV2EJFSTjO34-EQmJJBeg9gb8xqlP1aLZB323UaQB6v5_gXJeEitYHeZnwoq3HWGLQKy553gHnjNCQlDENr7TmjNO6DTKd8cXjQuQ4gjlizMyMG6_WKFauR-Z7aLifpreD79lKYs-qpkl21eQjUk7aUXjWR60vHvOxRFrJDjO2rUYuXPjJL4VuBjMu7mt1OS7w1z4_ZauAaVAuz8meFGd8W6GxN5XeKAevDrSgaTmmqsOujSC0dOezA_jyMeLsXm3ESWTONf7ffanSrJebYZxbKDrf-5UzDHZalntTa1356dadc8_l8Sapghv1y2O6q7dbJd5NgqYaKFPrUAbR0p6Ve5IJtxnsEl-nEyQT4-uRFPa-77G0OcK0FvPHcXxbzRJchnIE3eJ4nfW3zcR577NtQ3ecLtRMQ3M-X69vJhDaJA:1sBs41:1JganRadIUOeu1Dezymvm6m_v62O9X7XnhBUJakAdJA','2024-06-11 08:20:09.148952');
INSERT INTO django_session VALUES('z507si04ra145qq4u708waec5ix06nfr','.eJxVkF1vgjAYhf9Lr5HQSkv1TiaLBuMcRJ1bFlJKkUrTIh9OZ_zvw8UbL8953nNy8l5BY7hkinFuOt0mTcta0YDxFUTuwp-rRQUVdeLlqAbjryuoasNF03OgzF5qYIGMtQyMdaeUBaqSi4SbTCQnUctcij4EQhRcDN6hSXzcBRHxs0MQxrAr_Gj1M38jeVxj_K5e2zOPNuc08sMftyS4Po3I5Vh9Djyf4N2sq5a7lVb7Qbw-1wcq_aBLL-EWTmf-78mcgnNZpcUKyY_N3sxeQncw7Yo1JVtPa3CzoAcJhcQhyKbQoR4aft8skLCuLZKuEXUis34oBk9eyngp9B0wpe62_fiR_X_zwI096ZXQreSslUb7j9RTVcGaou_hHqSjFFGBuYN5nlICseuilDAxFNTDOUkhYczFWeaOBMOIE-ZkXu5hzlDmQHD7A_ykjmI:1sBaI6:jUDk7e6-MaAS7WbpDBPSXiwg5xrEo1yufAcOGcM0mHQ','2024-06-10 13:21:30.846193');
INSERT INTO django_session VALUES('var9dyp0y631a3thayq2lmqklborhhhi','.eJxVjMEOwiAQRP-Fs2kAWaDe7I80y7IEYkMTCyfjv9uaHvQ4b2beS8zYW577xs-5RHETIC6_LCA9uB4FLsuBByRae23Dd3PW23DfE9dWCFtZ63S-_lQZt7x7yCk_Bu0ZSAKl4K0CY3SwyFf2DpINyiIaiNGMjKDJoowuOSDUUSrx_gDBHjym:1sBlMW:kOnKVo5CpUWUXDtlELVBfrHuyc8odoVY015M0z0ZNWw','2024-06-11 01:10:48.470286');
INSERT INTO django_session VALUES('886eqkqupvyudiyw9gv4dq6773pw8ka3','.eJxVjMEOwiAQRP-Fs2kAWaDe7I80y7IEYkMTCyfjv9uaHvQ4b2beS8zYW577xs-5RHETIC6_LCA9uB4FLsuBByRae23Dd3PW23DfE9dWCFtZ63S-_lQZt7x7yCk_Bu0ZSAKl4K0CY3SwyFf2DpINyiIaiNGMjKDJoowuOSDUUSrx_gDBHjym:1sBs6u:haJubGuXzE9nm_omDUXfC00edrlQkTrrD0iu2Ow75Kg','2024-06-11 08:23:08.422033');
INSERT INTO django_session VALUES('2u6okk6jck8yeqh189rxblbowufhxldq','.eJxVjltPwjAYhv9LrwlZa7t23EHEAxLdIEqYMcu3HsbY6AjtJkL4707DhV5-7-H53jPKoPWbrHX6kJUKjRBDg79aDrLS9seAuv6RhyBl01o__M1cbTcc95e2vpTgy8ZOrq1_qA24Tc-RHIsoJ0IzGTBpchFiRinJQ9A3WnBmwhyHAJQpRSMNjMgQAsUNZxKICnAPdY0sob4OyZwHrx0andGxOL29JOn8kaZQ3SQejd7PaH9opHa9j-qmKG1fV-ABjWxb1wO0r6TOZKN01ulDaUp96INO-G6_276uXDuXE6qwWb909w-kDdik0hN7b8WxilYZGz99PbtiS-J0gePpbdrd9c-WzjyLNV48aXNi8lZwST_zsBjHLO92qu3eZlOd0IVI1xE1SVbz3WLq61Uwr8rPeGnBzNBlgDnmhLAQB0PGI0wo-bhcvgGygY-W:1sDJAT:6a0GFW-xoRe7hDx1_TEUHjWGi337r7UKIyGJq2W20m4','2024-06-15 07:28:45.865020');
INSERT INTO django_session VALUES('ez31kkt6gm3bpo5vbb85plvcg2ob6ssv','.eJwNylFTgjAAAOD_smfqIBgj37wSxMx5ChzRddzc1pxMpmyUxPHf8_n7RmA0lUQRSnXf2tpYYrkBsxEoJvLzBr-nbY5ObtmD2ecILp2m3NwdKC1kCxzAiCVg1vZKOeDSUF5TzXj9wzv5LXl3j8UqRH6wXprGS5lmBRrm0h_OyZL2zMBFF9Lk9oFIHr_i7mXnq6rLq2I1HJgthdhjnGG_2Rzjt9NzJNIhE4ddsaCGQJjYknm3Kty6-3RNjrbYSnodMjjHze_fwzWKbdyXMAGT4yEPRV4YBN4jjEIXPaGvafoHeXpTgQ:1sFmWn:gw86QX64_M1MU4RcuvbY7KShVaXWIdAxMu6rEkwOOKk','2024-06-22 03:14:01.606966');
INSERT INTO django_session VALUES('pg8oyloamspoupwp2f1gwagjek73ogbg','.eJwNyttOgzAAANB_6TMzNCAMHofIgmgdg85gTFNLoZVCkdtUwr-753NWMGomqaKM6bmbyDjRiY_AX4Fw57guluCEEl1AlAH_fQX9oBkfbw6UrmUHDFDSiQK_m5UyQN8wTpguOVn4ICvJh1ssuksc7myEg5_0AFsCQ-l997bX16H34olY1vipaI_47Vj1Qn2dd3ZePKTPuMHRAc6JkmEsUrc656FloRBnfxCROaCtkyscncqzWJLhSiK3z4LP-1-TiqJG18cMNvvXSjvJBWwGdKHrmZbtmHd714HQ-ti2f6X_UiI:1sG9AK:YRY5dRLt2rl_vwbSum7AQ6M0rDUaMTn_HAax-G9AXqo','2024-06-23 03:24:20.902707');
INSERT INTO django_session VALUES('98y8j87gmetdq2d8ku1ahkyyuv78oexg','eyJfcGFzc3dvcmRfcmVzZXRfa2V5IjoiYzhldTZqLTVkNWY5YmE2MzhhOGQyOGNhODFiZWJjZjJlMThlYTJmIn0:1sGYjZ:XEowQSY9J-QAx0dVnBRYPtgEMU30xcZ1qhktRAetF1I','2024-06-24 06:42:25.597902');
INSERT INTO django_session VALUES('4zmm1kznzseu1kwg2kyj4wszlrw15ymz','eyJfcGFzc3dvcmRfcmVzZXRfa2V5IjoiYzhldWtjLWIzODQyM2ZkMDM0ZTI1MjA4YjY3MDQxZDUzMzIxN2YyIn0:1sGYrY:Ge8hfDDBd27uUw6VyVo-LvK3CMb3_cyMXI0_QDnyb4Q','2024-06-24 06:50:40.117065');
INSERT INTO django_session VALUES('eqdnwbokyw0qvfjlszlyk0j7bq062kup','eyJfcGFzc3dvcmRfcmVzZXRfa2V5IjoiYzhnMmdsLWQ2ODVhMWQxMTBjOTE2YWU4ZTg0MDY4MTM2Nzc5NjdjIn0:1sGnx1:hCnJwi4FpZuAaiwMXuJEXhpA1eWfAKB8Y8KoGtHapuY','2024-06-24 22:57:19.572364');
INSERT INTO django_session VALUES('oe4mx7bdiih86cvfnyybsgosgy3z1hp9','eyJfcGFzc3dvcmRfcmVzZXRfa2V5IjoiYzhnMmdsLWQ2ODVhMWQxMTBjOTE2YWU4ZTg0MDY4MTM2Nzc5NjdjIn0:1sGnxi:LoNgHPfBfoHifMTstTGlV5kWw7tkDNRaeGEHFGoD7Ns','2024-06-24 22:58:02.672452');
INSERT INTO django_session VALUES('k6usjdd60gcjoz1u4kmcvwee4ckyqxns','eyJfcGFzc3dvcmRfcmVzZXRfa2V5IjoiYzhnM3BwLTk1YjIwODg0ZGE1MWE2NzE1ODJmNTg1YzM3NjdmMzA1In0:1sGoEb:GKpplfkCcs51dMpHtEla1vUe8d2DN4c5qg4NRz1vFUo','2024-06-24 23:15:29.822045');
INSERT INTO django_session VALUES('c4xqvfy2ljr0xwr6wx08cruzoih6l521','eyJfcGFzc3dvcmRfcmVzZXRfa2V5IjoiYzhnM3BwLTk1YjIwODg0ZGE1MWE2NzE1ODJmNTg1YzM3NjdmMzA1In0:1sGrnf:LEp0CWCc9FX5sRLrDOlmUodSsLZdxqxTKtkVQ7WT3H4','2024-06-25 03:03:55.275628');
INSERT INTO django_session VALUES('tjpw05ttjw3gg4sl0o329mof23etjp9q','eyJfcGFzc3dvcmRfcmVzZXRfa2V5IjoiYzhnZnpxLTA3NzMxZWI5YmM5MTBkYzhjMmNiZTEzMjFmODI4NjM2In0:1sGsFK:AyWYULAn1G5fpJ3rNYbJmVg2zcb7i4Idp0AW7twhuSc','2024-06-25 03:32:30.299482');
INSERT INTO django_session VALUES('149l5g3gvornkqabt35tayymtsjh0618','.eJxVkN1ugkAQhd9lr61hWWRd76S2alFrRWp_0pBhGWQVWRVQrPHdi4033kwy5ztzcjJnkmupIAUpdZkVQV5AgTnpnMls6oVcx3r6Ohku128fpPN9Jtu9lpjXnKR6qTLSIBEUQDpZmaYNsl1LDKSOMDjgXsUK97XR2VRd54WW4vexKr3h-Lh0nMyWoHuePxZPAz9d6E-RYGAiexWT6fAwW8J84T4PTn7ol95mfQgrY-D22uGpOuIJjw-bXVhU1Pe90WzVT8x-3Ooyd_WlcPSumBXOBzvNgpy5mjJ3Qy4NymnbaFOD0aZoWcwwrJ9LgwRQFklQ5rgPVFQXbZE7LQS5xuwKIE2vcvP2o-a_54bzZrfeMCuUhELpzLld3UUlkCd1jhSx4BRsbpsxWgJ4BGAzISLb4MZ1sFZk8RAjilRK04zBpJRzlDECtqlJLn_QNI-o:1sGtkC:8f_45FTjrlJbm126tY2zwGnRlhRCCXUhBljk_4NFTf0','2024-06-25 05:08:28.446663');
INSERT INTO django_session VALUES('x87zsn355eln0z29pnj0exqgiushg3tj','.eJxVjMEKwyAQRP_Fc5FoErf21vyIbNYVpcFA1VPpvzeWHNrLwMybmZdw2Gp0rfDTJS9uYhaX32xFenDuALetxxKJ9par_HZOXOT9cJxrIqxpz8u5-ruKWOLxQzZYUGjA6MCTRfCIZrTWmwGGLuPsJ1jZK1ZEWgfUSgEwBUa-Ki3eH8GHPLE:1sGyxu:hX2BudLNJutdvkxaPHfxAzGn-lyh9f9fqaisySouIu8','2024-06-25 10:42:58.493695');
INSERT INTO django_session VALUES('37wn20gnj5o7iw43o1gx235g0o1y00t6','.eJxVjMEKwyAQRP_Fc5FoErf21vyIbNYVpcFA1VPpvzeWHNrLwMybmZdw2Gp0rfDTJS9uYhaX32xFenDuALetxxKJ9par_HZOXOT9cJxrIqxpz8u5-ruKWOLxQzZYUGjA6MCTRfCIZrTWmwGGLuPsJ1jZK1ZEWgfUSgEwBUa-Ki3eH8GHPLE:1sGz78:WfjLHpzvTDMo0eQjLPzVQ7wfNqcN6dQuson0eTWzVbM','2024-06-25 10:52:30.709370');
INSERT INTO django_session VALUES('sxyz6sbfbry7qj2go17tquo6jgsvtlqz','.eJxVjMEOwiAQRP-FsyEsUAre9EeaZbsEYkMToSfjv9uaHvQ4b2beS0y49TxtjZ9TmcVVgBWXXxiRHlyPBpflwBKJ1q12-d2cdZO3PXHthbCXtd7P158qY8u7J0IyoDXaka01MSkIjJjIq6SDhZkt4RA9m9E7dGFwTMYBquBAuRiUeH8A5m48Pg:1sHlXw:bumvDyVzW7KKAV2uc2Thw2uTB5MvxuddNKLqfSnNx-s','2024-06-27 14:35:24.217036');
INSERT INTO django_session VALUES('10av36lq9ckgkg2nc4k7dt1w4z7cvv0g','.eJxVjMEKwyAQRP_Fc5FoErf21vyIbNYVpcFA1VPpvzeWHNrLwMybmZdw2Gp0rfDTJS9uYhaX32xFenDuALetxxKJ9par_HZOXOT9cJxrIqxpz8u5-ruKWOLxQzZYUGjA6MCTRfCIZrTWmwGGLuPsJ1jZK1ZEWgfUSgEwBUa-Ki3eH8GHPLE:1sI5ch:uLwk5vJLnBEKlVdow2NxuDfIQ-QwvRAwVCGjHIEG8WI','2024-06-28 12:01:39.257481');
INSERT INTO django_session VALUES('32jbh1rqdwtxyanmpv9wfil48xl5ibat','.eJxVjMEKwyAQRP_Fc5FoErf21vyIbNYVpcFA1VPpvzeWHNrLwMybmZdw2Gp0rfDTJS9uYhaX32xFenDuALetxxKJ9par_HZOXOT9cJxrIqxpz8u5-ruKWOLxQzZYUGjA6MCTRfCIZrTWmwGGLuPsJ1jZK1ZEWgfUSgEwBUa-Ki3eH8GHPLE:1sI6uz:v8MclS009gboe0KJudP7drBHHLwtpLk3im31ne2jVXQ','2024-06-28 13:24:37.165857');
INSERT INTO django_session VALUES('8oqoi9jr0cx4rf9kmdlz0r7yszvgfu1j','.eJxVjMsOwiAURP-FtSF9AG3c6Y-Q4d5LaGxoInRl_Hep6UKXc87MvJTHXpPfizz9wuqqTKcuvzCAHpIPg3U9sAbRtueqv51TF31rSXJdCHXZ8v1c_V0llNR-AhsDTOJ6uA4TMEbHzHGUGUFg2Y7BuBCHODDBTuTm6CK1pvSWeVbvDyuhPq8:1sI6yW:Dp-vnUcJ2XEYyBAziwlMC4f6gmT6Q9VzZnxfFLB1s6o','2024-06-28 13:28:16.921140');
INSERT INTO django_session VALUES('6fdkni21p4r3fa335rvdfzjolrsw9jx6','.eJxVjEsOwjAMRO-SNarysxvYwUUq2zVqRZVKJFkh7k6LuoDlvJl5LzNQq9PQij6HeTQXE87m9AuZ5KF5b2hZdtyRyNpy7b6boy7ddUua6yxU5zXfjtefaqIybR7nk0fwyNaHhG6MJE4iS7C2R717AOGIEhhUIIzWai-YAKNjZRvFvD-_ljv_:1sI7D1:qtVpcZGPEEvkS-e2i52f-dsCKqB3NPeKMkvSn84_BJE','2024-06-28 13:43:15.859742');
INSERT INTO django_session VALUES('9gn25rm8n19nm8xcxzgj2zwdhzaxyvab','.eJxVjMEOgyAQRP-Fc2MUVxZ6a3_ELMsSSA0mFU5N_73aeGiP82bmvdRMraa5bfKcc1BXBaguv9ATP6QcDS3LgTtiXlup3Xdz1lt325OUmplqXsv9fP2pEm1p9zgTQHDEQMg6AGgHxg88ADtjrY09Gpxw5DgOwXoRnLQOoqPrvSUUq94f05I8Rg:1sIPjb:ssm-hG8VXyIRqCdtX52kAf6zHWO96SrsuK0VSy94fFY','2024-06-29 09:30:07.829432');
INSERT INTO django_session VALUES('zufb68zm4mbqnh1i4588r5q4fc1o654v','.eJxVjMEOgyAQRP-Fc2MUVxZ6a3_ELMsSSA0mFU5N_73aeGiP82bmvdRMraa5bfKcc1BXBaguv9ATP6QcDS3LgTtiXlup3Xdz1lt325OUmplqXsv9fP2pEm1p9zgTQHDEQMg6AGgHxg88ADtjrY09Gpxw5DgOwXoRnLQOoqPrvSUUq94f05I8Rg:1sIQBi:ahFYi5HS1b2Ln7c4PzPtb5aT8KCW7pmy_0g90zpRw6U','2024-06-29 09:59:10.665164');
INSERT INTO django_session VALUES('n6v9xr1vuqmkj798e2r09m6zcox0k6e7','.eJxVjMsOwiAURP-FtSGU8nSnP0Iul0sgNjSxsDL-u63pQpdzZua8WIDRSxgbPUNN7MqUZ5dfGAEf1I4GluXAHBDX0Tr_bs5647c9UesVode13c_Xn6rAVnYPughZJIFCIDhSE3ibnE56QiDntLZkcvSznskqY6w2UlqlDErps7OSvT_3aDwJ:1sIQJC:f-ct_24WtC1YmfDOyrsPhejjdaoyFXJUKM1Lu3RA2lU','2024-06-29 10:06:54.389847');
INSERT INTO django_session VALUES('28neemfhhcjg593xi9duluxdta6ck5p7','.eJxVjMEOwiAQRP-FsyFAC6wevfsNZMsuUjWQlPZk_Hdp0oMmc3rzZt4i4LbmsDVewkziIqwRp184YXxy2Rt6YLlXGWtZl3mSuyKPtslbJX5dD_fvIGPLfQ0ez5HYQByBCXVKoMEpQ-yVRWQHQxrJD9papbVBbRh6wA2xU-_F5wsTsze1:1sIR4e:0R6e1V36L8RylelHf5CdsfToq30mtm02BiEtLx1JiZM','2024-06-29 10:55:56.212099');
INSERT INTO django_session VALUES('i7c4eitqasvpuzs3cyszqtr1xn0041pf','.eJxVjE0OwiAQhe_C2hCgBUZ3ehEyDkNobGgisDLeXWq60ORt3vd-XiJgbzn0ys-wRHER1ojTL7wjPbjsCa7rjiUSbb00-e0ccZXX4bi0hbAtW7kdq7-rjDWPH_B4psgGaAaOqFMCDU6ZyF5ZRHYwpTn6SVurtDaoDcMQuIkG9V68P-28PCk:1sIjJI:7pHUoCAjy7elK_I95RZjzN2YQ3ZqbGcKZPy3N5yyCEk','2024-06-30 06:24:16.849184');
INSERT INTO django_session VALUES('tj3dls7odyrw2i84h64d5qr3nrej3nm1','.eJxVjE0OwiAQhe_C2hCgBUZ3ehEyDkNobGgisDLeXWq60ORt3vd-XiJgbzn0ys-wRHER1ojTL7wjPbjsCa7rjiUSbb00-e0ccZXX4bi0hbAtW7kdq7-rjDWPH_B4psgGaAaOqFMCDU6ZyF5ZRHYwpTn6SVurtDaoDcMQuIkG9V68P-28PCk:1sJ35q:gqUv7AC1Q98xvepJHlubqAdAW_sZVG0IewR3n2FRj8Q','2024-07-01 03:31:42.318615');
INSERT INTO django_session VALUES('rw2rexz1uabothvfiqa461t2fjqd3rna','.eJxVjE0OwiAQhe_C2hCgBUZ3ehEyDkNobGgisDLeXWq60ORt3vd-XiJgbzn0ys-wRHER1ojTL7wjPbjsCa7rjiUSbb00-e0ccZXX4bi0hbAtW7kdq7-rjDWPH_B4psgGaAaOqFMCDU6ZyF5ZRHYwpTn6SVurtDaoDcMQuIkG9V68P-28PCk:1sJ8gy:cD2BXmfaQ-bKhaRjoZ37pGtX0NLQbGV0zp3ZG-DGxDM','2024-07-01 09:30:24.564911');
INSERT INTO django_session VALUES('q2zzxguttuwkf2990icluo2nj5y876vw','.eJxVjE0OwiAQhe_C2hCgBUZ3ehEyDkNobGgisDLeXWq60ORt3vd-XiJgbzn0ys-wRHER1ojTL7wjPbjsCa7rjiUSbb00-e0ccZXX4bi0hbAtW7kdq7-rjDWPH_B4psgGaAaOqFMCDU6ZyF5ZRHYwpTn6SVurtDaoDcMQuIkG9V68P-28PCk:1sJ8z0:pNvnII82PVAcEkm4NICk7PPtMpsmAT4gXMBdMw8j5qo','2024-07-01 09:49:02.307084');
INSERT INTO django_session VALUES('0f2oq6oqzwgeqm9fphmoa4gdimd2rg4h','.eJxVjE0OwiAQhe_C2hCgBUZ3ehEyDkNobGgisDLeXWq60ORt3vd-XiJgbzn0ys-wRHER1ojTL7wjPbjsCa7rjiUSbb00-e0ccZXX4bi0hbAtW7kdq7-rjDWPH_B4psgGaAaOqFMCDU6ZyF5ZRHYwpTn6SVurtDaoDcMQuIkG9V68P-28PCk:1sJvG9:YRR9p9iLKexVZLpwBLQcLbe7ycumpo5Unp_y_n054DY','2024-07-03 13:21:57.824914');
INSERT INTO django_session VALUES('v874919ct4bij5nqud3zqv0d45rwmsdp','.eJxVjE0OwiAQhe_C2hCgBUZ3ehEyDkNobGgisDLeXWq60ORt3vd-XiJgbzn0ys-wRHER1ojTL7wjPbjsCa7rjiUSbb00-e0ccZXX4bi0hbAtW7kdq7-rjDWPH_B4psgGaAaOqFMCDU6ZyF5ZRHYwpTn6SVurtDaoDcMQuIkG9V68P-28PCk:1sJw5y:C7vu7s1DZKtmGgfLbLjizvtE17w9Jl26ihXlom5NGV8','2024-07-03 14:15:30.689173');
INSERT INTO django_session VALUES('vmdlqzn5vfxk7mqvvefe3qgtx8fyrn0x','.eJxVjE0OwiAQhe_C2hCgBUZ3ehEyDkNobGgisDLeXWq60ORt3vd-XiJgbzn0ys-wRHER1ojTL7wjPbjsCa7rjiUSbb00-e0ccZXX4bi0hbAtW7kdq7-rjDWPH_B4psgGaAaOqFMCDU6ZyF5ZRHYwpTn6SVurtDaoDcMQuIkG9V68P-28PCk:1sJwXd:yQ3N_Enp5ii6IipS46RiVYwjBn6QQUDyQdjQG02tgco','2024-07-03 14:44:05.822181');
INSERT INTO django_session VALUES('x5afway2l2c6ed261exvvi0njh5ihw0y','.eJxVjE0OwiAQhe_C2hCgBUZ3ehEyDkNobGgisDLeXWq60ORt3vd-XiJgbzn0ys-wRHER1ojTL7wjPbjsCa7rjiUSbb00-e0ccZXX4bi0hbAtW7kdq7-rjDWPH_B4psgGaAaOqFMCDU6ZyF5ZRHYwpTn6SVurtDaoDcMQuIkG9V68P-28PCk:1sJwfh:C3l0LA2CjDdVnfENzW4iIl7MP5OkS7psM-Sp7jhFGj4','2024-07-03 14:52:25.254638');
INSERT INTO django_session VALUES('wz42snb5jhhv5q0jbes6xh8nuta2smcn','.eJxVjE0OwiAQhe_C2hCgBUZ3ehEyDkNobGgisDLeXWq60ORt3vd-XiJgbzn0ys-wRHER1ojTL7wjPbjsCa7rjiUSbb00-e0ccZXX4bi0hbAtW7kdq7-rjDWPH_B4psgGaAaOqFMCDU6ZyF5ZRHYwpTn6SVurtDaoDcMQuIkG9V68P-28PCk:1sK7TZ:mRfK7Ozy1SiEHeDlpBjSy_Wr8sieu4OyI2dFLNEbZN4','2024-07-04 02:24:37.243448');
INSERT INTO django_session VALUES('ce659z80xvz8iqoxv8rrm3weow7jrgrs','.eJxVjE0OwiAQhe_C2hCgBUZ3ehEyDkNobGgisDLeXWq60ORt3vd-XiJgbzn0ys-wRHER1ojTL7wjPbjsCa7rjiUSbb00-e0ccZXX4bi0hbAtW7kdq7-rjDWPH_B4psgGaAaOqFMCDU6ZyF5ZRHYwpTn6SVurtDaoDcMQuIkG9V68P-28PCk:1sK7fN:93m1Pad9FJFOICM_8pvKVYOr2pEIBKTk0qMbgIQcw9I','2024-07-04 02:36:49.409444');
INSERT INTO django_session VALUES('1uxd0rgqep5dx43pwvhr6so6owtbrq87','.eJxVjE0OwiAQhe_C2hCgBUZ3ehEyDkNobGgisDLeXWq60ORt3vd-XiJgbzn0ys-wRHER1ojTL7wjPbjsCa7rjiUSbb00-e0ccZXX4bi0hbAtW7kdq7-rjDWPH_B4psgGaAaOqFMCDU6ZyF5ZRHYwpTn6SVurtDaoDcMQuIkG9V68P-28PCk:1sKGAx:wB62ugYFc1J1XYBEUXn3NUnm12dkOxn5kex4ex8UGPk','2024-07-04 11:41:59.299635');
INSERT INTO django_session VALUES('h0xrmpnlw22mztt3bt8uxzcx4lz4zcmu','.eJxVjE0OwiAQhe_C2hCgBUZ3ehEyDkNobGgisDLeXWq60ORt3vd-XiJgbzn0ys-wRHER1ojTL7wjPbjsCa7rjiUSbb00-e0ccZXX4bi0hbAtW7kdq7-rjDWPH_B4psgGaAaOqFMCDU6ZyF5ZRHYwpTn6SVurtDaoDcMQuIkG9V68P-28PCk:1sKGKQ:F0WXf6u9x5nGyxBgn-MxDxtVDNWVEGZ4UG4wkw6_cuc','2024-07-04 11:51:46.740559');
INSERT INTO django_session VALUES('xxwyt8i2qcl2nrha1z5spygmfxjv90vi','.eJxVjE0OwiAQhe_C2hCgBUZ3ehEyDkNobGgisDLeXWq60ORt3vd-XiJgbzn0ys-wRHER1ojTL7wjPbjsCa7rjiUSbb00-e0ccZXX4bi0hbAtW7kdq7-rjDWPH_B4psgGaAaOqFMCDU6ZyF5ZRHYwpTn6SVurtDaoDcMQuIkG9V68P-28PCk:1sKGdk:gA_LtpxUkstnuV0kyNWyD2YVIO--5A59i-MrIX2Ipa4','2024-07-04 12:11:44.340783');
INSERT INTO django_session VALUES('upvrygqmxsv2cjroprsla9bxhdq1nbps','.eJxVjE0OwiAQhe_C2hCgBUZ3ehEyDkNobGgisDLeXWq60ORt3vd-XiJgbzn0ys-wRHER1ojTL7wjPbjsCa7rjiUSbb00-e0ccZXX4bi0hbAtW7kdq7-rjDWPH_B4psgGaAaOqFMCDU6ZyF5ZRHYwpTn6SVurtDaoDcMQuIkG9V68P-28PCk:1sKXEA:QD6pin8E9FTkmCD55q7aD6kjEmtXonFVfP5KP0EthFA','2024-07-05 05:54:26.615747');
INSERT INTO django_session VALUES('gh1zp2ys8anrvlmr90k2krfy16mc549x','.eJxVjE0OwiAQhe_C2hCgBUZ3ehEyDkNobGgisDLeXWq60ORt3vd-XiJgbzn0ys-wRHER1ojTL7wjPbjsCa7rjiUSbb00-e0ccZXX4bi0hbAtW7kdq7-rjDWPH_B4psgGaAaOqFMCDU6ZyF5ZRHYwpTn6SVurtDaoDcMQuIkG9V68P-28PCk:1sKbPc:AYs95XxQFNk22wCEiybsP2jo69OpK9bIlXuDb49GHcg','2024-07-05 10:22:32.949660');
INSERT INTO django_session VALUES('8o2257oi9if7rvdjcsw8jxre90jevlfu','.eJxVjE0OwiAQhe_C2hCgBUZ3ehEyDkNobGgisDLeXWq60ORt3vd-XiJgbzn0ys-wRHER1ojTL7wjPbjsCa7rjiUSbb00-e0ccZXX4bi0hbAtW7kdq7-rjDWPH_B4psgGaAaOqFMCDU6ZyF5ZRHYwpTn6SVurtDaoDcMQuIkG9V68P-28PCk:1sKcLz:h4CcGmiGgjWmlQrxQ3y5bk3ERTvoPmnjIcGQD5Vzzeo','2024-07-05 11:22:51.079875');
INSERT INTO django_session VALUES('seehq039npjtm0rpkvo35szws6cb4w2b','.eJxVjE0OwiAQhe_C2hCgBUZ3ehEyDkNobGgisDLeXWq60ORt3vd-XiJgbzn0ys-wRHER1ojTL7wjPbjsCa7rjiUSbb00-e0ccZXX4bi0hbAtW7kdq7-rjDWPH_B4psgGaAaOqFMCDU6ZyF5ZRHYwpTn6SVurtDaoDcMQuIkG9V68P-28PCk:1sKdWF:022dQRcG15IiBIgKxQyrjjeXuWODX7iPX8J4ihooF4I','2024-07-05 12:37:31.914757');
INSERT INTO django_session VALUES('chdbagbvyzroa2sce5mw6a3988hn322c','.eJxVjE0OwiAQhe_C2hCgBUZ3ehEyDkNobGgisDLeXWq60ORt3vd-XiJgbzn0ys-wRHER1ojTL7wjPbjsCa7rjiUSbb00-e0ccZXX4bi0hbAtW7kdq7-rjDWPH_B4psgGaAaOqFMCDU6ZyF5ZRHYwpTn6SVurtDaoDcMQuIkG9V68P-28PCk:1sKpa8:hb_kcbkochJ4Rw6WDnFfcrvRiBv0MYinAk-kvLE7XWo','2024-07-06 01:30:20.865290');
INSERT INTO django_session VALUES('do4qg3uti4u8iy84aixk1nop00ket9dv','.eJxVjE0OwiAQhe_C2hCgBUZ3ehEyDkNobGgisDLeXWq60ORt3vd-XiJgbzn0ys-wRHER1ojTL7wjPbjsCa7rjiUSbb00-e0ccZXX4bi0hbAtW7kdq7-rjDWPH_B4psgGaAaOqFMCDU6ZyF5ZRHYwpTn6SVurtDaoDcMQuIkG9V68P-28PCk:1sKpwY:jlvl8U7YOg7VWZLM7cXKBZGGlH3zNiqROhxbAJ6pnJQ','2024-07-06 01:53:30.756071');
INSERT INTO django_session VALUES('jhqbuwh23wke6ghd6oxcj3kh5cncwuaz','.eJxVjE0OwiAQhe_C2hCgBUZ3ehEyDkNobGgisDLeXWq60ORt3vd-XiJgbzn0ys-wRHER1ojTL7wjPbjsCa7rjiUSbb00-e0ccZXX4bi0hbAtW7kdq7-rjDWPH_B4psgGaAaOqFMCDU6ZyF5ZRHYwpTn6SVurtDaoDcMQuIkG9V68P-28PCk:1sKqJ8:EsEqV6ayVuNLtWKB0YdSUUOWVJIVvqG2baArcxs3yfE','2024-07-06 02:16:50.941596');
INSERT INTO django_session VALUES('103u2j7gi9su7f6qmp1bz9l3kf3ak754','.eJxVjE0OwiAQhe_C2hCgBUZ3ehEyDkNobGgisDLeXWq60ORt3vd-XiJgbzn0ys-wRHER1ojTL7wjPbjsCa7rjiUSbb00-e0ccZXX4bi0hbAtW7kdq7-rjDWPH_B4psgGaAaOqFMCDU6ZyF5ZRHYwpTn6SVurtDaoDcMQuIkG9V68P-28PCk:1sKqhz:orYoqFA5n3oX3mjcYLRBU25p-IJus_gGCe0WQHoHHOg','2024-07-06 02:42:31.372952');
INSERT INTO django_session VALUES('tkq25yx5cb0pse64imo3b1gqggdmpc9h','.eJxVjE0OwiAQhe_C2hCgBUZ3ehEyDkNobGgisDLeXWq60ORt3vd-XiJgbzn0ys-wRHER1ojTL7wjPbjsCa7rjiUSbb00-e0ccZXX4bi0hbAtW7kdq7-rjDWPH_B4psgGaAaOqFMCDU6ZyF5ZRHYwpTn6SVurtDaoDcMQuIkG9V68P-28PCk:1sKrcD:85uoZaGCMBNrv5baI9-OF3ijskziRumVXUOogPsVD0A','2024-07-06 03:40:37.234057');
INSERT INTO django_session VALUES('3jdnkstaus3aui8cakdr323dhxrl03gv','.eJxVjE0OwiAQhe_C2hCgBUZ3ehEyDkNobGgisDLeXWq60ORt3vd-XiJgbzn0ys-wRHER1ojTL7wjPbjsCa7rjiUSbb00-e0ccZXX4bi0hbAtW7kdq7-rjDWPH_B4psgGaAaOqFMCDU6ZyF5ZRHYwpTn6SVurtDaoDcMQuIkG9V68P-28PCk:1sKsv0:LGFZUvvpM6K7UvfyCmkq7XPWbuv31s8rRaEyOTWzIPs','2024-07-06 05:04:06.436923');
INSERT INTO django_session VALUES('2no8vgpqkfoh2hu464r6y6uyoh6c51gg','.eJxVjE0OwiAQhe_C2hCgBUZ3ehEyDkNobGgisDLeXWq60ORt3vd-XiJgbzn0ys-wRHER1ojTL7wjPbjsCa7rjiUSbb00-e0ccZXX4bi0hbAtW7kdq7-rjDWPH_B4psgGaAaOqFMCDU6ZyF5ZRHYwpTn6SVurtDaoDcMQuIkG9V68P-28PCk:1sLF8S:JyTUnvJisoVhh2pdvXnWo2zJNoizjcf2RjfbkTi2fdI','2024-07-07 04:47:28.485583');
INSERT INTO django_session VALUES('acazvgqne2pbjbnrznsxk3v6sm2kzgu1','.eJxVjMEKwyAQRP_Fc5FoErf21vyIbNYVpcFA1VPpvzeWHNrLwMybmZdw2Gp0rfDTJS9uYhaX32xFenDuALetxxKJ9par_HZOXOT9cJxrIqxpz8u5-ruKWOLxQzZYUGjA6MCTRfCIZrTWmwGGLuPsJ1jZK1ZEWgfUSgEwBUa-Ki3eH8GHPLE:1sLFAN:yNdh4J0SFWBT3Jpc6ig1e1D-KIZMXwX8hXxGUi9CmHk','2024-07-07 04:49:27.411174');
INSERT INTO django_session VALUES('c4xdnqhs2s69ttsk0khj110cw28cl6ev','.eJxVjMEKwyAQRP_Fc5FoErf21vyIbNYVpcFA1VPpvzeWHNrLwMybmZdw2Gp0rfDTJS9uYhaX32xFenDuALetxxKJ9par_HZOXOT9cJxrIqxpz8u5-ruKWOLxQzZYUGjA6MCTRfCIZrTWmwGGLuPsJ1jZK1ZEWgfUSgEwBUa-Ki3eH8GHPLE:1sLFFg:08PCHZOthcmdrfvbtfUTTjld0eGCtQsG-S4_IRodZ8g','2024-07-07 04:54:56.846345');
INSERT INTO django_session VALUES('ndjneqdqbjil99haegtoco7dwgcxhst4','.eJxVjE0OwiAQhe_C2hCgBUZ3ehEyDkNobGgisDLeXWq60ORt3vd-XiJgbzn0ys-wRHER1ojTL7wjPbjsCa7rjiUSbb00-e0ccZXX4bi0hbAtW7kdq7-rjDWPH_B4psgGaAaOqFMCDU6ZyF5ZRHYwpTn6SVurtDaoDcMQuIkG9V68P-28PCk:1sLFLu:n4Xa9CB7xCsPMIextfnJhnMqGAMAvCgEYTqE_tvntFg','2024-07-07 05:01:22.493103');
INSERT INTO django_session VALUES('z92i2lrnxuw2bx1prqb83alq42aikcij','.eJxVjMEKwyAQRP_Fc5FoErf21vyIbNYVpcFA1VPpvzeWHNrLwMybmZdw2Gp0rfDTJS9uYhaX32xFenDuALetxxKJ9par_HZOXOT9cJxrIqxpz8u5-ruKWOLxQzZYUGjA6MCTRfCIZrTWmwGGLuPsJ1jZK1ZEWgfUSgEwBUa-Ki3eH8GHPLE:1sLFoT:Mw1_qiYmgGPCDFRUy04RQR_6ROWkjeEKEJEaUErws50','2024-07-07 05:30:53.122758');
INSERT INTO django_session VALUES('z2ifkp9z62me3kd2expyifl01umkkle4','.eJxVjE0OwiAQhe_C2hCgBUZ3ehEyDkNobGgisDLeXWq60ORt3vd-XiJgbzn0ys-wRHER1ojTL7wjPbjsCa7rjiUSbb00-e0ccZXX4bi0hbAtW7kdq7-rjDWPH_B4psgGaAaOqFMCDU6ZyF5ZRHYwpTn6SVurtDaoDcMQuIkG9V68P-28PCk:1sLG9K:x4jgsOFIBRAQo8is6FaEitxZnVFMVsoHx-ocSahJjic','2024-07-07 05:52:26.704238');
INSERT INTO django_session VALUES('pwkn7pdob146x4b0wc09ef9lukw6rg0u','.eJxVjE0OwiAQhe_C2hCgBUZ3ehEyDkNobGgisDLeXWq60ORt3vd-XiJgbzn0ys-wRHER1ojTL7wjPbjsCa7rjiUSbb00-e0ccZXX4bi0hbAtW7kdq7-rjDWPH_B4psgGaAaOqFMCDU6ZyF5ZRHYwpTn6SVurtDaoDcMQuIkG9V68P-28PCk:1sLHhA:kKX8YGER67tXO45FKV7uHHK6c6yVIW10bI0r0f3sTgM','2024-07-07 07:31:28.168509');
INSERT INTO django_session VALUES('mur0lbfa65zdhf3s0uxiekupu6e3djc3','.eJxVjMEKwyAQRP_Fc5FoErf21vyIbNYVpcFA1VPpvzeWHNrLwMybmZdw2Gp0rfDTJS9uYhaX32xFenDuALetxxKJ9par_HZOXOT9cJxrIqxpz8u5-ruKWOLxQzZYUGjA6MCTRfCIZrTWmwGGLuPsJ1jZK1ZEWgfUSgEwBUa-Ki3eH8GHPLE:1sLMNy:C6dcvAyq47m6j2aTN4nK3P1tAB53u5v30EGOcmBnS6I','2024-07-07 12:31:58.548685');
INSERT INTO django_session VALUES('hpqcw3wwa10n98h03r4qsea7vyq9sxyi','.eJxVjMEKwyAQRP_Fc5FoErf21vyIbNYVpcFA1VPpvzeWHNrLwMybmZdw2Gp0rfDTJS9uYhaX32xFenDuALetxxKJ9par_HZOXOT9cJxrIqxpz8u5-ruKWOLxQzZYUGjA6MCTRfCIZrTWmwGGLuPsJ1jZK1ZEWgfUSgEwBUa-Ki3eH8GHPLE:1sLYkY:Ithvl5S497BdV_Q24GEuMhudcWnzHf6LIkM8hjOEkvc','2024-07-08 01:44:06.430708');
INSERT INTO django_session VALUES('09g0hl54vupz5ay7nm0pyq5tfplzqzap','.eJxVjMEKwyAQRP_Fc5FoErf21vyIbNYVpcFA1VPpvzeWHNrLwMybmZdw2Gp0rfDTJS9uYhaX32xFenDuALetxxKJ9par_HZOXOT9cJxrIqxpz8u5-ruKWOLxQzZYUGjA6MCTRfCIZrTWmwGGLuPsJ1jZK1ZEWgfUSgEwBUa-Ki3eH8GHPLE:1sLYlo:ICyGYmV_nzBuDF2POola2bX5F0SfeKYMZIyJJddYuqM','2024-07-08 01:45:24.408589');
INSERT INTO django_session VALUES('qqnbhfvx45rk968mr96v7f1wjzguqwrd','.eJxVjE0OwiAQhe_C2hCgBUZ3ehEyDkNobGgisDLeXWq60ORt3vd-XiJgbzn0ys-wRHER1ojTL7wjPbjsCa7rjiUSbb00-e0ccZXX4bi0hbAtW7kdq7-rjDWPH_B4psgGaAaOqFMCDU6ZyF5ZRHYwpTn6SVurtDaoDcMQuIkG9V68P-28PCk:1sLaKn:t-YWE8xmZoh6t-yaZAqEVMP45fngDaN553VqNDQ9pvA','2024-07-08 03:25:37.578879');
INSERT INTO django_session VALUES('ypk40gqkroptdlh3ilbno7q0m50vsqqz','.eJxVjMEKwyAQRP_Fc5FoErf21vyIbNYVpcFA1VPpvzeWHNrLwMybmZdw2Gp0rfDTJS9uYhaX32xFenDuALetxxKJ9par_HZOXOT9cJxrIqxpz8u5-ruKWOLxQzZYUGjA6MCTRfCIZrTWmwGGLuPsJ1jZK1ZEWgfUSgEwBUa-Ki3eH8GHPLE:1sLbS7:xaT91xNRWao16KYSB_l8cKRATTz70KSNUBgGF5aL6ME','2024-07-08 04:37:15.830588');
INSERT INTO django_session VALUES('2j858om37oljs1jpyv11o9hoj1o36yrd','.eJxVjE0OwiAQhe_C2hCgBUZ3ehEyDkNobGgisDLeXWq60ORt3vd-XiJgbzn0ys-wRHER1ojTL7wjPbjsCa7rjiUSbb00-e0ccZXX4bi0hbAtW7kdq7-rjDWPH_B4psgGaAaOqFMCDU6ZyF5ZRHYwpTn6SVurtDaoDcMQuIkG9V68P-28PCk:1sLcYI:9LCJIV3GNIlAPtmTuDLg7cP7QAIly_BHiylQaOUrrVE','2024-07-08 05:47:42.733972');
INSERT INTO django_session VALUES('yj8i4t1sxo5hj4d7nn7lczreo642q271','.eJxVjMEKwyAQRP_Fc5FoErf21vyIbNYVpcFA1VPpvzeWHNrLwMybmZdw2Gp0rfDTJS9uYhaX32xFenDuALetxxKJ9par_HZOXOT9cJxrIqxpz8u5-ruKWOLxQzZYUGjA6MCTRfCIZrTWmwGGLuPsJ1jZK1ZEWgfUSgEwBUa-Ki3eH8GHPLE:1sLfuz:Z6P3xalwlsDb8aL1zt9VUnq4TDhcYJ6Fmw1Khaq7abg','2024-07-08 09:23:21.763537');
INSERT INTO django_session VALUES('xapwojos2srvn5zozn42x8t9gj2v3yc2','.eJxVjMEKwyAQRP_Fc5FoErf21vyIbNYVpcFA1VPpvzeWHNrLwMybmZdw2Gp0rfDTJS9uYhaX32xFenDuALetxxKJ9par_HZOXOT9cJxrIqxpz8u5-ruKWOLxQzZYUGjA6MCTRfCIZrTWmwGGLuPsJ1jZK1ZEWgfUSgEwBUa-Ki3eH8GHPLE:1sLipB:RsilUYfvccnCgRmv-gQrQbxTcouhIgnVptujSfgcv_8','2024-07-08 12:29:33.339945');
INSERT INTO django_session VALUES('kill1vojmyz6sanmq0ryg6ydtlkim60c','.eJxVjE0OwiAQhe_C2hCgBUZ3ehEyDkNobGgisDLeXWq60ORt3vd-XiJgbzn0ys-wRHER1ojTL7wjPbjsCa7rjiUSbb00-e0ccZXX4bi0hbAtW7kdq7-rjDWPH_B4psgGaAaOqFMCDU6ZyF5ZRHYwpTn6SVurtDaoDcMQuIkG9V68P-28PCk:1sLjhP:-DErJHzFiLzESjDmrqUgMXisJuqfQ6HYzhw7MxXpBjI','2024-07-08 13:25:35.042429');
INSERT INTO django_session VALUES('aczckvlv0dip9seo1z42mxx6comhjyv7','.eJxVjE0OwiAQhe_C2hCgBUZ3ehEyDkNobGgisDLeXWq60ORt3vd-XiJgbzn0ys-wRHER1ojTL7wjPbjsCa7rjiUSbb00-e0ccZXX4bi0hbAtW7kdq7-rjDWPH_B4psgGaAaOqFMCDU6ZyF5ZRHYwpTn6SVurtDaoDcMQuIkG9V68P-28PCk:1sLjjf:YHoY92tWS3Vu-5jxOlPFYGbJIf6Of6YeLd_4jOsjXgo','2024-07-08 13:27:55.393622');
INSERT INTO django_session VALUES('2p2m4evir5eholbp7ban01p14e3pnbk7','.eJxVjMEKwyAQRP_Fc5FoErf21vyIbNYVpcFA1VPpvzeWHNrLwMybmZdw2Gp0rfDTJS9uYhaX32xFenDuALetxxKJ9par_HZOXOT9cJxrIqxpz8u5-ruKWOLxQzZYUGjA6MCTRfCIZrTWmwGGLuPsJ1jZK1ZEWgfUSgEwBUa-Ki3eH8GHPLE:1sLjqW:fwyOZ-PWajeih7CH2n3KbMGyYW5b9zM2WzJGiK7vF7M','2024-07-08 13:35:00.643454');
INSERT INTO django_session VALUES('fnv0trn6vukveyasgn9q7ld8f62hncjh','.eJxVjMEKwyAQRP_Fc5FoErf21vyIbNYVpcFA1VPpvzeWHNrLwMybmZdw2Gp0rfDTJS9uYhaX32xFenDuALetxxKJ9par_HZOXOT9cJxrIqxpz8u5-ruKWOLxQzZYUGjA6MCTRfCIZrTWmwGGLuPsJ1jZK1ZEWgfUSgEwBUa-Ki3eH8GHPLE:1sLjzu:amPx1py7fI6MdQXxNyhMpYYXHsct03JpmZi-T0txIyI','2024-07-08 13:44:42.169580');
INSERT INTO django_session VALUES('6xh6yif0fqgd27iacfg9r7yb83n578uo','.eJxVjE0OwiAQhe_C2hCgBUZ3ehEyDkNobGgisDLeXWq60ORt3vd-XiJgbzn0ys-wRHER1ojTL7wjPbjsCa7rjiUSbb00-e0ccZXX4bi0hbAtW7kdq7-rjDWPH_B4psgGaAaOqFMCDU6ZyF5ZRHYwpTn6SVurtDaoDcMQuIkG9V68P-28PCk:1sLkLU:FIwyOuVqjRPbusay5zxdWrNtZmkvisG9aJISTSM6TP4','2024-07-08 14:07:00.233807');
INSERT INTO django_session VALUES('mn7uk9cyd49mathsr9ocetkza56q97yj','.eJxVjMsOwiAURP-FtWkur0Ld6Y-QywUCsaGJwMr477amC13OmZnzYg5Hz260-HQlsCvT7PLLPNIj1qPAdT3whETbqH36bs66Tbc9xdoLYS9bvZ-vP1XGlncPcCNAo1AgFsDkA4-Sz8oE9IGAWwNBevDEbQw4a7UkY0VEq60EnyRn7w-mKjv2:1sLlAx:3BSutuaC__d-dcBbdgpmyfsZ671UlY4V_-MyjZXRB7g','2024-07-08 15:00:11.672222');
INSERT INTO django_session VALUES('kps6pt0lwwavn1lw472ffvvgfygzk4a5','.eJxVjE0OwiAQhe_C2hCgBUZ3ehEyDkNobGgisDLeXWq60ORt3vd-XiJgbzn0ys-wRHER1ojTL7wjPbjsCa7rjiUSbb00-e0ccZXX4bi0hbAtW7kdq7-rjDWPH_B4psgGaAaOqFMCDU6ZyF5ZRHYwpTn6SVurtDaoDcMQuIkG9V68P-28PCk:1sMJel:GNF1BaezO3cp6Yy2AQWtwiclbjf4Fkujeqa-eaSP2uE','2024-07-10 03:49:15.331286');
INSERT INTO django_session VALUES('on3q9oe7gahllk6iba282w5aeda7isp2','.eJxVjMEKwyAQRP_Fc5FoErf21vyIbNYVpcFA1VPpvzeWHNrLwMybmZdw2Gp0rfDTJS9uYhaX32xFenDuALetxxKJ9par_HZOXOT9cJxrIqxpz8u5-ruKWOLxQzZYUGjA6MCTRfCIZrTWmwGGLuPsJ1jZK1ZEWgfUSgEwBUa-Ki3eH8GHPLE:1sMjdo:I2rJ0_vAiHvWJ5aR7HsNGXTidn7j8HuAs_HZNIPUJD4','2024-07-11 07:34:00.743204');
INSERT INTO django_session VALUES('o03urhj39rddydaxg1tclqic5dajp7qn','.eJxVjE0OwiAQhe_C2hCgBUZ3ehEyDkNobGgisDLeXWq60ORt3vd-XiJgbzn0ys-wRHER1ojTL7wjPbjsCa7rjiUSbb00-e0ccZXX4bi0hbAtW7kdq7-rjDWPH_B4psgGaAaOqFMCDU6ZyF5ZRHYwpTn6SVurtDaoDcMQuIkG9V68P-28PCk:1sMdKD:36PlNazVWLCIBXbtEwGphGf1NfRmJF0QbpF6gCEmoB0','2024-07-11 00:49:21.331801');
INSERT INTO django_session VALUES('s2ghpj79djtuluhx96iper11c4xh3lhz','.eJxVjE0OwiAQhe_C2hCgBUZ3ehEyDkNobGgisDLeXWq60ORt3vd-XiJgbzn0ys-wRHER1ojTL7wjPbjsCa7rjiUSbb00-e0ccZXX4bi0hbAtW7kdq7-rjDWPH_B4psgGaAaOqFMCDU6ZyF5ZRHYwpTn6SVurtDaoDcMQuIkG9V68P-28PCk:1sOUEO:EyiZtv4eDo-iDMmt2vcXrS0Y-h8ez-d5AZBGXes5YEQ','2024-07-16 03:31:00.218632');
INSERT INTO django_session VALUES('pqm8w574rs86yarh6cbaybe4kykg0mx2','.eJxVjMEOwiAQRP-FsyFloRS82R9plmUNxIYmAifjv9uaHvQ4b2beSyzYW1p65eeSo7iKEcTlFwakB5ejwXU9sESirZcmv5uzrvK2Jy4tE7a8lfl8_akS1rR77k4HTUiTcZM3Y9QusrEBwNLgTNBKWQ0WnQthikA8oB3IeAWe42gBxPsD1qA76g:1sOfCe:AxIbFBCg5vbo4XDzP5ETvaG2EMck9s-tSnVtdA_A8Rc','2024-07-16 15:13:56.490717');
INSERT INTO django_session VALUES('y0urvnv8is07embod00ho6skev3rwgyd','.eJydkd1vokAUxf-XebZmQJiPvqE21oIWVLbWTTMZZgZBPmWgVE3_97Ubm01f9_Gec-7J_eVegK5EynMuRNWVLdMtb5UG9xcQefOFG0933SSZT3f1Ftz_voC6qYTSVx_k1T4twQBI3nJwX3Z5PgB1JhQTlVTsXTVpnKrmGkzw8Wnm-YdgUwd1T2gxzb0tYm2j7DaSTT7zaN_DTK-n8XEX8qePcGkm6XFrscIJaGtlrlFk7kE8eCsG7WpxKPZo7o_XseV3S383d4qw2byUmtoune2ZOpEn58ydeWYgxzXPe_A5MLBBCSUIkSFENjax-TYAVh0_uGOdHifQ37xL_b9887M-jw273rLJycWGUc5Ca5E1AXqcWGwG_f1BPjakH8_g7o4763J85zd2eC2vl2evktVzEJ9pEWSv7DVc9OkqlTg0m_7Edks6PT5QXy_XzXYZnA6ekHEM88RavfxCatGZiwLmz__4MCRDbCFCRm-fA_D90dupkqmCp_k3CuNdm7BOq4al8kphj8APMeIiU-WXw_P8Sx7e-oZ_MzdbD53rpMo2FbxNq3J82_pRlXCdXHtMSjixBFUKmpEpTCOy4khAIogxUhLJiBIbWZFJ4cgeUYQNRBTEAmEiFTcxBp9_AL1p4vw:1sOWF2:7dHS0-JCzK0EVFzzR8ucUwk4t2MBTN2pGqdhTGs4zFQ','2024-07-16 05:39:48.818763');
INSERT INTO django_session VALUES('pyuw7d5w04xdtrioa9v5e2cff5iqohfl','.eJxVjEEOwiAQRe_C2hBhgAGX7nsGMsAgVdMmpV0Z765NutDtf-_9l4i0rS1unZc4FnER1ojT75goP3jaSbnTdJtlnqd1GZPcFXnQLoe58PN6uH8HjXr71spqUB4s1gqpOmXOgb0O4LxBl6tDaywnHQJkUIjsyeSg2DMQoUIt3h_Sqjbb:1sObQx:adR45u4z3DPoeSjbSeacP9nNCVE8ocNT_NKNm87VgCk','2024-07-16 11:12:27.343537');
INSERT INTO django_session VALUES('olvnhd99x2v0ig3mlht76219mi1isrqz','.eJxVjMsOwiAQRf-FtSEVGB4u3fcbyMAMUjU0Ke3K-O_apAvd3nPOfYmI21rj1nmJE4mLABCn3zFhfnDbCd2x3WaZ57YuU5K7Ig_a5TgTP6-H-3dQsddvbcCZcw4ZLDqfvM4DoLfZqyEoDWQZ2CpDzIFsMsa7pD2VEnTBpIiKeH8A9GI4Wg:1sObTz:TFMoiaRky1PbUjS4_XgVSr2Ah3QMKZGRPTS0g8p84sw','2024-07-16 11:15:35.858093');
INSERT INTO django_session VALUES('0r5vez99hp65wfj7ssswpazizhttswl3','.eJxVjMsOgyAURP_lro0RBXzs2h8hF7hEUoqJQDfGf682duFyzsycDdJiPAY0Zikxq5QxU4Jp2yv4sw-t3nmyit7oA0yxhFCBwpJnVRKtyluYQEi4QY3mRfFsMIQT15ev_m2uOtWPI1HM3mD2S3xer5tqxjQfntEZ6rgZOPYMZdeKlgnbuNH1g2GDkNYx3kume-c6Jjh1TDKuG0lotRs5wv4Fe0tRtw:1sObYa:92xi3bd8wbPsjMv1HSY9liN1P91K9sDoWccCB6MvgTM','2024-07-16 11:20:20.940636');
INSERT INTO django_session VALUES('2888xklmjvo9rphq4a6njsu5wl7calz3','.eJwNysdugzAAANB_8ZlWTBtypEG0FDETVlUhxxjKEIYwogTx7-X83gYmRmrcYULY0s_5NOOZTuC0geYqKWwybf42ymY8YHD62cBwZ4ROh4OOVXUPOFDg-aB-6ToODC2hOWEFzVd6r8ua3o8YOIVKxnzMMogt95aaw3dVtP1arnHn9VJiKy-v6UJHYbh15XO-XFI-iS59rZ7RGKI2e3zZ4dsTyi-bMPhUtTS1HOjqtl8hy4OlFDWGmBSe8dA__2LDZ77XiMEHUsJInwoxADsnIEHTZAUJ_Lug8lASfvf9HwfwUhg:1sOiRq:Z1edurkl98lpoeQFPMkfusMCONfzQTm_m1MOwC1-sXE','2024-07-16 18:41:50.185102');
INSERT INTO django_session VALUES('usf1hhx6x4d3bb2hoqditgn18rkhzrdl','.eJxVjMsOwiAURP-FtWkur0Ld6Y-QywUCsaGJwMr477amC13OmZnzYg5Hz260-HQlsCvT7PLLPNIj1qPAdT3whETbqH36bs66Tbc9xdoLYS9bvZ-vP1XGlncPcCNAo1AgFsDkA4-Sz8oE9IGAWwNBevDEbQw4a7UkY0VEq60EnyRn7w-mKjv2:1sPCjX:a_h_aMLRCpg4DjbrYk-KNm7Qy2mqbjP9ADwrtKM0lKo','2024-07-18 03:02:07.614229');
INSERT INTO django_session VALUES('2505ox7tt01p9n4r6gbgw7ahcmtxse38','.eJwNysFugyAAANB_4WwXxarTm211MesaF9eDWxaCSBlCQRE1beO_r-f3HmDUhGOJCdGTsmi02NIRJA9gShfqP151uWm23XAFyc8D9EYTOj4dSM24Ag5oscUgUZOUDugFoYjolqKZGn7h1DzjJn6FwZHUFs7DfvTzLD0QZdiiiw90lPZ28lgm80XkaVh_n2lbILacBkEP2dyIz_twk5WamIW7CkVRn6HuTWx5I0Wtyp7N_AorfE43VVy_L0UJvy5zyWpNdmbvzerOQwFWx4ug64Z-BIOXwIt93w1-1_UfGyFVQQ:1sPD9J:43ESndwYktMR7dOpqDc8pSzGxwZUiQcQ1lv5qLdMUSA','2024-07-18 03:28:45.522295');
INSERT INTO django_session VALUES('ob19dp8740baygtxu17nh46sunh1ii8w','.eJxVjMEOwiAQRP-FsyFloRS82R9plmUNxIYmAifjv9uaHvQ4b2beSyzYW1p65eeSo7iKEcTlFwakB5ejwXU9sESirZcmv5uzrvK2Jy4tE7a8lfl8_akS1rR77k4HTUiTcZM3Y9QusrEBwNLgTNBKWQ0WnQthikA8oB3IeAWe42gBxPsD1qA76g:1sPNZS:dRmdE6W5QqZdX7TR7jmYhDbheiL0HF4jKef0apC2y0k','2024-07-18 14:36:26.464057');
INSERT INTO django_session VALUES('qilwn8k6g0rbncz4im3oaeoq1p27efpy','.eJxVjMEOwiAQRP-FsyFloRS82R9plmUNxIYmAifjv9uaHvQ4b2beSyzYW1p65eeSo7iKEcTlFwakB5ejwXU9sESirZcmv5uzrvK2Jy4tE7a8lfl8_akS1rR77k4HTUiTcZM3Y9QusrEBwNLgTNBKWQ0WnQthikA8oB3IeAWe42gBxPsD1qA76g:1sPcHW:BGqkaulAmt0NZ-P3-cAz62kFMlU8KcwYpf3KFZ97Jf8','2024-07-19 06:18:54.162778');
INSERT INTO django_session VALUES('cj4ph1rrz9csrhqlkdpmqoo1n4eyq0su','.eJwNyt1OgzAYANB36TUa6Ch_d8B0ThkTBTM0pmk-OoMrdCutGyO8u7s-Z0KDhJYJBiBNr-mgmeYDiiZ0-hTZc9Hl6VOBYwIaRV8TOioJfLg5EvKn7ZGFGqYZinojhIWOB-AUZMPpH1ftvuXqFnOVhmu5OC3t17va9CsRV9dH1YmNVyYfW9qAWWSs28C7Ie5FJWn5Jrq1V5_9F-4EIqmxgoqNS9IVW04l-w1ju2hzH0rTJxgnuywPDnQM3F2RaszHqxnDFJJsvzo7lwciKjRbjo9tJ_A9Qu5J4HqY4O95_gcXjVKe:1sPjOB:7hnU5ywPBNffFLFOdKngiuIEdQ3Y9dGIbO_uonQ4F58','2024-07-19 13:54:15.599801');
INSERT INTO django_session VALUES('p42e5il06nl8sqejy35f3rhnsdyxwlsv','.eJxVjE0OwiAQhe_C2hCgBUZ3ehEyDkNobGgisDLeXWq60ORt3vd-XiJgbzn0ys-wRHER1ojTL7wjPbjsCa7rjiUSbb00-e0ccZXX4bi0hbAtW7kdq7-rjDWPH_B4psgGaAaOqFMCDU6ZyF5ZRHYwpTn6SVurtDaoDcMQuIkG9V68P-28PCk:1sRpXM:FDLXPcZI1N3TU-JR1prjZ6lKxove35BfszqjUIXRh6w','2024-07-25 08:52:24.295724');
INSERT INTO django_session VALUES('i0ybkiwhestx9hzjvyz73pc1vn4e8b9w','.eJxVjMEKwyAQRP_Fc5FoErf21vyIbNYVpcFA1VPpvzeWHNrLwMybmZdw2Gp0rfDTJS9uYhaX32xFenDuALetxxKJ9par_HZOXOT9cJxrIqxpz8u5-ruKWOLxQzZYUGjA6MCTRfCIZrTWmwGGLuPsJ1jZK1ZEWgfUSgEwBUa-Ki3eH8GHPLE:1sRpY9:q-u1CEkiezQ4AYDrjiznTR8dXw6dwfTOngGFoy1_i9E','2024-07-25 08:53:13.498634');
INSERT INTO django_session VALUES('om0fxysynbif0oyvad4w65wucoguqn1n','.eJxVjE0OwiAQhe_C2hCgBUZ3ehEyDkNobGgisDLeXWq60ORt3vd-XiJgbzn0ys-wRHER1ojTL7wjPbjsCa7rjiUSbb00-e0ccZXX4bi0hbAtW7kdq7-rjDWPH_B4psgGaAaOqFMCDU6ZyF5ZRHYwpTn6SVurtDaoDcMQuIkG9V68P-28PCk:1sRuDU:GJXOHNZNh4m7dXOEd3SPHBWjWdIZFXAGCsDek4Uo28c','2024-07-25 13:52:12.138806');
INSERT INTO django_session VALUES('aqdfvwcfbmykmhmc3zumqbv93l2mmu8w','.eJxVjE0OwiAQhe_C2hCgBUZ3ehEyDkNobGgisDLeXWq60ORt3vd-XiJgbzn0ys-wRHER1ojTL7wjPbjsCa7rjiUSbb00-e0ccZXX4bi0hbAtW7kdq7-rjDWPH_B4psgGaAaOqFMCDU6ZyF5ZRHYwpTn6SVurtDaoDcMQuIkG9V68P-28PCk:1sSH4z:gd2J-E8yay1niiLtl6wIOk02AhkA6KQP2kqf0kQU4Uk','2024-07-26 14:16:57.628947');
INSERT INTO django_session VALUES('hv71k2ns7ao0mzupthon5xvkf4w2y73r','.eJxVjE0OwiAQhe_C2hCgBUZ3ehEyDkNobGgisDLeXWq60ORt3vd-XiJgbzn0ys-wRHER1ojTL7wjPbjsCa7rjiUSbb00-e0ccZXX4bi0hbAtW7kdq7-rjDWPH_B4psgGaAaOqFMCDU6ZyF5ZRHYwpTn6SVurtDaoDcMQuIkG9V68P-28PCk:1sTXOz:RriYQF2-EHp5VzkOiLQDlMTJh4QzrmcNZevUDY7RRpE','2024-07-30 01:54:49.482993');
INSERT INTO django_session VALUES('gqtw4070yxxz8rcwyme1fxwb1i1f2xgm','.eJxVjMEKwyAQRP_Fc5FoErf21vyIbNYVpcFA1VPpvzeWHNrLwMybmZdw2Gp0rfDTJS9uYhaX32xFenDuALetxxKJ9par_HZOXOT9cJxrIqxpz8u5-ruKWOLxQzZYUGjA6MCTRfCIZrTWmwGGLuPsJ1jZK1ZEWgfUSgEwBUa-Ki3eH8GHPLE:1sTd2G:c8_nJ3cSJroE8qboy7MPWEyBqhyRVlYkM7VT44p1W9c','2024-07-30 07:55:44.586025');
INSERT INTO django_session VALUES('4f3nykz89nllkoczxe7fggew2frxyjf9','.eJxVjE0OwiAQhe_C2hCgBUZ3ehEyDkNobGgisDLeXWq60ORt3vd-XiJgbzn0ys-wRHER1ojTL7wjPbjsCa7rjiUSbb00-e0ccZXX4bi0hbAtW7kdq7-rjDWPH_B4psgGaAaOqFMCDU6ZyF5ZRHYwpTn6SVurtDaoDcMQuIkG9V68P-28PCk:1sTdz4:kX2jWVU77sVW324hxRQp-LZpsu-Zoy2U3tMnzuLUI3Y','2024-07-30 08:56:30.089312');
INSERT INTO django_session VALUES('s2aubujwmtfij1iyjwu4scwl6dq6eck3','.eJxVkMtuwjAQRf_F6zSykzg27EDh0QrKqxKFqooceyCBNEljJ1AQ_163YoM0m7nnztXMXJEuZSZyIWXZFCbWRhjQqHtFQPVgBoVK2Hg6GVUr1P24oqouJWjLUV7uswI5SAkjULdo8txB1VFCLEsFcQt1tsugtsZW1xe9WSbRD04mp6c-nn2nRTuJDiyBZTWYYerHl4wN9aUve0OfJlN52jI5XpFQVrO8XbYHOuVP67mu96K3-Eph26FvYbQ64nUzfKGv280IxvjMk_i5k6fzd3LoqX1kztyEDW0X6OYQ5pHADzEPXBrggIb88-agWDQmjRsNdZwpuyj10IOYCHm091si8vxPdu9Pcv89d6zdnu2gMJkUJiuL_n3qISoVOrU5nImOVOBxGXBQgux2nPAQewoYpkJAyP1doJhPKMWEeIJ4wG3x0JdWZQzdfgGIJY5k:1sUyAE:cnBu_J4hIIRSROscJ-JE6VoCaSrtPdnlgHcuqPjx73I','2024-08-03 00:41:30.673273');
INSERT INTO django_session VALUES('xqplljyl6y77i2r102ooz4b2odreja4w','.eJxVjE0OwiAQhe_C2hCgBUZ3ehEyDkNobGgisDLeXWq60ORt3vd-XiJgbzn0ys-wRHER1ojTL7wjPbjsCa7rjiUSbb00-e0ccZXX4bi0hbAtW7kdq7-rjDWPH_B4psgGaAaOqFMCDU6ZyF5ZRHYwpTn6SVurtDaoDcMQuIkG9V68P-28PCk:1sUydo:8xn0mGBcBg3pyOfNWL9NiNpuisBRaIs-Julpr9DsB88','2024-08-03 01:12:04.263526');
INSERT INTO django_session VALUES('twdgmn9qcro3mdnmz013s7geggnwen0g','.eJxVjE0OwiAQhe_C2hCgBUZ3ehEyDkNobGgisDLeXWq60ORt3vd-XiJgbzn0ys-wRHER1ojTL7wjPbjsCa7rjiUSbb00-e0ccZXX4bi0hbAtW7kdq7-rjDWPH_B4psgGaAaOqFMCDU6ZyF5ZRHYwpTn6SVurtDaoDcMQuIkG9V68P-28PCk:1sUymF:DzjHvr4_m0oXI-7O0eSXRpN110YV_UcQGZEXzHQV7mU','2024-08-03 01:20:47.631573');
INSERT INTO django_session VALUES('2mqkp4e1xxj5hsry69r0ncwbin3rvy7k','.eJxVjE0OwiAQhe_C2hCgBUZ3ehEyDkNobGgisDLeXWq60ORt3vd-XiJgbzn0ys-wRHER1ojTL7wjPbjsCa7rjiUSbb00-e0ccZXX4bi0hbAtW7kdq7-rjDWPH_B4psgGaAaOqFMCDU6ZyF5ZRHYwpTn6SVurtDaoDcMQuIkG9V68P-28PCk:1sUywm:1QFvFknIZw6CA86tr3QKS6cVmJNyVYr-RS6ZcS63y_w','2024-08-03 01:31:40.710906');
INSERT INTO django_session VALUES('fot6x2j96djc6vpsosm6snhzy7q8nroe','.eJxVjE0OwiAQhe_C2hCgBUZ3ehEyDkNobGgisDLeXWq60ORt3vd-XiJgbzn0ys-wRHER1ojTL7wjPbjsCa7rjiUSbb00-e0ccZXX4bi0hbAtW7kdq7-rjDWPH_B4psgGaAaOqFMCDU6ZyF5ZRHYwpTn6SVurtDaoDcMQuIkG9V68P-28PCk:1sVW90:oPcN9LV5KNH8TWu4zuLF7RBVTm1pA3PYcxxwnV6ef7Y','2024-08-04 12:58:30.563383');
INSERT INTO django_session VALUES('r40cg11drrh2phcm9oeged5ej1eesefr','.eJxVjE0OwiAQhe_C2hCgBUZ3ehEyDkNobGgisDLeXWq60ORt3vd-XiJgbzn0ys-wRHER1ojTL7wjPbjsCa7rjiUSbb00-e0ccZXX4bi0hbAtW7kdq7-rjDWPH_B4psgGaAaOqFMCDU6ZyF5ZRHYwpTn6SVurtDaoDcMQuIkG9V68P-28PCk:1sVWLp:2zZ0qEmULlQBQW9b6wt3hCIbdQlJ6J6ZS-whmQfw4Cw','2024-08-04 13:11:45.096802');
INSERT INTO django_session VALUES('h5gq82jpxpxvmk3qt63uv53ye4u2tax3','.eJxVjE0OwiAQhe_C2hCgBUZ3ehEyDkNobGgisDLeXWq60ORt3vd-XiJgbzn0ys-wRHER1ojTL7wjPbjsCa7rjiUSbb00-e0ccZXX4bi0hbAtW7kdq7-rjDWPH_B4psgGaAaOqFMCDU6ZyF5ZRHYwpTn6SVurtDaoDcMQuIkG9V68P-28PCk:1sVWdb:8fsfHOsHRw2gRH-AaIUFxe-Euiz5vDELt_Es9rGTVSU','2024-08-04 13:30:07.119088');
INSERT INTO django_session VALUES('xotva4h0fyx1q89y37ijrh5mt0qf3d7r','.eJxVjE0OwiAQhe_C2hCgBUZ3ehEyDkNobGgisDLeXWq60ORt3vd-XiJgbzn0ys-wRHER1ojTL7wjPbjsCa7rjiUSbb00-e0ccZXX4bi0hbAtW7kdq7-rjDWPH_B4psgGaAaOqFMCDU6ZyF5ZRHYwpTn6SVurtDaoDcMQuIkG9V68P-28PCk:1sVWgx:yR9X06Ep9g5NzjBm8dE33g5wfSo6E6WesmradU_iWDI','2024-08-04 13:33:35.435125');
INSERT INTO django_session VALUES('yg256be05mmedudfmkmv0ps2mpqwqdiz','.eJxVjE0OwiAQhe_C2hCgBUZ3ehEyDkNobGgisDLeXWq60ORt3vd-XiJgbzn0ys-wRHER1ojTL7wjPbjsCa7rjiUSbb00-e0ccZXX4bi0hbAtW7kdq7-rjDWPH_B4psgGaAaOqFMCDU6ZyF5ZRHYwpTn6SVurtDaoDcMQuIkG9V68P-28PCk:1sVWzW:TEDdHvkHT_JDz0NyQS7hCm9tVbwTwxrab5wtzN3sjxE','2024-08-04 13:52:46.613595');
INSERT INTO django_session VALUES('240lnuggcpn4swzt4q3ycp0mz4m6wv8u','.eJxVjE0OwiAQhe_C2hCgBUZ3ehEyDkNobGgisDLeXWq60ORt3vd-XiJgbzn0ys-wRHER1ojTL7wjPbjsCa7rjiUSbb00-e0ccZXX4bi0hbAtW7kdq7-rjDWPH_B4psgGaAaOqFMCDU6ZyF5ZRHYwpTn6SVurtDaoDcMQuIkG9V68P-28PCk:1sVX2t:UsrTZFi1iLyEGug3vaq3x7Es9EuiSU2lGD8p7fHjQmI','2024-08-04 13:56:15.814798');
INSERT INTO django_session VALUES('1jpbtvkx0nea6mga7rnh88v6pjqvvodd','.eJxVjE0OwiAQhe_C2hCgBUZ3ehEyDkNobGgisDLeXWq60ORt3vd-XiJgbzn0ys-wRHER1ojTL7wjPbjsCa7rjiUSbb00-e0ccZXX4bi0hbAtW7kdq7-rjDWPH_B4psgGaAaOqFMCDU6ZyF5ZRHYwpTn6SVurtDaoDcMQuIkG9V68P-28PCk:1sVhJ5:GzhHoMRkLwlBEXXC8pahyAH_oU6_QS8Ev_Ts6IeZ2OI','2024-08-05 00:53:39.479909');
INSERT INTO django_session VALUES('yvlqyve5pzjtzos9842ku04cun1zf6mx','.eJxVjE0OwiAQhe_C2hCgBUZ3ehEyDkNobGgisDLeXWq60ORt3vd-XiJgbzn0ys-wRHER1ojTL7wjPbjsCa7rjiUSbb00-e0ccZXX4bi0hbAtW7kdq7-rjDWPH_B4psgGaAaOqFMCDU6ZyF5ZRHYwpTn6SVurtDaoDcMQuIkG9V68P-28PCk:1sVhOw:5fC_MjVMIjSm6gvAngNMU6Fuf6tGZlO_TBVyXDJ1xBs','2024-08-05 00:59:42.033977');
INSERT INTO django_session VALUES('h5dhhhtazhivgxv56wb44z0pcalhvmj8','.eJxVjE0OwiAQhe_C2hCgBUZ3ehEyDkNobGgisDLeXWq60ORt3vd-XiJgbzn0ys-wRHER1ojTL7wjPbjsCa7rjiUSbb00-e0ccZXX4bi0hbAtW7kdq7-rjDWPH_B4psgGaAaOqFMCDU6ZyF5ZRHYwpTn6SVurtDaoDcMQuIkG9V68P-28PCk:1sVhRV:NYQasQ-U9rgZFiO6eQEDmA0MwT17T07jMfJS_EzMdE4','2024-08-05 01:02:21.517183');
INSERT INTO django_session VALUES('vw3lw8oyg7h86n6rdnlizm4h7zon2bys','.eJxVjE0OwiAQhe_C2hCgBUZ3ehEyDkNobGgisDLeXWq60ORt3vd-XiJgbzn0ys-wRHER1ojTL7wjPbjsCa7rjiUSbb00-e0ccZXX4bi0hbAtW7kdq7-rjDWPH_B4psgGaAaOqFMCDU6ZyF5ZRHYwpTn6SVurtDaoDcMQuIkG9V68P-28PCk:1sVi2I:-HaxjP08hLvhVxzdRN03pnmvfz8N061Rfkerw9UyjlM','2024-08-05 01:40:22.407703');
INSERT INTO django_session VALUES('al7q4zrtyfzgjg85hh9l2lvcz7j36x24','.eJxVjE0OwiAQhe_C2hCgBUZ3ehEyDkNobGgisDLeXWq60ORt3vd-XiJgbzn0ys-wRHER1ojTL7wjPbjsCa7rjiUSbb00-e0ccZXX4bi0hbAtW7kdq7-rjDWPH_B4psgGaAaOqFMCDU6ZyF5ZRHYwpTn6SVurtDaoDcMQuIkG9V68P-28PCk:1sVinz:CNzcht3-yHsDSwShbsT9a2UmzihxAgApOrT2HGs4KI8','2024-08-05 02:29:39.003216');
INSERT INTO django_session VALUES('2sghf39iombd20cw5p24ummhbldzyspi','.eJxVjE0OwiAQhe_C2hCgBUZ3ehEyDkNobGgisDLeXWq60ORt3vd-XiJgbzn0ys-wRHER1ojTL7wjPbjsCa7rjiUSbb00-e0ccZXX4bi0hbAtW7kdq7-rjDWPH_B4psgGaAaOqFMCDU6ZyF5ZRHYwpTn6SVurtDaoDcMQuIkG9V68P-28PCk:1sViq5:eNeJDxoRGdoOwYbInAhY1hbgqttxztGrM2bg-rbfnyU','2024-08-05 02:31:49.440937');
INSERT INTO django_session VALUES('8iniypn2ntwq4zd1u2ye69k4wjtbmv4g','.eJxVjE0OwiAQhe_C2hCgBUZ3ehEyDkNobGgisDLeXWq60ORt3vd-XiJgbzn0ys-wRHER1ojTL7wjPbjsCa7rjiUSbb00-e0ccZXX4bi0hbAtW7kdq7-rjDWPH_B4psgGaAaOqFMCDU6ZyF5ZRHYwpTn6SVurtDaoDcMQuIkG9V68P-28PCk:1sVj0G:e8ci2qptYvA9-xeY5PkqDIgl6pZcHHg8roWb2NdaSYA','2024-08-05 02:42:20.754502');
INSERT INTO django_session VALUES('rvu3kc4fzgsexkh7tnbpgu6snu94nyoc','.eJxVjE0OwiAQhe_C2hCgBUZ3ehEyDkNobGgisDLeXWq60ORt3vd-XiJgbzn0ys-wRHER1ojTL7wjPbjsCa7rjiUSbb00-e0ccZXX4bi0hbAtW7kdq7-rjDWPH_B4psgGaAaOqFMCDU6ZyF5ZRHYwpTn6SVurtDaoDcMQuIkG9V68P-28PCk:1sVjTl:R_tGw_H6Ovr0CWgjHEFMsnasq_otUuZpdapiV3Dp6LA','2024-08-05 03:12:49.376724');
INSERT INTO django_session VALUES('j94lnzfz7smdtr5pirqhg3l65lrm9559','.eJxVjE0OwiAQhe_C2hCgBUZ3ehEyDkNobGgisDLeXWq60ORt3vd-XiJgbzn0ys-wRHER1ojTL7wjPbjsCa7rjiUSbb00-e0ccZXX4bi0hbAtW7kdq7-rjDWPH_B4psgGaAaOqFMCDU6ZyF5ZRHYwpTn6SVurtDaoDcMQuIkG9V68P-28PCk:1sVo8v:9jrCTxdvrqZi4JCop2rWyE2v6Dha-4Un3HIQURWTCXE','2024-08-05 08:11:37.743075');
INSERT INTO django_session VALUES('6ra3f6923d1coz2y0mf7x6gmnzx08aii','.eJxVjE0OwiAQhe_C2hCgBUZ3ehEyDkNobGgisDLeXWq60ORt3vd-XiJgbzn0ys-wRHER1ojTL7wjPbjsCa7rjiUSbb00-e0ccZXX4bi0hbAtW7kdq7-rjDWPH_B4psgGaAaOqFMCDU6ZyF5ZRHYwpTn6SVurtDaoDcMQuIkG9V68P-28PCk:1sVoHi:DPxvaB022q2AbWgEqsEie1DT8FFwuTsFWwAgi7Uia0g','2024-08-05 08:20:42.797672');
INSERT INTO django_session VALUES('l9tklj9ce8gojyufceq3ivka0ji7chqw','.eJxVjE0OwiAQhe_C2hCgBUZ3ehEyDkNobGgisDLeXWq60ORt3vd-XiJgbzn0ys-wRHER1ojTL7wjPbjsCa7rjiUSbb00-e0ccZXX4bi0hbAtW7kdq7-rjDWPH_B4psgGaAaOqFMCDU6ZyF5ZRHYwpTn6SVurtDaoDcMQuIkG9V68P-28PCk:1sVoN8:H9wp2S7rQiYfEkJK8ugPF0lvr-nVoG5ralfIi8IBU10','2024-08-05 08:26:18.967104');
INSERT INTO django_session VALUES('r4x7id1sfg10z213isfke3vi8rral99m','.eJxVjE0OwiAQhe_C2hCgBUZ3ehEyDkNobGgisDLeXWq60ORt3vd-XiJgbzn0ys-wRHER1ojTL7wjPbjsCa7rjiUSbb00-e0ccZXX4bi0hbAtW7kdq7-rjDWPH_B4psgGaAaOqFMCDU6ZyF5ZRHYwpTn6SVurtDaoDcMQuIkG9V68P-28PCk:1sVoRc:Fz5XYjfumwArSSOTxiyB-mmqfo8Z4prXyZgVrfhM9tE','2024-08-05 08:30:56.563251');
INSERT INTO django_session VALUES('p25dy8s36mk68fg71z7gngejhyjfmpzj','.eJxVjE0OwiAQhe_C2hCgBUZ3ehEyDkNobGgisDLeXWq60ORt3vd-XiJgbzn0ys-wRHER1ojTL7wjPbjsCa7rjiUSbb00-e0ccZXX4bi0hbAtW7kdq7-rjDWPH_B4psgGaAaOqFMCDU6ZyF5ZRHYwpTn6SVurtDaoDcMQuIkG9V68P-28PCk:1sVoee:-Ob7HO_GLEUhJsKcgkTBkZEynVsEh3Qso1RHhqw20FI','2024-08-05 08:44:24.932710');
INSERT INTO django_session VALUES('dehwp6o8656gu7h4g8bxvmwzrpxtjenj','.eJxVjE0OwiAQhe_C2hCgBUZ3ehEyDkNobGgisDLeXWq60ORt3vd-XiJgbzn0ys-wRHER1ojTL7wjPbjsCa7rjiUSbb00-e0ccZXX4bi0hbAtW7kdq7-rjDWPH_B4psgGaAaOqFMCDU6ZyF5ZRHYwpTn6SVurtDaoDcMQuIkG9V68P-28PCk:1sVogx:lfzURV5aza4wiOGgnJgNV2OdiWn3ymfv-BoQyF08e3I','2024-08-05 08:46:47.061188');
INSERT INTO django_session VALUES('7gcy6k0wa22b03ibeik0b98yjd5byoa4','.eJxVjE0OwiAQhe_C2hCgBUZ3ehEyDkNobGgisDLeXWq60ORt3vd-XiJgbzn0ys-wRHER1ojTL7wjPbjsCa7rjiUSbb00-e0ccZXX4bi0hbAtW7kdq7-rjDWPH_B4psgGaAaOqFMCDU6ZyF5ZRHYwpTn6SVurtDaoDcMQuIkG9V68P-28PCk:1sVopH:wTOebk9mn7spnkVQKtuwKbIF96_rYjHfvBXM0W8C56U','2024-08-05 08:55:23.810807');
INSERT INTO django_session VALUES('pxqmc5oyqkc389o6bw030t2ne7qcyh2d','.eJxVjE0OwiAQhe_C2hCgBUZ3ehEyDkNobGgisDLeXWq60ORt3vd-XiJgbzn0ys-wRHER1ojTL7wjPbjsCa7rjiUSbb00-e0ccZXX4bi0hbAtW7kdq7-rjDWPH_B4psgGaAaOqFMCDU6ZyF5ZRHYwpTn6SVurtDaoDcMQuIkG9V68P-28PCk:1sVov4:MSqaF-plzo8RbEkuBxKnS4H-6Qeil1mJNiGt0vMdRiU','2024-08-05 09:01:22.840678');
INSERT INTO django_session VALUES('j158ukbueefwkbxhsqpd6nj1mqa5g91x','.eJxVjE0OwiAQhe_C2hCgBUZ3ehEyDkNobGgisDLeXWq60ORt3vd-XiJgbzn0ys-wRHER1ojTL7wjPbjsCa7rjiUSbb00-e0ccZXX4bi0hbAtW7kdq7-rjDWPH_B4psgGaAaOqFMCDU6ZyF5ZRHYwpTn6SVurtDaoDcMQuIkG9V68P-28PCk:1sVq7V:tasSkXjyZCktUhNmhvLo7eZYrBJpLfFCFHh7rXKmk2U','2024-08-05 10:18:17.101833');
INSERT INTO django_session VALUES('tsa8ou2bqythm3qo9bi86two4sp5duwn','.eJxVjE0OwiAQhe_C2hCgBUZ3ehEyDkNobGgisDLeXWq60ORt3vd-XiJgbzn0ys-wRHER1ojTL7wjPbjsCa7rjiUSbb00-e0ccZXX4bi0hbAtW7kdq7-rjDWPH_B4psgGaAaOqFMCDU6ZyF5ZRHYwpTn6SVurtDaoDcMQuIkG9V68P-28PCk:1sVqMI:1Kn3NmqSan4IH-nmCRDbb8b9aDWCZfk925ncvx_IsrU','2024-08-05 10:33:34.968431');
INSERT INTO django_session VALUES('v2aba4b8likne50e3jlznychdsedm8e9','.eJxVjE0OwiAQhe_C2hCgBUZ3ehEyDkNobGgisDLeXWq60ORt3vd-XiJgbzn0ys-wRHER1ojTL7wjPbjsCa7rjiUSbb00-e0ccZXX4bi0hbAtW7kdq7-rjDWPH_B4psgGaAaOqFMCDU6ZyF5ZRHYwpTn6SVurtDaoDcMQuIkG9V68P-28PCk:1sVs8P:2lJsjjVo7Nd54OW0DhGQSvMXVsybO65fcTiHL5NucjU','2024-08-05 12:27:21.506076');
INSERT INTO django_session VALUES('p101resyyg7sa30qbn0ynelqzd1nrxs1','.eJxVjE0OwiAQhe_C2hCgBUZ3ehEyDkNobGgisDLeXWq60ORt3vd-XiJgbzn0ys-wRHER1ojTL7wjPbjsCa7rjiUSbb00-e0ccZXX4bi0hbAtW7kdq7-rjDWPH_B4psgGaAaOqFMCDU6ZyF5ZRHYwpTn6SVurtDaoDcMQuIkG9V68P-28PCk:1sVtJz:8LkM-_mbhVSQiU94EU4_vj3u5gaM7wZN6Wj-VqwAGaw','2024-08-05 13:43:23.375141');
INSERT INTO django_session VALUES('akmamtpprl5xxcb1e1e3e1hnklwmf6v6','.eJxVjE0OwiAQhe_C2hCgBUZ3ehEyDkNobGgisDLeXWq60ORt3vd-XiJgbzn0ys-wRHER1ojTL7wjPbjsCa7rjiUSbb00-e0ccZXX4bi0hbAtW7kdq7-rjDWPH_B4psgGaAaOqFMCDU6ZyF5ZRHYwpTn6SVurtDaoDcMQuIkG9V68P-28PCk:1sVtMq:W81FGFBxT1Ob2VE2_VotUZcuMV8RwfTJVgGScemfVPw','2024-08-05 13:46:20.328576');
INSERT INTO django_session VALUES('u19dz32j71g8pvpw5g2inuqmzs07e7so','.eJxVjE0OwiAQhe_C2hCgBUZ3ehEyDkNobGgisDLeXWq60ORt3vd-XiJgbzn0ys-wRHER1ojTL7wjPbjsCa7rjiUSbb00-e0ccZXX4bi0hbAtW7kdq7-rjDWPH_B4psgGaAaOqFMCDU6ZyF5ZRHYwpTn6SVurtDaoDcMQuIkG9V68P-28PCk:1sVtm2:o_y-QDI71vPgv99HBJTIPDr0ffpSSP2-pMp8Y60Ub5A','2024-08-05 14:12:22.973892');
INSERT INTO django_session VALUES('szn4ziedpxngyih8be6v090rentps37m','.eJxVjE0OwiAQhe_C2hCgBUZ3ehEyDkNobGgisDLeXWq60ORt3vd-XiJgbzn0ys-wRHER1ojTL7wjPbjsCa7rjiUSbb00-e0ccZXX4bi0hbAtW7kdq7-rjDWPH_B4psgGaAaOqFMCDU6ZyF5ZRHYwpTn6SVurtDaoDcMQuIkG9V68P-28PCk:1sVuS6:FU65dS19L9uD0oo7kiIaYufod8lgMOtP038CqOh_IIY','2024-08-05 14:55:50.644293');
INSERT INTO django_session VALUES('r5i4krxmjprs22ifddvhzsylpqbot282','.eJxVjE0OwiAQhe_C2hCgBUZ3ehEyDkNobGgisDLeXWq60ORt3vd-XiJgbzn0ys-wRHER1ojTL7wjPbjsCa7rjiUSbb00-e0ccZXX4bi0hbAtW7kdq7-rjDWPH_B4psgGaAaOqFMCDU6ZyF5ZRHYwpTn6SVurtDaoDcMQuIkG9V68P-28PCk:1sW2Bg:tZ3gkO_5Nf4iDK-qkFo5EDATjHsywBDUoJNx5jmb9N0','2024-08-05 23:11:24.768674');
INSERT INTO django_session VALUES('0z18jofrl2yf90yj3hj1pv7t3vokcz8a','.eJxVjE0OwiAQhe_C2hCgBUZ3ehEyDkNobGgisDLeXWq60ORt3vd-XiJgbzn0ys-wRHER1ojTL7wjPbjsCa7rjiUSbb00-e0ccZXX4bi0hbAtW7kdq7-rjDWPH_B4psgGaAaOqFMCDU6ZyF5ZRHYwpTn6SVurtDaoDcMQuIkG9V68P-28PCk:1sW2IQ:u1UfLJiRt0LLxiLPZy0cBYwhks8RdcHKL21Qo7KT2CU','2024-08-05 23:18:22.159721');
INSERT INTO django_session VALUES('x94szbfmhedxiqsiiequ4wli26ev5dwt','.eJxVjE0OwiAQhe_C2hCgBUZ3ehEyDkNobGgisDLeXWq60ORt3vd-XiJgbzn0ys-wRHER1ojTL7wjPbjsCa7rjiUSbb00-e0ccZXX4bi0hbAtW7kdq7-rjDWPH_B4psgGaAaOqFMCDU6ZyF5ZRHYwpTn6SVurtDaoDcMQuIkG9V68P-28PCk:1sW2sM:jmNcI6aM5Tmf8GjsLTbogav7VLLdtCx0GcqF9414VMc','2024-08-05 23:55:30.878547');
INSERT INTO django_session VALUES('qowk608riuke9mu22jadsgjfbajjc4ns','.eJxVjE0OwiAQhe_C2hCgBUZ3ehEyDkNobGgisDLeXWq60ORt3vd-XiJgbzn0ys-wRHER1ojTL7wjPbjsCa7rjiUSbb00-e0ccZXX4bi0hbAtW7kdq7-rjDWPH_B4psgGaAaOqFMCDU6ZyF5ZRHYwpTn6SVurtDaoDcMQuIkG9V68P-28PCk:1sW8am:ZaDEinmLpXH-mtaBmRIs-eBt8RATTwMLhsHRpXeLOmg','2024-08-06 06:01:44.837125');
INSERT INTO django_session VALUES('ulq5dfeb5jxb9hvs3ynup4xmtmls83a7','.eJxVjE0OwiAQhe_C2hCgBUZ3ehEyDkNobGgisDLeXWq60ORt3vd-XiJgbzn0ys-wRHER1ojTL7wjPbjsCa7rjiUSbb00-e0ccZXX4bi0hbAtW7kdq7-rjDWPH_B4psgGaAaOqFMCDU6ZyF5ZRHYwpTn6SVurtDaoDcMQuIkG9V68P-28PCk:1sWEHz:avzapGLe8LemBBWj0CP5tD1Pl8d80aPqUw9px7n_ZaU','2024-08-06 12:06:43.148479');
INSERT INTO django_session VALUES('cdrgbrakcuu9h3a865mxkecpwfd5wyfe','.eJxVjE0OwiAQhe_C2hCgBUZ3ehEyDkNobGgisDLeXWq60ORt3vd-XiJgbzn0ys-wRHER1ojTL7wjPbjsCa7rjiUSbb00-e0ccZXX4bi0hbAtW7kdq7-rjDWPH_B4psgGaAaOqFMCDU6ZyF5ZRHYwpTn6SVurtDaoDcMQuIkG9V68P-28PCk:1sWEHz:avzapGLe8LemBBWj0CP5tD1Pl8d80aPqUw9px7n_ZaU','2024-08-06 12:06:43.514002');
INSERT INTO django_session VALUES('algjmdm2096bews9aqy4ku82masay7rx','.eJxVjE0OwiAQhe_C2hCgBUZ3ehEyDkNobGgisDLeXWq60ORt3vd-XiJgbzn0ys-wRHER1ojTL7wjPbjsCa7rjiUSbb00-e0ccZXX4bi0hbAtW7kdq7-rjDWPH_B4psgGaAaOqFMCDU6ZyF5ZRHYwpTn6SVurtDaoDcMQuIkG9V68P-28PCk:1sWEX7:cYVy35pNZOQIYOX-MNw4g8pavvcT2qYsUxpUXvoQ6Wo','2024-08-06 12:22:21.261483');
INSERT INTO django_session VALUES('d9ag89qoez5ppfw3jwyp0bsmrq1eqtes','.eJxVjE0OwiAQhe_C2hCgBUZ3ehEyDkNobGgisDLeXWq60ORt3vd-XiJgbzn0ys-wRHER1ojTL7wjPbjsCa7rjiUSbb00-e0ccZXX4bi0hbAtW7kdq7-rjDWPH_B4psgGaAaOqFMCDU6ZyF5ZRHYwpTn6SVurtDaoDcMQuIkG9V68P-28PCk:1sWHuV:uRyK42FhPMBonXKU6ngShCTMtu82qzXE51Pgmn6cTwg','2024-08-06 15:58:43.991109');
INSERT INTO django_session VALUES('ia602zwkl6dndnuxq8dt6r13eqmacand','.eJxVjE0OwiAQhe_C2hCgBUZ3ehEyDkNobGgisDLeXWq60ORt3vd-XiJgbzn0ys-wRHER1ojTL7wjPbjsCa7rjiUSbb00-e0ccZXX4bi0hbAtW7kdq7-rjDWPH_B4psgGaAaOqFMCDU6ZyF5ZRHYwpTn6SVurtDaoDcMQuIkG9V68P-28PCk:1sWPiR:l2MuyQaTDvOQY7-KYmbk0CaPwU4ZMVe04II6d6M3eK4','2024-08-07 00:18:47.842352');
INSERT INTO django_session VALUES('u1vm961rq2qecqnt52zxa6c8jtaranj5','.eJxVjE0OwiAQhe_C2hCgBUZ3ehEyDkNobGgisDLeXWq60ORt3vd-XiJgbzn0ys-wRHER1ojTL7wjPbjsCa7rjiUSbb00-e0ccZXX4bi0hbAtW7kdq7-rjDWPH_B4psgGaAaOqFMCDU6ZyF5ZRHYwpTn6SVurtDaoDcMQuIkG9V68P-28PCk:1sWRnb:4AQKAiaisROoLIKTnuoxSRawDFhAYFExMrwvKeNWN2k','2024-08-07 02:32:15.839078');
INSERT INTO django_session VALUES('bo7kx36q3ebqjk2r1v5q1j03wluj46oc','.eJxVjE0OwiAQhe_C2hCgBUZ3ehEyDkNobGgisDLeXWq60ORt3vd-XiJgbzn0ys-wRHER1ojTL7wjPbjsCa7rjiUSbb00-e0ccZXX4bi0hbAtW7kdq7-rjDWPH_B4psgGaAaOqFMCDU6ZyF5ZRHYwpTn6SVurtDaoDcMQuIkG9V68P-28PCk:1sWSby:ZPGoP2G7CbBjTFc4PqnWJrJIItNELbMm-0VIQVuk5uw','2024-08-07 03:24:18.384392');
INSERT INTO django_session VALUES('fjld1gy7o2fvm0w59db505r1jilfd4eg','.eJxVjE0OwiAQhe_C2hCgBUZ3ehEyDkNobGgisDLeXWq60ORt3vd-XiJgbzn0ys-wRHER1ojTL7wjPbjsCa7rjiUSbb00-e0ccZXX4bi0hbAtW7kdq7-rjDWPH_B4psgGaAaOqFMCDU6ZyF5ZRHYwpTn6SVurtDaoDcMQuIkG9V68P-28PCk:1sWT7i:Tu6mCEFFW01f1BMldLFnc8s_i27qNEaXwNeMbF6EM-E','2024-08-07 03:57:06.705261');
INSERT INTO django_session VALUES('96ce2isl6efzkx60k5o13vnwsxd45req','.eJxVjE0OwiAQhe_C2hCgBUZ3ehEyDkNobGgisDLeXWq60ORt3vd-XiJgbzn0ys-wRHER1ojTL7wjPbjsCa7rjiUSbb00-e0ccZXX4bi0hbAtW7kdq7-rjDWPH_B4psgGaAaOqFMCDU6ZyF5ZRHYwpTn6SVurtDaoDcMQuIkG9V68P-28PCk:1sWUZY:b7bsVUxTvF-8oGnBbVbpJFjTd1NAsjbB58igYdzTb68','2024-08-07 05:29:56.260156');
INSERT INTO django_session VALUES('6kdt4a6vj0fv69c7vnu8x59tckg5lsuu','.eJxVjE0OwiAQhe_C2hCgBUZ3ehEyDkNobGgisDLeXWq60ORt3vd-XiJgbzn0ys-wRHER1ojTL7wjPbjsCa7rjiUSbb00-e0ccZXX4bi0hbAtW7kdq7-rjDWPH_B4psgGaAaOqFMCDU6ZyF5ZRHYwpTn6SVurtDaoDcMQuIkG9V68P-28PCk:1sWUp6:kC4gokRGv4VoNr4PWSR_4PH_wvKVCMtQ-qcTOfSlQDY','2024-08-07 05:46:00.885226');
INSERT INTO django_session VALUES('2v2li7ifwi7bqf9km1vx33bbhh5hegsl','.eJxVjE0OwiAQhe_C2hCgBUZ3ehEyDkNobGgisDLeXWq60ORt3vd-XiJgbzn0ys-wRHER1ojTL7wjPbjsCa7rjiUSbb00-e0ccZXX4bi0hbAtW7kdq7-rjDWPH_B4psgGaAaOqFMCDU6ZyF5ZRHYwpTn6SVurtDaoDcMQuIkG9V68P-28PCk:1sWV2X:33iEnrXJGAJl9jsxpH8UHeW_8-NeatAXhsMK10MJGI8','2024-08-07 05:59:53.991632');
INSERT INTO django_session VALUES('tw6m890rwyiw8do1dxqogwd6ccnanmzj','.eJxVjE0OwiAQhe_C2hCgBUZ3ehEyDkNobGgisDLeXWq60ORt3vd-XiJgbzn0ys-wRHER1ojTL7wjPbjsCa7rjiUSbb00-e0ccZXX4bi0hbAtW7kdq7-rjDWPH_B4psgGaAaOqFMCDU6ZyF5ZRHYwpTn6SVurtDaoDcMQuIkG9V68P-28PCk:1sWVeP:EPh9uYDaahk2YV9aAzdwg_eLq2bC83DmDO-iBEkzM5M','2024-08-07 06:39:01.121005');
INSERT INTO django_session VALUES('fj6bpfgjvyimij4szcca2hxa0nfeq6zy','.eJxVjE0OwiAQhe_C2hCgBUZ3ehEyDkNobGgisDLeXWq60ORt3vd-XiJgbzn0ys-wRHER1ojTL7wjPbjsCa7rjiUSbb00-e0ccZXX4bi0hbAtW7kdq7-rjDWPH_B4psgGaAaOqFMCDU6ZyF5ZRHYwpTn6SVurtDaoDcMQuIkG9V68P-28PCk:1sWVhC:6lmgzDaXEeipaS5hH6WBvWtn9kWMZHiZml6p9J4o8kk','2024-08-07 06:41:54.898542');
INSERT INTO django_session VALUES('ktglczihfcubjllddqzhrc1e0ken4pa6','.eJxVjE0OwiAQhe_C2hCgBUZ3ehEyDkNobGgisDLeXWq60ORt3vd-XiJgbzn0ys-wRHER1ojTL7wjPbjsCa7rjiUSbb00-e0ccZXX4bi0hbAtW7kdq7-rjDWPH_B4psgGaAaOqFMCDU6ZyF5ZRHYwpTn6SVurtDaoDcMQuIkG9V68P-28PCk:1sWXJZ:JpLQsaNTq8OpohRCWsJMd06-hRbyUDzwoLR9ijwqoVc','2024-08-07 08:25:37.026323');
INSERT INTO django_session VALUES('fxlm0aiv8lrgq7e7wozgv8tbh7pfhh4t','.eJxVjE0OwiAQhe_C2hCgBUZ3ehEyDkNobGgisDLeXWq60ORt3vd-XiJgbzn0ys-wRHER1ojTL7wjPbjsCa7rjiUSbb00-e0ccZXX4bi0hbAtW7kdq7-rjDWPH_B4psgGaAaOqFMCDU6ZyF5ZRHYwpTn6SVurtDaoDcMQuIkG9V68P-28PCk:1sWXnG:j5Mrfz0z_Ogbl39jV64LPq-jm9D6avMrNvZ1HVy0BAg','2024-08-07 08:56:18.153702');
INSERT INTO django_session VALUES('0aqn764gj35fom5etl1uajyjdxztieud','eyJfcGFzc3dvcmRfcmVzZXRfa2V5IjoiY2FvdHY0LTE5MzZjNjZlZmQ4ODU3MTY2ZDY5NzUzNWIxZjUzMjc3In0:1sWbtM:3hziV0F9EB64KlV0rEcEEWlCQo3KDhfH1IRSMMy-8XU','2024-08-07 13:18:52.124625');
INSERT INTO django_session VALUES('b0zweqv0cxf1yotp05ie43dnt9nhxo9q','.eJxVjE0OwiAQhe_C2hCgBUZ3ehEyDkNobGgisDLeXWq60ORt3vd-XiJgbzn0ys-wRHER1ojTL7wjPbjsCa7rjiUSbb00-e0ccZXX4bi0hbAtW7kdq7-rjDWPH_B4psgGaAaOqFMCDU6ZyF5ZRHYwpTn6SVurtDaoDcMQuIkG9V68P-28PCk:1sWw7r:h7xLFuKBih66jKM2soY0VBRrWa4XVSbWPREQ2Zix1B4','2024-08-08 10:55:11.768193');
INSERT INTO django_session VALUES('1cjq9vu2e8h4xuchwuqu270nkcgpr95m','.eJxVjE0OwiAQhe_C2hCgBUZ3ehEyDkNobGgisDLeXWq60ORt3vd-XiJgbzn0ys-wRHER1ojTL7wjPbjsCa7rjiUSbb00-e0ccZXX4bi0hbAtW7kdq7-rjDWPH_B4psgGaAaOqFMCDU6ZyF5ZRHYwpTn6SVurtDaoDcMQuIkG9V68P-28PCk:1sWwq7:n6JqxcLWVF-t4TlzeCs0_IMNuTM4KPuIl76_UhESwIA','2024-08-08 11:40:55.122200');
INSERT INTO django_session VALUES('09ntuheweg10km3ns7745n57khehnqux','.eJxVjE0OwiAQhe_C2hCgBUZ3ehEyDkNobGgisDLeXWq60ORt3vd-XiJgbzn0ys-wRHER1ojTL7wjPbjsCa7rjiUSbb00-e0ccZXX4bi0hbAtW7kdq7-rjDWPH_B4psgGaAaOqFMCDU6ZyF5ZRHYwpTn6SVurtDaoDcMQuIkG9V68P-28PCk:1sX0Es:WpOU6tnvarrzAiwV_qbrqHxc4hcIquV29veXvp1SY5c','2024-08-08 15:18:42.674174');
INSERT INTO django_session VALUES('7shddk25ktnx65imlolpmd1bt4xs1wtc','.eJxVjE0OwiAQhe_C2hCgBUZ3ehEyDkNobGgisDLeXWq60ORt3vd-XiJgbzn0ys-wRHER1ojTL7wjPbjsCa7rjiUSbb00-e0ccZXX4bi0hbAtW7kdq7-rjDWPH_B4psgGaAaOqFMCDU6ZyF5ZRHYwpTn6SVurtDaoDcMQuIkG9V68P-28PCk:1sX8Q6:3VEOYdXn_-pomUQRCmYrkYsa0pDdcVM4q9VSf_1GOA8','2024-08-09 00:02:50.934367');
INSERT INTO django_session VALUES('lpod55wyft7zla136527rc2smz9sdwi0','.eJwNyttugjAAANB_6TMuUKJc3ipaMsdkOEHNspAOymV2FEpBLuHf5_M5M2h5UhJGkoR3lYxbSSRtgT2DYrO9PdzbsMd-72quD-yvGdSCJ7R9OmA8LyuggJRIAuyqY0wB9T2hccJTGvdUlFlJxTNGLt7gk3NEhXVH0DsVYTPswvUoMN1fBDk__CYwr-zsZRxdxt-3oaerqiJdtfM-4lX2yrLr-gAzL2R_QhIHbUM3sgInR8fPnxE5Ncd6SNVommTZoSmHKVUbdPD6CAf1u9E5YFE0A0Ld0lTNfDE0aOrW97L8AwgBU28:1sYyaI:qhAWXBaiLXFhVCuYL13zPr_UTZPgB4jCXPaZOi3YY2k','2024-08-14 01:56:58.729892');
INSERT INTO django_session VALUES('75itz1q8ehkbbajtbkr2zknpgi674372','.eJwNyttuREAAgOF3mWttihbrEmOVbp02YbdpZDKGOqxhhgri3Vfy333_BjjFFWoRxnTqxoyPaCQc6BuoTS1e5rmpmZZUYZ0C_WcDPaOY8MNBS8uqAwLI0YiA3k1tK4C-wSTDNCfZP2FVURF2jLfFHtx4_rBWdDKHhL07zhf_sxUjukv-wI0gluEFetSaydVpMq2Zgof1IvpRmKuVfU4vZbFyyNiw9v7dHYdbiGSolFGRNtSZvn34majLNUncwDPW9FH0SEEYSrV8Nqln9zXYBVGVJPl09PYqS6KiifLvvj8B7x1UHw:1sYywQ:tMFAhoxSxI1SpX0cNr3sAaWvb4-nHLGgMA1_iI__54A','2024-08-14 02:19:50.580393');
INSERT INTO django_session VALUES('b4ipsdrz4ruuqufa8f8937jvhkhctc53','.eJyd07eSo2gABOB3IR5UeDMZCAknPMLoaovC_AgPwkkwNe--ugvu9tKJu4P-gv6Cpj4t4yZO037p5mia4xlM0OcXJA-XnVQEmsoZ3lhuCPT51xc0jH0KpncONf297KAPKIvnGPrslqb5gIY6BVHaZyBawVjmJRjfxb0hCP-G2hgzS0bZTqdi7l6GtMaDrvX6E8yuqMq1iqh2M4lwLIdN1t_DiWvspuwnllDhnM7HlJLtp3GT8hfpMl41aJFaEUidTiuq2ncHHVd_0BWMv2pPT9pUuS_qoH_Adm5C3x8ojWE4i5M4csAIhKFx6tcH1NPDcDRXcZpqia8c_qe-h1yRs5jfU99lV4_MZtfeJp4zvLg3kymVcZLmcoJ7RRF-lMPccWtFmU5RuGHCfQG6mCjWpjB50eRcYCPMrpl3BRfc6o5OT26WbwrPcCZJxJ4IQMslie0uNs4p8NWbzhj6Gv7z0Rh5wDGGwNG_fSeXbvV2eRikhWeZo__Ux_hSHC48m-UqtZSLhpFPZaeD7sha_VNvkdUplfgCwhMebawaPUhR1Q3ZbnLYLHBWp1mBFhCZsfvdivqs19xY1_Rz_arDp7EUWruvRC_YFZg1iby1uj5VpFV5TsyXKVNt5_n_PhanyH94l9fClkXc9RrrXx6b9lPezJ_QXqyyRU6y9TW2Az8pbFkVL29lJckW7csiS_F5v2EyYqEmvlFAEkG6CEAAzk0wqOV-VM_yxaxmLAiasb1IocDBnn7CLH5c28y80Ft2DG6TEW3qlvsEPlgM_KQFIPrYlP_Jow4EyrA4wbx9W5cFoPb9k_LYBG6xf-prMQ2jt6IjhrxfjK7v5_wUDWI1CrBpl-vD1JVHjifvS8Xi2QSPfIcdvaitox3CpkftQVjoTrjHsnFC88W5hCxakb4ndeIS3WplRLHgnqQwGOJnCEcwGaYFKIScAr4Fb8J8_8OHUweEYEiUJt--sVPpoPaaRs5VQR24n_rcKekwnFES10Nic78xRziYkqfYNjePTrSZNyvs2u3B6poPcOrua9ttxdVcrr7IPJXNbB7HKkOvtXEeLogVxNV61BMKDgPRseexGhw0k7a1Cy-nZSMcdn7t8aoTTopVYMc2XvzXR7xXHCiMYWka__X9_RvGNML2:1sYzQE:EFB5MW3FzQeFrmaBzatmV-MJ_npFyNIuJ89d_A3__Pg','2024-08-14 02:50:38.630976');
INSERT INTO django_session VALUES('5quu5gtalw2fcau979mhdukyu4xl5dtt','.eJwNyttyQ0AAANB_2Wc6RbOy3mKLiNxQI9Xp7GzWKmWscU0Z_948n7OATrCCVpQxMdQ96Xra8w4YCzikN_R2HfU9Q1E8XXVgfC2gaQXj3dNBJX6KGkggpT0FRj1UlQSaknHCRMrJyNsiK3j7jDV0TzZJMZZ1LCeB7X9m_IJMexNiFzm5dRl3ceFAZbLveGDCnZXfrLFKFEbyOQtz5RR6VkJ4POPAJA183F_PpMyCdvybDx-m2MuRc0ze_eNO7R4RdCzqh8yZ5xxP7s3zhACrpOiqqiGIttqLpigbCLff6_oPZDxR2Q:1sZ08V:bJ-u1jDWp_6U_9DtZoPY9KUWkSz65HLgRWm8GEWPqNE','2024-08-14 03:36:23.325968');
INSERT INTO django_session VALUES('stotm8kmmfqdbw5j93y261xrk8hhm0ys','.eJydz8tygjAAQNF_yVo6PAKIO2qpBXnUIlrsdBgkIAgNaRKejv_eLrvu-t7NuQHWZlXapFnWdpgnjKc8Z2B1AxFfM8aD6Srbz6EfemD1cQOEtlnOfjto2kuFwQKglKdghbumWQBSZ3mStShP-pxWRZXT35Favc5gpcn1NrIN85lt8bs0Ko5wXYrrWVXqPLCWgUnjnksyyZBxKlTXchLstzkerEn5djXhPFOU6Mw5ql6xy7wnn79CL4vp1cC-TAZkreupbPfe2EhDp2_g2Gqz2mx8VM7gvpB0WYaiqErwQV5KhqprnwvgO6NYYH3gx5Mbupf3__qmYns5z7qFQzvmZ8lDnVNZJCojop1NMppo5pu9IBixqcE-UVwz3KVMld7WyehTY9dcFG3f0boQ9CG6Rn255wf7xXtz7e70JDdfucFK8uU2_VEgVfWoC97h8B3wJK4np6ciCv74ZOVBhQqEBvy8338AU3KdNw:1sZ13b:94AmjKq-gk7Tgc05wjRkEfToKUW2JVFMx0kn_wHNf8w','2024-08-14 04:35:23.547026');
INSERT INTO django_session VALUES('14r2hb0pb963sz4ap7840jp87jewdmgs','.eJydz8tyokAAheF3YR0toLu5ZIegYri2igpTU1TL_SIoNAFM5d3HzUzNOuvzL873xfRtVJCaRFE7NDTsKaFJz7x_MRmZqHGyJj9G9HZUDeb91xdz79oo6V87U7dZ0TBvTEwoYd6boa7fmHsVJWHUxkn4mXRFWiTdK9ybB31d5IE-ZLsSAyk_6fXzXN9TcBqNlBJu5Lci8FNpyE4kRrdIDnbNonM6PnzosrwJRUc_7WXg77RFCsKybk83KLVqnljShE4b4tj4fMFbDaVF2F4_IwUnUUzbEQ9o-kiuzPcbJ_I85EQZCEtWFgHi0e_XcQUKgulk7SNRyQq7P_U5TScVB626VTeq5iLkz44yQXfQqlG1F1pJAlb7sA_guUIu8fiwEcfA72Ywj6ayo1coxp0ZVhVY9GrzYZG9mKz0MsrO62mzIEOobkHndqMvmNF1esjPuyVLVlVhha0LFo4g-N8nLgGUBE4UXr5tMWzWQTTb1upwNuH0U5-gb_oG16lSysgyHLc8XS1XwsmBZtAuoiEu9Yd7f7ZNcqnmiF4lPRbMzeKCyrR1wpI75krNImjM_mwX6rFcH58yBw-Yc1Rs2YLlYATwThL1yOODKfWpMhmG5D7z5phTo9j_88k8Ky8hYEVOEl8-ZHbnfltkH8HeUUvo_dR3WazpeYbFBUMl8DbCIfcHiFcSN0-EetQMvZswloKR46QSL-d41zTPI-zubnTXRvJQOg3GltDLdt4E0Jobus28FIxHtMdo7Y3EaQv9M5DvkyvcTJra_lwf3CxV653cPB5s99fHA57nl5DjEM_9_v7-A2NcLdM:1sZ6xi:cCw-TVPEp_dxNcJYaHkm8Y5aHORQKM6g28qprEnV48U','2024-08-14 10:53:42.418136');
INSERT INTO django_session VALUES('jweq2pf85xr84vx8r2gvtiy778bsemzx','.eJwNyslygjAAANB_yRk7Iezc6mBqa8GlyNJOh8nECKnsEEQY_r2e35tBV1FOckJpJco-6XrSsw7YM3hEo04Gf9vG4aE_QBXYPzOo24qy7ukgr1JeAglcSE-AXYo8l0B9oyyh1YUlA2v5lbP2GUP_RHY8cHTMjdMG751Xvzg29Iitz9ENmgI3OIZk5_DHhMW-2UIaTVpcrF3-9wW94FbLFly9Z2tmnoPr_c1tNZOJQYQQotr7IPdyzESonp2w-_ZqfZWiOrOidIAbijRLzyawSLKBkIoMRVVekGKZsqr8Lss_UJVStg:1sZ82B:iPA4SjYT3M9DnMHjrh7ziI-lAB3pUN4sKQpBXFZ2LxU','2024-08-14 12:02:23.307829');
INSERT INTO django_session VALUES('dlp2a8c3tyeutnpsyvggekcqr2ll0q9y','.eJxVjE0OwiAQhe_C2hCgBUZ3ehEyDkNobGgisDLeXWq60ORt3vd-XiJgbzn0ys-wRHER1ojTL7wjPbjsCa7rjiUSbb00-e0ccZXX4bi0hbAtW7kdq7-rjDWPH_B4psgGaAaOqFMCDU6ZyF5ZRHYwpTn6SVurtDaoDcMQuIkG9V68P-28PCk:1sZRCI:6CI02R3z8_ivsynAI-jHXOVGkNJOWMBXKYgrycXDV_A','2024-08-15 08:30:06.745450');
INSERT INTO django_session VALUES('3vsnb2rtbp2xh4y2831q3cp73vt9n5jo','.eJxVjE0OwiAQhe_C2hCgBUZ3ehEyDkNobGgisDLeXWq60ORt3vd-XiJgbzn0ys-wRHER1ojTL7wjPbjsCa7rjiUSbb00-e0ccZXX4bi0hbAtW7kdq7-rjDWPH_B4psgGaAaOqFMCDU6ZyF5ZRHYwpTn6SVurtDaoDcMQuIkG9V68P-28PCk:1sZRQM:dntX_0BpFSLPHr9psCZ5sv7fe7x7n-JRJVJAyxVI9Nc','2024-08-15 08:44:38.804471');
INSERT INTO django_session VALUES('t7c8c4paudxp172dqekqrxwkatk1r3qt','.eJydz8uSojAAQNF_YW13geHZO1RoQUBBBGGqi0KIGoMJj4Co5b-Pq6lZ9_rezXlyHS1QXuVFQXvCso7lDHbc15MbfCXsMCltZ5FE9-TIff15cnVLC9i9O1fREyLchCtzlnNfpK-qCVfjAmYFLWE2wBYdEWzf48h8wxcfqVrv4ZSB5Cyu-6FPvf1SN5Mctq2UE6HH2uVgjGNbO13NT2m7kEFU8uOyZVPeOEQYMBSO1Ng1UF37CTbJI-yMWUz06ByVmutmUDsHrBTSYb4ot9utMh3KochwRbnXRFCmUxkoGi9-8ioAkiz8TDhZ3sjYN0kXVo6d6_pvfVW8wjbae-vavYNIY408C9wijM19DnB3geP1zd01H-G4ghZAKq_0zi2HIT15lrlx4sEM_PMCuOeQDMNDif3rnI9sfACakFlpMvPSXM6cYUkNTA_32JqfZodj5lSdHGSXsUr--VRBevsUUQaa-vYJh92deIQJsa-24bf2Wx_DUmzq_eqqS2Erse-dt3HwiQVhCLewuYu5J6JzBnx0e2jIBW5hNwtl389T32V6gmMUGLOLf7NPQpupetPoSSDuSRIrs8o6BXSFF3Wc7kg6tPay6altsWX3sbX0O9Kbo4Uu__lk_lPUeEGVlJ_X6y9aHeiS:1sa0sS:aOfYH8QA9OBsUNFdUbjxxA7h3JfwamnWQQXsDjyYgRY','2024-08-16 22:36:00.494261');
INSERT INTO django_session VALUES('j88ja1xh25uaxl9zqcvzlspk91el1qmn','.eJwNyttOgzAAANB_6TMY7qy8oWa4ES7KBDdjSKFFGaztaBkjhH93z-csQLC6RT2qazZSWQqJJBHAW0A-OhLNbLLglKTZUAHvewF8YDURDwc9-20pUABGEgGPjn2vAN7VpKwZJuWNDG3TkuEROUqi7Bad9UOOP7CjSl07SfN9bk-5Gxci6A-fOyf88zHFpf-VBjO8BEVcOVB1otjYq2nzQu3e3R0hafnr9La1dNPMQlmN924b0mvpdhfjTq9JerYr5nNbsGfeNMcGFr5v7y2wKrprGI65gdrmCWo2NK2fdf0HFQ5SeA:1sa14W:8DYdSSpVNWAuVfgsMggIVvo1IhE_yqoTWEbNuDZjUo4','2024-08-16 22:48:28.935167');
INSERT INTO django_session VALUES('ckd5gygo33hei8qd3arixae6vcscq1qx','.eJwNyttugjAAANB_6TMulCK3N4QFIzA06NglC-lKGYVyGS06Ifz7fD5nAaInDHNMSD91MhcSSyqAs4B49r02SdHkl5Ilxw44nwsYxp5Q8XDA-x_WAQUUWGLgdBPnChgaQnPSFzS_0pGVjI6PCJO4Gfzz4Zg9s8i-4vY1i1sCY1EVgxt5vgg1rz_V9mS66IKlFXzPKPg4uC_Fn54YtzSzG98OA4Kj3abqjOb3DBNhjPap5oMab6x6d9dQqPPJS8kc3S_7rTaYLPG37-it5PsKrAo0Nc3QIVS1J1NFyITW17r-Ax5pUeE:1sa1du:HXH7Dn6QIQfYYK1BThjEk4hmvBa2peKAlqgXgON76zo','2024-08-16 23:25:02.859766');
INSERT INTO django_session VALUES('afnozr3c1w1e1m94107wt1t3wpczl1vv','.eJxVj8lygkAURf-l10ox9eROE4kBjUkM0ZBKdT2aBkEEw2Acyn8PVrlxe895r-49o7qUKeQgZdkWjagbaFSNBme0HM79jAcUft3KmSyWaPB9RruqlKruOMrLJC1QD0XQABoUbZ730G4jlZBlpMReVWmcqqoTs6WbPQhqZzMJr-m4IbPwxRaWTLzjpp-fgv3HfHHif3wUmDbGCW6HPqHeJvH8tI4Ka-usPrf8-YkF_iLiu757GL-5W6X3JwY86mrxbgQ-96agO9P21GQTPSH-lydcvDusHIfJI7r0DGqaxDZ1bmg2o7als59LDwlom7Voa1WJNOqKYobuwhDkRhVXEmVQJKUmy6Kp0lC7KtqN1tqs25uPbu7dgzXU6-6aKwVxbBu2STCVGMcgrZhBTIBTCgyga0biWHFCKScWNSkxcIhDYIxjGuno8g_LOIiy:1sa1wa:vAmOrDncMv6HslFmfQMS9fjyeZ_v1Jzabeu17k5ANuU','2024-08-16 23:44:20.062421');
INSERT INTO django_session VALUES('ouh4fdiljj71f6huvryhmmp2mx43l1se','.eJxVjEEOgjAURO_StWmg8Ptbd3oRMpT-tJGURMrKeHfBsNDlvJl5LzVgq2nY1vgc8qSuipy6_MIR4RHL0WCeD6wRwrKVqr-bs171bU-x1BxQ81Lu5-tPlbCm3eNjhEjf9sYSByJB6MRBLDwzHNCbxopEb5m97diwbWmkEc554qlR7w_8FTx9:1sa2CN:MphE69b3uaK_vhxd0xFK_5gi4kMN1ty4qL-Ge5ks5B0','2024-08-17 00:00:39.692685');
INSERT INTO django_session VALUES('f85mldp72rogcmm5pgzixcrbvwnasq08','.eJxVjE0OwiAQhe_C2hCgBUZ3ehEyDkNobGgisDLeXWq60ORt3vd-XiJgbzn0ys-wRHER1ojTL7wjPbjsCa7rjiUSbb00-e0ccZXX4bi0hbAtW7kdq7-rjDWPH_B4psgGaAaOqFMCDU6ZyF5ZRHYwpTn6SVurtDaoDcMQuIkG9V68P-28PCk:1sa91z:jtrRcBDEFrJI8FE9gqd0z-vAwSTuzAt0zdtXPTCvzVA','2024-08-17 07:18:23.921983');
INSERT INTO django_session VALUES('uro2u2p3gnybsv3s9wiqak6cykmvh3fc','.eJwNyttugjAAANB_6TNZLLdSHkWROB1CljBZFlJLYcVKkRbmIPy7Pp8zAyUpJ4JQKodWF0oTzRTwZyAm2OsK3mLtSDf6nYD_PYOul5SplwMha94CA5REE-C3gxAG6K6UFVSWrBhZzyvO-leEp7aJN4fjNvhsEBdwl7FtWffYupzTGwlhKfX7cB17Eqrac5sYJ8c_ma_C0bGC4b5H4nGJEswfZoUOwivOX_n_lDCYOBHabxJ2z1gVWN1pzUSKFLGdBO_oB96QNM_WeKUHsBgQmaaLTBd6bw5Etm2in2V5ApxtUvE:1sa9qE:PUlYnvZxpttIBlOMPl7DMlruCrklrha8k-0JrhZPqh8','2024-08-17 08:10:18.824307');
INSERT INTO django_session VALUES('jxg17uorvght7gg3yhxa2t26fqvep3s9','.eJxVjMEOgyAQRP-Fc2OARcDe2h8hy-4aTQ0mFU5N_73aeGiP82bmvVTCVqfUNnmmmdVV9YO6_MKM9JByNLgsB-6QaG2ldt_NWW_dbU9S6kxY57Xcz9efasJt2j1eAzsBHYNw7MGBJfE6BImGyTBI9No5ErIsGWKwKOMQR205syHn1fsD2kg8tQ:1saA50:IzUvqVxCIOOb4Q-xoO1f9jX2t4NWsRtWVEPZq-fcVhQ','2024-08-17 08:25:34.329220');
INSERT INTO django_session VALUES('dn7mgfvqz7t53lhr186gk62ju6dsdlzx','eyJfcGFzc3dvcmRfcmVzZXRfa2V5IjoiY2I4Y2gxLTQwOTMyOTU0ZjYxOTgwOTIwMjJlMzg1ZjZiNWRlODlmIn0:1saQmM:rm2WM9b6Q2rQoMMZNWt1L3biw1VlXG-5KfwSe7OyvC4','2024-08-18 02:15:26.876834');
INSERT INTO django_session VALUES('w9sjqbl9eugp4vmsm15aty3ie1hx3avn','.eJxVjMEOgyAQRP-Fc2OARcDe2h8hy-4aTQ0mFU5N_73aeGiP82bmvVTCVqfUNnmmmdVV9YO6_MKM9JByNLgsB-6QaG2ldt_NWW_dbU9S6kxY57Xcz9efasJt2j1eAzsBHYNw7MGBJfE6BImGyTBI9No5ErIsGWKwKOMQR205syHn1fsD2kg8tQ:1saQnR:NjPYMmTt8wfx7q4a6cIAD7IT6PqKWSz_fri9vWoNmco','2024-08-18 02:16:33.186171');
INSERT INTO django_session VALUES('k8sq84cq65edyc1pgqdhwo9nn0zswwan','.eJxVjMEOgyAQRP-Fc2OARcDe2h8hy-4aTQ0mFU5N_73aeGiP82bmvVTCVqfUNnmmmdVV9YO6_MKM9JByNLgsB-6QaG2ldt_NWW_dbU9S6kxY57Xcz9efasJt2j1eAzsBHYNw7MGBJfE6BImGyTBI9No5ErIsGWKwKOMQR205syHn1fsD2kg8tQ:1saR5F:tvZVh_c35s0fw0CVV1N6AaDjxLk2D9ax4qe6BKC5mvQ','2024-08-18 02:34:57.536553');
INSERT INTO django_session VALUES('hephn1vml58qwe7ehadniy46oq28jnx8','.eJxVjMEOgyAQRP-Fc2OARcDe2h8hy-4aTQ0mFU5N_73aeGiP82bmvVTCVqfUNnmmmdVV9YO6_MKM9JByNLgsB-6QaG2ldt_NWW_dbU9S6kxY57Xcz9efasJt2j1eAzsBHYNw7MGBJfE6BImGyTBI9No5ErIsGWKwKOMQR205syHn1fsD2kg8tQ:1saSQs:bKMM4uW5X-2c2C90hRrH6n7L3BL-mFA3YmnaQCvFWl0','2024-08-18 04:01:22.895029');
INSERT INTO django_session VALUES('twb2yxnuvtcn6t036i6l6aykv02rxgub','.eJxVjEsOwiAUAO_C2hDk96hL956BPB4gVQNJaVemd29IutDtzGS-zOO2Fr_1tPg5shu7sssvC0jvVIeIL6zPxqnVdZkDHwk_beePFtPnfrZ_g4K9jK2QwgWVhcmkNWih0ABaMtEpMGhBT07IDBakISR0U5IQMCiwmqRLbD8At-43Fg:1saTiD:-2S6gOcUPXNNPaICnfg1PAjc4P8Obf9Jyh-p2XeVgpU','2024-08-18 05:23:21.871827');
INSERT INTO django_session VALUES('nby46cyghjyiyb0u5igms2wq83z3rxnj','.eJxVjMEOgyAQRP-Fc2OARcDe2h8hy-4aTQ0mFU5N_73aeGiP82bmvVTCVqfUNnmmmdVV9YO6_MKM9JByNLgsB-6QaG2ldt_NWW_dbU9S6kxY57Xcz9efasJt2j1eAzsBHYNw7MGBJfE6BImGyTBI9No5ErIsGWKwKOMQR205syHn1fsD2kg8tQ:1saTkg:xeIR2qLzw_xwWYB1TxAmQrNVqbQtZhf6UxUuFpd1o_M','2024-08-18 05:25:54.873454');
INSERT INTO django_session VALUES('zy5c5ktrq83uqahbblt2vsp0cnpgntr9','.eJxVjMEOgyAQRP-Fc2OARcDe2h8hy-4aTQ0mFU5N_73aeGiP82bmvVTCVqfUNnmmmdVV9YO6_MKM9JByNLgsB-6QaG2ldt_NWW_dbU9S6kxY57Xcz9efasJt2j1eAzsBHYNw7MGBJfE6BImGyTBI9No5ErIsGWKwKOMQR205syHn1fsD2kg8tQ:1saWFy:8L8O-1Yz3cmXKTG8lCzE5WGQdPYfLXtC2Vm2uQSRAFM','2024-08-18 08:06:22.377138');
INSERT INTO django_session VALUES('fvgq2bswkjjcyrr58ol8oto1gm3a0te9','.eJxVjMEOgyAQRP-Fc2OARcDe2h8hy-4aTQ0mFU5N_73aeGiP82bmvVTCVqfUNnmmmdVV9YO6_MKM9JByNLgsB-6QaG2ldt_NWW_dbU9S6kxY57Xcz9efasJt2j1eAzsBHYNw7MGBJfE6BImGyTBI9No5ErIsGWKwKOMQR205syHn1fsD2kg8tQ:1saWKb:fCpWrMcKRNTFKrr1lx7hf65UvviKdFTS9Id7Udr6W5s','2024-08-18 08:11:09.636947');
INSERT INTO django_session VALUES('cbysops4jchg0gpwi18cext40qlon0zn','.eJxVjMEOgyAQRP-Fc2OARcDe2h8hy-4aTQ0mFU5N_73aeGiP82bmvVTCVqfUNnmmmdVV9YO6_MKM9JByNLgsB-6QaG2ldt_NWW_dbU9S6kxY57Xcz9efasJt2j1eAzsBHYNw7MGBJfE6BImGyTBI9No5ErIsGWKwKOMQR205syHn1fsD2kg8tQ:1saWTF:4Lz1jCXJLRtHNG02cgn1jKVF79YswOZBq8eJ2s6wMys','2024-08-18 08:20:05.422541');
INSERT INTO django_session VALUES('qyrk1npbdkp44bwc58imwybdh018pz76','.eJxVjMEOgyAQRP-Fc2OARcDe2h8hy-4aTQ0mFU5N_73aeGiP82bmvVTCVqfUNnmmmdVV9YO6_MKM9JByNLgsB-6QaG2ldt_NWW_dbU9S6kxY57Xcz9efasJt2j1eAzsBHYNw7MGBJfE6BImGyTBI9No5ErIsGWKwKOMQR205syHn1fsD2kg8tQ:1saWa0:5NVpEGZXjWyk4GIHw0IMfCPFiblfuHDcbSBHs4MBkek','2024-08-18 08:27:04.966859');
INSERT INTO django_session VALUES('yisd1uhtffz5iylx42hqodpid4og03d7','.eJxVjMEOgyAQRP-Fc2OARcDe2h8hy-4aTQ0mFU5N_73aeGiP82bmvVTCVqfUNnmmmdVV9YO6_MKM9JByNLgsB-6QaG2ldt_NWW_dbU9S6kxY57Xcz9efasJt2j1eAzsBHYNw7MGBJfE6BImGyTBI9No5ErIsGWKwKOMQR205syHn1fsD2kg8tQ:1saZFz:nquukx4-BN2PMQaDKzVUXrN1wpXE7lVpGShZLzcNIAQ','2024-08-18 11:18:35.373470');
INSERT INTO django_session VALUES('we4f4yolhjw8lojyeu6pqb55d76o18j2','.eJwNysFOgzAAANB_6ZkYRjvbcZOoG0NkGctQjCGltFAHtEAhYYR_d-f3FjAoJmlNGVNja7LBUMMH4C7ApET5ni3xLVZQKw3cnwXoXjE-PBzUqpQtsEBBDQVuO9a1BfSN8YypgmcT76WQvH_Etw9awvsUfgWk63cyhkmQjM1xTJjoeOuZKg3LSeDTu_bzcYrKQHjQu2aSjhG8qLpBRdOSP7Q9HwcjZo0islcHx1GpqMkJ51vUVNcmv8zx8_nlG3uH6VWc78j_rGAYd_O8B6u1wY6Dd2SD0BO0CXFs_Luu__jrVEw:1sagUq:9em7AIIPQelmk_0lz7njkc0qtoVnrLYc5ivUNI0ZPks','2024-08-18 19:02:24.313021');
INSERT INTO django_session VALUES('vmzv8soypqc8xwwfxrhvfcfulnz0607a','.eJwNyttOgzAAANB_6TMY7qO8jcGmCDHoGGHGkNIWrCBltLBNwr-753MWIDhmqEMY86mXpZBIUgG8BYiTvhUHhCbxu_s5aw3wPhcwjBxT8XDQ8Yb1QAEESQS8fuo6BQwtpiXmhJYzHVnN6PiIOd-Wz3Qaydu5Dq8icy4EssIubUlU_6Sl5qZQYxHlM33ncxvcXb0xL3noj_QetfnR37_CBAbxLbsGaWEdTG4N4tbLXYVnZrNGt_ZjVtVRWH6bzpDYL1qcpB9cO14r8qeaaAKrom8Mw7UtB8Inx7IdFxpf6_oPpXxTYQ:1savD1:x0a-rcD53DNLAWN8Qri_gGEunIUicbCdqTBtYhZkOvo','2024-08-19 10:44:59.650146');
INSERT INTO django_session VALUES('zfjv1zrtv59bpql20ce4cj55c45q8aai','.eJwNyttugjAAANB_6TMsQBGQN9kFRJwKTsVlIbUU0g1bpAUFwr_P53NGIDimqEIY85bJTEgkiQDuCDy2C624fU9oeglZcgbu9wjqhmMing4qXlIGFJAjiYDL2qpSQP2HSYZ5TrKONLSgpHlGfdHA2plFx8XK7-ue8jWOo9kDp68sHNr0DrN9bw7nNdqmxCz7XHsTXbndBNfQCnKvk3q8X966hkKjuCa7j8MB-rffUxwgR6i-7hnUUkvZ2vg4nNQNHCK99h-yXX59rnL_Uhc9mBTdNoy55sxt-GJBXTNN62ea_gGUeVO-:1sb9KP:Bqol283rK1VEnVubpjJf5dy1eR4fXcMF0qwB_H1qb50','2024-08-20 01:49:33.635072');
INSERT INTO django_session VALUES('5mahkfqttuq1egl8aiv082120n26osw1','.eJwNyttugjAAANB_6TMuLXL1jSGwIdN4yWAuC6mlQidSbAs4Cf8-n88ZgeSE4RoTwrtG5VJhRSVYjKAyUGrs4lvB5EYGIgWL7xG0ghMqnw5qXrIGaKDACoNF09W1BtoLoTnhBc17KtiZUfGMq_CRnSFfRUk5cOYHOsptIwmOW1GGMGoVtRxrPSBnVkX95nO29E4tzw_bCsu_28POIFHLQZideDsp34FHtI_DS_8-9Fd4H-5zT-ps7cbqUDuZs3v9midXujfToP4dUGlZ3ocPJg3Zuu6atmvCFx0ZlgPtn2n6BzN6UpE:1sbM4M:YLb19rOaVCl1WqsQvOlIpQFMICuqxREMurS-wNQ35n0','2024-08-20 15:25:50.218288');
INSERT INTO django_session VALUES('flx9kv3nmnwlcxj4dhqt1x0olrp27gnl','.eJwNyttugjAAgOF36TVZOFQG3GlVIoMtDmrQZSG1FFYoB6GghPDu4-K_-v4Z9A3lRBBKm6GWSS-JZD1wZmDiy9GXUxz6f9cYPW3g_Myg7RrK-tWBaHJeAwWkRBLg1IMQCmhLyhLapCwZWcczzrp1HPOTdRPuxKdY5dlRRJMeMqrufQRlVKlXIyi8XYFqg5DXSLIE2mbUWf7Frcpm2NIvLwv3YdVWmAT2IfiGFH08tKhDO5e3KLsThqMD3H6aFjp7p_hxN87lgHMNB7e4L54pBouiveu6bVobaL_p6gau_S7LP2q8UyY:1sbOpJ:jxKHkL-xgEGxuYs0xRb_nHwrt_LhN2TFyu2IwMfdKyc','2024-08-20 18:22:29.208729');
INSERT INTO django_session VALUES('huzfyq14mkh44vfvngfpc7e07gq291fs','.eJwNyttugjAAANB_6TMuA3SlvjEIDibjojLmsjRYKiCFChQFCf8-n8-ZQMdJkbCEEN7XAnciEbQD6wkI8-TqHyIox1N6MUYE1r8TuLac0O7pgPGsqIEE0kQkYF33jEngWhKKCU8pvtG2OBe0fUbVy2EnzMiL2yhOj3BV7gPrMgS5s9MPekVctZGZOrBNn9vBxnPMbVT6Nf5chrLFM9d1WlqG2eHhfzcPjO_b867Q3qtu1KzQcCtjUTdBna2WPwjtQ3rUv2I7jfngw2Dh35Dt-WCWZKgoSENIgS_aG4LyK_yb53_DIVOk:1sbUO7:6pPELPU7fv25dyXT0nKeiBeO3vW6VK9BdFPBjrOs1gQ','2024-08-21 00:18:47.874207');
INSERT INTO django_session VALUES('xa9kvuxituxugaas02hx0rdwymaap8je','.eJwNyttugjAAANB_6TNZoEhR3rqNjgUh3mDospCmlIsg5VJAJfz7fD5nBr1gBa0oY2KoZdxLKnkPrBno8B7ozXaDV1ga-JkC63cGTScY718OKpEVNVBAQiUFVj1UlQKakvGYiYTHI--KtODdK8rywKMA5qegzDw2XHbjzc28aGoDGUhy-JY46tqr-yES5xbuQ1x1p3DkfRRS2_UJcfbXWsJ3O0t9R9s5fTmp_rl9orGwPe1oT6jL7iI_86_xaGxLPIWfxQ9BiMB1ji4DeVCwKJoJddUwVBW-ofVGX5nm37L8A8ZzVFo:1sblJi:dTBaH_NryJzqH7lf4PjSXc3fjMR9IM_b0XYuu7yKK2g','2024-08-21 18:23:22.694361');
INSERT INTO django_session VALUES('mbe06yfc0drablawvwowy9f9pg24kd26','.eJwNylGPQzAAAOD_0mcuynbF23aOcBciMmyXi0h1a6tDqJ5N_Pfb8_etYOoxq0WNcT93sppkLckE3BVgFcXPDPE_-XC-jRYC92cFw9hjMr0ciP7GOqCBppY1cLtZCA0MLSYV7htSKTKyKyPjKx4u51TIiAf8Zt1PH4kZoZbr8TkxdlgyiubB78LHfik_rUOuzPzLzpliepMYY-AtIeVm9T4nTpuxgKrimRQqxX5cXk6R15I0prrjqMUuvSO1UXb177AQtO0Hctx3DUdZCDYNItOCyIA7480yILSt3237ByLvUus:1scFGm:bQG8BQhtm1XR7N73HebUfQcZraV25rsJ2n9amZDZ2cg','2024-08-23 02:22:20.307992');
INSERT INTO django_session VALUES('ulewmhpkfz9u8t7n9ljx48v7sm13s3hv','.eJxVjEEOwiAQRe_C2hBKB6a4dO8ZyACDVA0kpV0Z765NutDtf-_9l_C0rcVvnRc_J3EWVonT7xgoPrjuJN2p3pqMra7LHOSuyIN2eW2Jn5fD_Tso1Mu3niYEZ0jTOIDBbIEBMpBSWhuXHQ7MilwGjqN26JJBRh0SYrCjSqTF-wPgajdc:1scHxj:QQwaofg_Efuix8iaGN8ldlP3Q9rOFZwD1OhXiiorXhQ','2024-08-23 05:14:51.196132');
INSERT INTO django_session VALUES('wfykj48h3z76wzu596o2sgyul7tuck8t','.eJwNyttOgzAAANB_6TMagQGWN1EyRriPwdCYpit1dHZcC8MR_t09n7OAoSEMc0xIM9YCDQILOgBzAUyHyRxCpwrVyimvOTC_FtD2DaHDwwFvzqwGEiixwMCsR84l0P4SikhTUjTRnv0w2j9ileOj10Kv-Gy3W6MQum3DhJdvKu666G83ySeROpZfx_i2HwsljZUEu9eblb2id28KDOLdP56K0Oqie7Y5BM6sexHFcDdkgZ0yN4YbDXVucql64-TPB1SRy6ifc5JwdGxTn4JVkg1FlaGqwpdnRdcUA2rf6_oPL2lTPg:1scLJm:MuuDd7e764k2AvoHmfr8n8Nwamrh6X_Y9rQwUaoIJcw','2024-08-23 08:49:50.271524');
INSERT INTO django_session VALUES('lwp0ka3u077mu76hdxpasqjlyycj8aow','.eJwNyttyQ0AAANB_2WftsMQlb9po0MpFIhGdjpG1Mhvsyi6qjH9vns-ZgGCIZFWGEOtom4o2a7EAywkEtztv9EGhPu3D2I7A8nsCDWcIi6eDit0IBRLIszYDS9pVlQSaEuEUsRynPeakIJg_YxcwBV9sxyRj7WkOP4qNa98_khra-uOx71nB4LGwD2O6-tUCtIHOZ_8SDiT21Lf6wMlJX2u1WF_lpIztQT9TIuOx2-uBWsC_yP_qsE53uWF2VlJeVluq-afIvZ5dVWxDa_fugVlSDKhCaCzMxSs0ZUO1zJ95_geizFME:1scUDJ:okDXAWEPu0OX-xT9h019oOuPWJAvBjFPenDC-uu2yxQ','2024-08-23 18:19:45.288237');
INSERT INTO django_session VALUES('lb65agg055ta6i98rl5rl52nwk6xqxf8','.eJxVj01uhDAMhe_iNULBCflh116jqpAxYUClpCKhG8TdG2boAskL6_m9z_YOMfBEMzGHbUltTJR8hGY_CvjXaEujX9LElKawtN8-jaHPno8dXj00dwrkbIKmMiiVRq1taY2SEgv4WcPv1Ps1Jx4hPGafrdt0AipRqVxoNVrhKkQjtYDjs4Dn_naLfm1fTgk3sSP-8ss5oXk-5fI6o3x6rnEs325vvF-pG2qkOGYOCnaOhdO9pU4JJ3o2g1N1hVL2dddZNoJQmooRfU3cqRppGKSkmlEzwfEHxdtwPg:1sdTMy:QRsbguCXf13zCBdz9hydvDOpzMG2OpEsLRqeWj9DQKk','2024-08-26 11:37:48.912914');
INSERT INTO django_session VALUES('hxa35phmuxirc8crxtde516700ekscsj','.eJwNyt1OgzAAQOF36TUYwA7K7hgikEGizMWgMU0ppXQUivxMkfDucneS76xgVFQQSShVczfhcSITG8FxBT9jWPCG8AjOKDagAMfPFfSDomzcHUjFRQc0UJKJgGM3S6mBvqEMU1UyfGeDqAQb9jFCiGWoioMntaSmt2CjsP4kkwfpZthmJdGn2y_rLden56we9qqTS3B648NHe7_4Xvgc-C9hcTWi-qqfW18VNJd5gd71tB3CFMZpvojQrRvmZacqSvCrq8dOk_Gk4rfvBoNNMx3rESLHOpgPDjRsx4Zf2_YPNPVSxQ:1sdZlT:SCvbz9G1cXCfSfzokhuowd8qrRWlRLmbIAnwGpKbK7A','2024-08-26 18:27:31.745958');
INSERT INTO django_session VALUES('1pzayfd545tuz4sea9362g4mbwxfrxpt','.eJxVj0FuhDAMRe_iNUKJkxDCrr1GVSFjwoBKSUVCN4i7N8zQBZIX1vf_z_YOMfBEMzGHbUltTJR8hGY_CvjXaEujX9LElKawtN8-jaHPno8dXj00dwrkbIJGWlRGVYi6VBa1lgX8rOF36v2aE48QHrPP1m06AVJInQvrCmvhJKJVlYDjs4Dn_naLfm1fTgU3sSP-8ss5oXk-5fI6o3x6rnEs325vvF-pG2qkOGYOCnaOhav6mjotnOjZDk4biUr1putqtoJQWcmI3hB32iANg1JkGCsmOP4AtsJwLg:1sdmVM:_unxQkD4y1-TdGDCGye_ErQT4XlaHnfwfehQAb86tiY','2024-08-27 08:03:44.406017');
INSERT INTO django_session VALUES('r33uffofoe9wokgve2f1j1kh4isp052b','.eJwNzd1OgzAAQOF36TUzFBgU7mQL6gAnMjbFGNKVDpoxqJR_wrvL9fmSMwNREYYLTEjVlk0iGtxQAawZ2JPfas7ZHjtH9H7KgPUzA15XhIq1g6LKWAkkkOIGA6tsi0IC_E5oQqqUJh2t2Y3ReoUEv3ZDlIUbM0aO4Lb8x6HLVPky5bZWFw-d8gMyw-cNd5R1NsE4uvqIQ-_8EQRDvt3ZCdxfQ3iKHujo9V8qehn7zn2juf4eoTjYq111j7OLsbOVkXOEh-9hEunJu7mfx-1BBosEDUXVZU1DypOBdMXU0e-y_ANfClLN:1se4GI:zBVtpdkX0IwYqfBik0WI6A-jhDfSBwHa97ixjVWz7s8','2024-08-28 03:01:22.790754');
INSERT INTO django_session VALUES('yib8y1b96qmuv85ymc9phvfzyng6v7j4','.eJwNyttugjAAANB_6TMuFMf1EZ3CmG6RONRlIVCLdpS2tkXWEf59Pp8zAsURqWiFEO-ZLpWuNFYgGkEfmhyfcrcSl-WBUAyirxEIyRFWDweUXwgDFjhXugIR6ym1gGgRLhE_4_KOJWkIlo_Yl2EuicQiLIqdoktRZLbex38vcof6z7qdQShPwSZhzKy0zX4_mqGFB9Ut3jNzo6tUcybvm3pLuZmxIDZC3rohuXp2QPDQ7dxUpfVb4j9jc9zmZDHEa-cqmn3x81oes_UgwWRB35l7HnTnzpNvw9AJg-9p-ge1jFY0:1seJ6S:_tQd8IJTJ2zPm0XtmWHDGUYZd6bmiw9Jr2SKgmC1jEA','2024-08-28 18:52:12.706090');
INSERT INTO django_session VALUES('35ns3yed2pqj4mi2ggaiq1sizw2m5a00','.eJwNylFzQzAAAOD_kmfbIZ2FV6ajylTv2m63c1mEZrIEYajz39vn71uAkoRhjgmRg-hz1eOeKuAswA7qyHUvnkzmQ8zYBJyvBTSdJFQ9HHBZMQE0UOAeA0cMnGugqQnNiSxo_k87VjLaPWK3nSwxStEG6pgG_mGTVWe7MLhf7OCwr2_ILVt63b5RfPwj0G9qlSCepeM-04UewgZingaVPJV6fTVRVIhLXHlWNMZZnzSj-x7OeYDIzD7Ov-GtK5PTZzQ_6bsffw69diIZWDXj1YQWgob98qwbyNwg9L2ud97yVIQ:1seOjr:B-VC1yaweObIR5WqviPQXJyjkiWgSTcYigu58vBi148','2024-08-29 00:53:15.022242');
INSERT INTO django_session VALUES('m33cn87jifisglgi5qn2wndxfaw22h5u','.eJwNylFzQzAAAOD_kmd2p4LVm5bamFM1prfbOU1SExmphOo5_319_r4FiB41FasQ6sdOlkJWkghgLwBm8Lo3ksMuuYcj5DqwvxfAhx4R8XTA-rrpgAJwJStgdyNjCuAtIiXqMSknMjTXhgzPOIdvE8zHW-F9teiofmbeuD-bGpESR-pdL90HNW6nMsWYsdl3E9w5qDVU6oigTCl06eU0SA5fnTwPfifWFgk6XiLutztOgvM7jT-2B5f-TTOtM5eibIwiL_TjrLZShEQRg1XRrI1uWXBrGS_WRtNMU_tZ139XSVP-:1semcB:hW-JQxSVyari6IWF758z9F3JvpV_LzkztCRiXOeEOGA','2024-08-30 02:22:55.730497');
INSERT INTO django_session VALUES('m6l18ij659jk1krh8dtdus9yzolj9vph','.eJwNylFTgjAAAOD_smfswg0C3jQrSDxFDMiu42gMGI6NtikdHP89n79vAkpgWrACY3HlOle60EQBbwISxXWl5MqyB8qQvwXe1wR6KTBRdwdM1JQDA5SFLoDHr4wZoL9gkmNRkvxGJK0okfeYUpMvW9cPIuivyQBHR1fpr6tdcQlPFT_RUJVBRJr0tT6MZf6cuChZ-ELuow7u-iRn5xruhj8xcrXdLLj_cfyJDv1tXXd-0L211XuWDXEIN59xobFetfvmJcwayMvHcykXgQVmw3xaQgcix7IfbGRCZKLvef4Hu_dULA:1sf2C0:CjrKXlAq_yGC_HKU9N9_LWBdFq-9RwrDiOfYmhs7o4U','2024-08-30 19:00:56.646488');
INSERT INTO django_session VALUES('h4ttup3d33ot8mlex9fdwhblmyo7ie1w','.eJwNyttOgzAAANB_6TMzBSIM3hbHiIrc1oCbMaSWcgm1LbQ4FsK_u-dzVqAE6THDhIiZ60pprKkC_grEYURlA_FVjuycugPwv1YgJ0Goejhgou05MECNNQY-nxkzgBwIrYioafVHp77p6fSIeTonk0xiDk-XrHaunAxLcrnlGDH7mC12HEeOlv0be4al2aJIfd4aWXedlyalChcetDy-xyiE1eHVYh-6yAJSWEycgp-ZRrE9j80xfC-HEma_9Rl1PKmsguf33Qu0KNpJsBmma9ne3rX38MmD0HFM93vb_gH8rlQW:1sffs4:3scgmu6Q9UfkeTpBTrd6LEynIWUR6BlwrxTdu8koYXY','2024-09-01 13:23:00.905961');
INSERT INTO django_session VALUES('9trx8fdicfca9h53xwmblusb6j6g3zk2','.eJwNylFzQzAAAOD_kme3K7FNvFFa5tprO-tZdzsXERoyIcKG89_X5-9bQC8IwxwTIoZGpb3CivbAXoA_bXAV3wqvP1KJAwbsrwW0UhDaPxxwUbIGaCDHCgO7GTjXQFsTmhKR03SkkhWMykcU8wHtw8ynHiwi2H3GOY82iaqv-nxytqwt4_fu7w3WSJ5n57mUxHeSK7nPQXFHk-Xk4cWMXA6VGwaeqKxx3O9-k_F2MbsU7rJxMN0Pfjj-eENWm0E2tVUx1xidQyWR5NsTB6umvxoQIR1B-GRahoFejO91_Qfrd1TB:1sfh3V:O9FOBR_ydiuwIZDUtuvACIWLm71pKQPMX16TLVMgx5g','2024-09-01 14:38:53.486368');
INSERT INTO django_session VALUES('okddj9o3dop87kf7z4nrx51a2r8ucorw','.eJwNysFugjAAANB_6ZktFNRRbigbGyLRCCguC6mldAi20IJiCP-u5_dGoAQpcY0JET3vMtXhjipgj8DHVjWwsAmQMwyPwAH27wgaKQhVLwe1YCUHGshxh4HN-7rWQFMRmhGR0-xGZVmUVL7i-RDEO_f-3Xymre6JnJtm--VG63ijaBzB_c_D55J7Z2-GCvZfY4fEa7IJcz-Kk4QtF8nbNVEyXIq63QZDttobAeZXYtyOze6eHVcM6WmKLlnqVfA0bxP_xKR7KGTSl5ftnKVg0uCHYSK0gBC-W8gydTj7m6YnyhRUQg:1sfi8t:55rQuE4kHzjefR4PrgafZJDbtgE797M_KgaCfNwgSKk','2024-09-01 15:48:31.905072');
INSERT INTO django_session VALUES('5bc6cgsf8kkz14c8544cfcsfzrya7del','.eJwNysFugjAAANB_6RkWaDpx3FBwwiDTBBVYlqaUAlVCG0AYJfz7PL-3gF5QThpCqXi2A-4HMrAe2AvwkBtu7nvhRLXnHy4K2D8LkJ2grH85aETFW6CBggwE2O2zaTQgH5RhKgqGR9bxkrPuFTN5Hgs4ffmncl_HdWvhdJcKNTo01D3uGqeqbUT-ziRNPhJcpnkB5eaBk9vfPDrkgPQsdBNxzIKrxWoZdLFS8KimoIxuKpr97_qOdJruZnY2mirWXZGbn3xOE4rCfLziCayaaUFkGCaE8A1ZpgG32991_QeLSlQ3:1sfjTK:CJ-l9jA91UjKS4Hr25LuVy4_HtfkdlMczLKdvIvY9hM','2024-09-01 17:13:42.475336');
INSERT INTO django_session VALUES('wcsdx9b5glf9kee2gkjvb3pr4seeyiu2','.eJxVj81uhDAMhN_FZ4Ty6wRu7WtUFTLBu6BSUpHQC9p3b9ilB27W-JvxeIcUw0QzhRC3JXcpU-YE7f6o4F-jLY-85ClQnuLSfXMe41CYjx1eM7TXFCjeDK10ygjrrG1q75SUuoKfNf5OA6_FcY_xPnNBt-kIkMJaIzw6LY1UqK1waODxWcHzfrclXrsX6eAi9hS-eDk2NM-HXJ816idzrlP9dnnj_XRdokZKY8lBT071wgTf3IhJobyhFwK1IzMMihujfc8sFHorrQyBgnPEiKipD02p_QfSYXAz:1sfy7z:EdD6vVXErHK2q0242kS8Pe88ptm8Nk2rwbM-M5vVN9E','2024-09-02 08:52:39.929076');
INSERT INTO django_session VALUES('0akypdntzjkjsjscpcj4ezco7a72majt','.eJwNyttugjAAANB_6TMsXHRc3obAYIJTJANdFtK1VWCsZW1FkfDv8_mcCQiGGthBhNiFykpIKIkA7gSQxIea1H74avqanh2B-zmBnjNExMNBx84NBQrAUELg0kvXKaD_QaRCDJNqILw5NYQ_YtMF4wal6l1eDyWumtwOUq5a-RF6XtrR0H-Twy5ZZyeZoL4Y6-8yChYRLjxj2962f3cU7gak750rvGFLTTRI9n60clrGfzOzSONxfB_b9SZ4iT-EGpv5aqBnmmeBsPnSrksfzIpuGQvNWRi6_WQ8O7ax_JrnfyrKU0E:1sg7fG:XjACpEdgJzmn9PRWH-wJPebqYzV7FuNk9_8Fxi5z4hw','2024-09-02 19:03:38.274654');
INSERT INTO django_session VALUES('m3cmb10iea2t6yt6e8vxkbvi77vxrbtl','.eJwNyt1ugjAAQOF36TVbaEcy4M5oUMEZyKZOlqWpbaHlr0gLDgnvPu5O8p0JaEUlqQilqm8M1oYYroE_gY9eRMdeeMw-3NydLoD_M4G2U5TrxUGlctkACzBiCPCbvqos0JaUY6oYxwPvZCZ5t4xBZ8gzxdfI3TWEZFtd3PprEK0lUhd3HcORKZjrtRaHutIPO_viWAR3KBgsT5CdtzyJEycdkf3M2oFTnKzqYm-kyFfDy1lv0oCPIbnX8fiNwz_nlMZduelV5-SPzxCz_RHMFnxHDrI9-w29Imdp73ee_wHzf1WL:1sgbX6:t_RPJHzsmrt_UTCVy8Sw5bYGhX-ICxuT8k7aSX0IHL8','2024-09-04 02:57:12.253135');
INSERT INTO django_session VALUES('nq5igmx7p0vgcvkm9wf2lw2m2b7ttsgy','.eJwNysFOgzAAANB_6RlNaIFZbnOwZOBgbAhGY0gthVY6ukEBA-Hf3fm9BfSKCiIJpWpoddFrolkP3AUcfS2dgec2VvE-swLgfi3g1inK-ocDqWrRAgOURBPgtoOUBrg1lBVUlawYWScqwbpHjMJTsCurpyxFFZ_QqZnr5hLdtVnW1f2Vw248i1J5Oc7RT0CgrN_Pv2_WpZDwrx0_Mo4OxS5KjjpNeGJrNvlTms4Q55-xlzYz9hsqyrDlgW2Sax6H263w0P5qxxJuDnCgCqyGuYEWshFCzjN6wQ7C5ve6_gNvolNG:1shD4a:Fmxa36tJpH5rFLUG0FtlRnLmWx1WhojLL0Eq-OEhu7I','2024-09-05 19:02:16.397709');
INSERT INTO django_session VALUES('7lfacej3akbw8t1hxumjr98sozasbb16','.eJxVjMEOwiAQRP-FsyGULivxpj9CtruQEhuaCD01_rvU9KDHeW9mdhVoa3PYanyFLOqmBq8uv3AifsZyGFqWA2tiXrfS9Ldz6qrvPcXSMlPLa3mcq7-rmercfwSIHSBEEWeNtTwSptGIg5gsDtYlJIGuPQBbj96Zqx9pcDhhMiDq_QHhLDwV:1siUdi:-_H5G-k506gA9RLgwvgboWwZD1G3BaksxFs_KjFSi8o','2024-09-09 07:59:50.894149');
INSERT INTO django_session VALUES('zwbcq8v77wh6tpoftuvdsl29to53xnig','.eJxVj0tuhDAQRO_Sa4Rs_MGwy1wjilDbtAcUgiNsskHcfQxDFuxaVa9K1RvE4Eac0LmwzqmLCRNFaLe9gH8N1zTQnEaHaQxz90NpCH1mPjd439DeWyBnE7S8rqTWmglT8qZR2ogCfpfwN_a05MgzhOdEmV3Ho4GzjEjDtGFc6rqpDa8E7F8FnAO6NdLSnaQScBMtum-aDwen6ZDLa0d5Mpcdy4_bH48rdasaMA65R5KqraioVkz01gjPlefWa6tkwzVXaIy3Hr30JJmopPPI8lzi0viKaYT9BUXbcHo:1siWQA:l6Q0UnUO5dmYzEhNVGjlU_i6jmwEyyrAxhXJKk-HGGY','2024-09-09 09:53:58.237474');
INSERT INTO django_session VALUES('d0s4tlrjo0xo4keew2fe15chwp42cdpg','.eJxVj8FuhDAMRP8lZ4SSkNiBW_sbVYVM8C5RKalI6AXtvzfs0gM3azzzNLOLFH2gmbyP25L7lClzEt3-qMS_RlueeMnBUw5x6b85T3Esno9dvG7RXSmiZLPoFGoD4CSaurWI6Gwlftb4G0ZeS-Qe433m4t3CQVDSWiMdYKOM0tBYiWDE47MSzwL9lnjtX04UF3Eg_8XL8aF5PuT67FE_Pec71W-XHe9n6oKaKE2FA45QD9J4196ISYO6lR0SGiQzjppb07iBWWpwVlnlPXlEYgBoaPBtqf0HPJVwfQ:1siWx0:WN-9fC-8RRurI-vt9fCRlOlJSEoTXmpx1N6ojx-tRGI','2024-09-09 10:27:54.991288');
INSERT INTO django_session VALUES('vhtphayiqp6fvzir86wt7tpiqvwyt0lq','.eJxVjE0OwiAQhe_C2hCgBUZ3ehEyDkNobGgisDLeXWq60ORt3vd-XiJgbzn0ys-wRHER1ojTL7wjPbjsCa7rjiUSbb00-e0ccZXX4bi0hbAtW7kdq7-rjDWPH_B4psgGaAaOqFMCDU6ZyF5ZRHYwpTn6SVurtDaoDcMQuIkG9V68P-28PCk:1siiqb:OMIUBsDpsEqb_vewe3fqqsD5JctjzFJoJav50Z_blxE','2024-09-09 23:10:05.218153');
INSERT INTO django_session VALUES('61qknuqx7z3gq282k665ankaixmwfagc','.eJxVjE0OwiAQhe_C2hCgBUZ3ehEyDkNobGgisDLeXWq60ORt3vd-XiJgbzn0ys-wRHER1ojTL7wjPbjsCa7rjiUSbb00-e0ccZXX4bi0hbAtW7kdq7-rjDWPH_B4psgGaAaOqFMCDU6ZyF5ZRHYwpTn6SVurtDaoDcMQuIkG9V68P-28PCk:1siiwP:bJhRswwT78DIv72OJudR62RB3_JU2YG1LxxGPLc1n-Q','2024-09-09 23:16:05.538928');
INSERT INTO django_session VALUES('f452gfhwao62gegyfflannvz3gdq47g9','.eJxVjE0OwiAQhe_C2hCgBUZ3ehEyDkNobGgisDLeXWq60ORt3vd-XiJgbzn0ys-wRHER1ojTL7wjPbjsCa7rjiUSbb00-e0ccZXX4bi0hbAtW7kdq7-rjDWPH_B4psgGaAaOqFMCDU6ZyF5ZRHYwpTn6SVurtDaoDcMQuIkG9V68P-28PCk:1sijF7:JXktJ2m9O0hM-uRk8Kdzv-q_cYxczKb_RXKrT3dfd3I','2024-09-09 23:35:25.042028');
INSERT INTO django_session VALUES('i2ltwv9zcgkpg5pqfb9uiz9nvyk6p616','.eJxVjE0OwiAQhe_C2hCgBUZ3ehEyDkNobGgisDLeXWq60ORt3vd-XiJgbzn0ys-wRHER1ojTL7wjPbjsCa7rjiUSbb00-e0ccZXX4bi0hbAtW7kdq7-rjDWPH_B4psgGaAaOqFMCDU6ZyF5ZRHYwpTn6SVurtDaoDcMQuIkG9V68P-28PCk:1sijwa:jpv7u3PCrhebHd19cw70WvxXkTBfg9PXrHyYs6rgm5w','2024-09-10 00:20:20.372810');
INSERT INTO django_session VALUES('74qm1dhsuily2yreiss7038x1j8z80ia','.eJxVjMEOwiAQRP-FsyGULivxpj9CtruQEhuaCD01_rvU9KDHeW9mdhVoa3PYanyFLOqmBq8uv3AifsZyGFqWA2tiXrfS9Ldz6qrvPcXSMlPLa3mcq7-rmercfwSIHSBEEWeNtTwSptGIg5gsDtYlJIGuPQBbj96Zqx9pcDhhMiDq_QHhLDwV:1sjZ2b:jzijOLvniPlvVIL2RPt8bEqyvp9QnorFtTGw2pLSVkw','2024-09-12 06:53:57.141954');
INSERT INTO django_session VALUES('1szr518oqs6mnp931bunyiydax8hxyqf','.eJxVjE0OwiAQhe_C2hCgBUZ3ehEyDkNobGgisDLeXWq60ORt3vd-XiJgbzn0ys-wRHER1ojTL7wjPbjsCa7rjiUSbb00-e0ccZXX4bi0hbAtW7kdq7-rjDWPH_B4psgGaAaOqFMCDU6ZyF5ZRHYwpTn6SVurtDaoDcMQuIkG9V68P-28PCk:1skCEd:aiYlGRh4EC19LIK0NZl0XvpobcT1-Gy3E1B8ASCSvjM','2024-09-14 00:44:59.791114');
INSERT INTO django_session VALUES('bgukwcs5ol5vbemfcdx64sydxyexqilu','.eJxVjE0OwiAQhe_C2hCgBUZ3ehEyDkNobGgisDLeXWq60ORt3vd-XiJgbzn0ys-wRHER1ojTL7wjPbjsCa7rjiUSbb00-e0ccZXX4bi0hbAtW7kdq7-rjDWPH_B4psgGaAaOqFMCDU6ZyF5ZRHYwpTn6SVurtDaoDcMQuIkG9V68P-28PCk:1skJYe:VaaPWOH90KWx8pxyhBZwukRCC-sl7J1w6ini0vKO5u0','2024-09-14 08:34:08.569719');
INSERT INTO django_session VALUES('mneuwb6xw1fu5wo48qyxhs49dhnt0vmi','.eJxVj0tuhDAQRO_Sa4T8_8wuc40oQm1jDygER9hkg7h7DCELdq3qV9XVG-TkR5zQ-7TOpcsFS8jw2PYG_jVcyxDmMnosY5q7r1CG1FfmfYO_GR73FKjeAg-qmSSWM0tbqq2gooHvJf2MfViq45XSawoVXccjgBIrlTBEGUKF0lYbyjjsHw2c97s1h6U7ScnhJjr0n2E-NjhNh9xeNdqTuda5fbu98bxct6gB81BzRJDacRa0JLx3hkcqI3VROSksVVSiMdFFjCIGQTgTPiKpdQMVJjKiEPZf4iBwNw:1skJZL:iICJE964wgFOxKS40Xb34j1TrPkNyv3LSL8zK2X1yf0','2024-09-14 08:34:51.245320');
INSERT INTO django_session VALUES('kiepqxksc2msbi9x9uak5yl6v0ot98go','.eJxVjMEOwiAQRP-Fs2lYICv1pj9Cll0IxIYmlp4a_93W9KDHeTPzNhVo7SWsS3qFKuqmjFWXXxiJn6kdDU3TgQdintfWh-_mrJfhvqfUemXqdW6P8_WnKrSU3RPZQMyO_ZXBZeMQRUaHUVBIxJnR21Fn1DFaIIesPQgjatBkIFlQ7w_wzjxe:1skKWw:_kWJ1xaE4rKE9Wl-s6HhlnMToB4vf-6Wcpyvn5FoW-A','2024-09-14 09:36:26.947882');
INSERT INTO django_session VALUES('xjwe76lsk7knovk547qdwwor5couaq5n','.eJxVj0FuhTAMRO_iNUKJQxLCrr1GVSFjwgeVkoqEbhB3b_ifLpC8sMYzT-MdYuCJZmIO25LamCj5CM1-FPCv0ZZGv6SJKU1hab99GkOfPR87vHZo7hTI2QSNtKiFs0bWJVpTidoW8LOG36n3a448QnjMPnu36SRIIas8WBushZOIVhkBx2cBzwLtFv3avpwKbmJH_OWX80LzfMrl1aN8eq5zLN9uf7xfqRtqpDhmDgp2joUzfU1dJZzo2Q6u0hKV6nXX1WwFobKSEb0m7iqNNAxKkWY0THD8AR87cHY:1skKh8:JJKYIQ5sH_sb00VAIMd2Et4dc1uB1eA2AF6SCXYltLg','2024-09-14 09:46:58.320800');
INSERT INTO django_session VALUES('dnrign8gvh2u34w9zxgehg7v00ll630z','.eJxVj0tuhDAMhu_iNUJxHoSwa69RVchJzIBKSUVCN6O5e4GyYWf9L31-AoWQtqX0tJWRlzIFKlNa-m8uY4oZuo8n_N_QQU5hovlqQAVUoEMrjXBOWlG3SmCrbQU_a_qdIq975ZHSY-Y9u03HAqJAZ6WVUiuhlGmNVA28Pis4Afot89qfyQbhJnoKX7wcDs3zIdcXR31mLjvXb7c_3q_WbWqkPO47O63Xboe3A1PwVqJUwrSDZIERbRNlHLS3rBzHhjwb68hr03psNONA8PoDKn5mjg:1skL7m:tLwfE5uxVJySsBymkg0igglPR7JW02kKAg1HKiIKK_E','2024-09-14 10:14:30.862280');
INSERT INTO django_session VALUES('1i2bpmvp5h55rjp6smvf7wo373ol1nh4','.eJxVjE0OwiAQhe_C2hCgBUZ3ehEyDkNobGgisDLeXWq60ORt3vd-XiJgbzn0ys-wRHER1ojTL7wjPbjsCa7rjiUSbb00-e0ccZXX4bi0hbAtW7kdq7-rjDWPH_B4psgGaAaOqFMCDU6ZyF5ZRHYwpTn6SVurtDaoDcMQuIkG9V68P-28PCk:1skO1o:SKTpRbSzl4KNK3n9pOWTm3-DxcZfFn-b_glHIhTAwlw','2024-09-14 13:20:32.314395');
INSERT INTO django_session VALUES('cn3sud57cltw4wdfjez9880mnoerxh9h','.eJxVjE0OwiAQhe_C2hCgBUZ3ehEyDkNobGgisDLeXWq60ORt3vd-XiJgbzn0ys-wRHER1ojTL7wjPbjsCa7rjiUSbb00-e0ccZXX4bi0hbAtW7kdq7-rjDWPH_B4psgGaAaOqFMCDU6ZyF5ZRHYwpTn6SVurtDaoDcMQuIkG9V68P-28PCk:1skORq:SHe-eMrvxvAOQ6jCQuZj_CRkkhX8zhq2qjrJ7JN0ATI','2024-09-14 13:47:26.028691');
INSERT INTO django_session VALUES('zl183eyfqany9vbcpgdhm0g3b3ymkqu5','.eJxVjE0OwiAQhe_C2hCgBUZ3ehEyDkNobGgisDLeXWq60ORt3vd-XiJgbzn0ys-wRHER1ojTL7wjPbjsCa7rjiUSbb00-e0ccZXX4bi0hbAtW7kdq7-rjDWPH_B4psgGaAaOqFMCDU6ZyF5ZRHYwpTn6SVurtDaoDcMQuIkG9V68P-28PCk:1skOc8:ZcsohXIVQkA-hlqytuEFRK0E-E5WTsgpp55X8bpNaTM','2024-09-14 13:58:04.720138');
INSERT INTO django_session VALUES('745uawuidxazms3akpair3v7wl2nl2v2','.eJxVjE0OwiAQhe_C2hCgBUZ3ehEyDkNobGgisDLeXWq60ORt3vd-XiJgbzn0ys-wRHER1ojTL7wjPbjsCa7rjiUSbb00-e0ccZXX4bi0hbAtW7kdq7-rjDWPH_B4psgGaAaOqFMCDU6ZyF5ZRHYwpTn6SVurtDaoDcMQuIkG9V68P-28PCk:1skOfl:uT-1Okh7dxQUfmSp3wev6t4VoHRc-PkRvavd4TWLx20','2024-09-14 14:01:49.899890');
INSERT INTO django_session VALUES('2kdq6njwz7u0jh8qhfo3n0e2pp35t9nc','.eJxVjE0OwiAQhe_C2hCgBUZ3ehEyDkNobGgisDLeXWq60ORt3vd-XiJgbzn0ys-wRHER1ojTL7wjPbjsCa7rjiUSbb00-e0ccZXX4bi0hbAtW7kdq7-rjDWPH_B4psgGaAaOqFMCDU6ZyF5ZRHYwpTn6SVurtDaoDcMQuIkG9V68P-28PCk:1skOph:tSGQ-tBzip6VicPezXxEncvUrGhA2o-xrgRttKOixkw','2024-09-14 14:12:05.745742');
INSERT INTO django_session VALUES('k5ctv86nrxm070tso04m5yl2by15ngfk','.eJxVjE0OwiAQhe_C2hCgBUZ3ehEyDkNobGgisDLeXWq60ORt3vd-XiJgbzn0ys-wRHER1ojTL7wjPbjsCa7rjiUSbb00-e0ccZXX4bi0hbAtW7kdq7-rjDWPH_B4psgGaAaOqFMCDU6ZyF5ZRHYwpTn6SVurtDaoDcMQuIkG9V68P-28PCk:1skOvj:FJ8Wc56RBhBc-ySQW9r58XLZvO2Wl4VmjzydYuhPgrI','2024-09-14 14:18:19.163749');
INSERT INTO django_session VALUES('v5s0f4zcra9v65dfn2dsar21ks2wh81e','.eJxVjE0OwiAQhe_C2hCgBUZ3ehEyDkNobGgisDLeXWq60ORt3vd-XiJgbzn0ys-wRHER1ojTL7wjPbjsCa7rjiUSbb00-e0ccZXX4bi0hbAtW7kdq7-rjDWPH_B4psgGaAaOqFMCDU6ZyF5ZRHYwpTn6SVurtDaoDcMQuIkG9V68P-28PCk:1skPQ8:Rsgkf5-iDkMzWRfK9Sm8KjJd3gt15c-69Rzu0Cw7vCg','2024-09-14 14:49:44.750520');
INSERT INTO django_session VALUES('qxfy38r934mqae0ti7w2dlx7327tvy9l','.eJxVjE0OwiAQhe_C2hCgBUZ3ehEyDkNobGgisDLeXWq60ORt3vd-XiJgbzn0ys-wRHER1ojTL7wjPbjsCa7rjiUSbb00-e0ccZXX4bi0hbAtW7kdq7-rjDWPH_B4psgGaAaOqFMCDU6ZyF5ZRHYwpTn6SVurtDaoDcMQuIkG9V68P-28PCk:1skPeJ:Pkd263TwGQOAUQOy4fWmXujkw6xgx523Nyb_KBUuGmY','2024-09-14 15:04:23.789841');
INSERT INTO django_session VALUES('i4qu65kuvlftz2c2y3cpywvvn10mzrau','.eJxVjE0OwiAQhe_C2hCgBUZ3ehEyDkNobGgisDLeXWq60ORt3vd-XiJgbzn0ys-wRHER1ojTL7wjPbjsCa7rjiUSbb00-e0ccZXX4bi0hbAtW7kdq7-rjDWPH_B4psgGaAaOqFMCDU6ZyF5ZRHYwpTn6SVurtDaoDcMQuIkG9V68P-28PCk:1skQ22:eLPyck_mZbQfDEgrvrx-opGpHqKwqM1_BoYneTwVLKU','2024-09-14 15:28:54.174253');
INSERT INTO django_session VALUES('mxc46exaaq19z3auhiif30s7ghgiqp7i','.eJxVjE0OwiAQhe_C2hCgBUZ3ehEyDkNobGgisDLeXWq60ORt3vd-XiJgbzn0ys-wRHER1ojTL7wjPbjsCa7rjiUSbb00-e0ccZXX4bi0hbAtW7kdq7-rjDWPH_B4psgGaAaOqFMCDU6ZyF5ZRHYwpTn6SVurtDaoDcMQuIkG9V68P-28PCk:1skXRo:2IrcNvjQ-K_omHUCD1P_ewLXVG9IKovbrKsVrW53JM8','2024-09-14 23:24:00.670648');
INSERT INTO django_session VALUES('8q5hgy481zuf99m8v97qcc2lo6yidkml','.eJwNyttugjAAANB_6TMsKxe1vGEQmSsoTONlWZqmFsUxbi1SIPz7fD5nBKJkGc0pY2VbSCIklVwAZwSD9wmxwvGlf69V2q2A8z2CqikZFy8HeXnLCqCBK5UUOEWb5xqofhknrLxy8uRNlma8ecXjQ-_O2w1vjbUIhzYjndp9BZjVCZa7Rjdu7p9H7puA9pZC1nYFCWJEj7rENR_MjudFvYz3h_4wqz5g6rYuSmu4OK5PTxiF3n04-xL3vaHsy2mfRAzTUASG66vK1P0liVIBJg3ODRtaM2Qab7a5QNBGP9P0D6J2Uyg:1skXWW:InylJ2_EF_CaKZjyH3-3cEAehruF6vL1G4qnVQ2wydk','2024-09-14 23:28:52.542463');
INSERT INTO django_session VALUES('is0jkr3ed8qih6620l577zqnwd4d155h','.eJwNyttqgzAAANB_ybMb3uLtTbuOdEq9lVYYQ9IYbaYkYjRSxH9vn8_ZgBSE4QETIhY-13LGM5Ug2EAWZ_GpjOANPeb8SiMQ_G5gnASh8u1gEB3jQAMNnjEI-DIMGhh7QmsiGlorOrGW0ekdZXFc7-0xTh8LbyzCS2yFpV593FBtZ5Tq6JQXZuKvespt7HcVO1TOuQy_7Omn9fuB9Mv9oizo8aI9P5P0yViqXAd6NDdK2_OvKlwPkU7-oUBjItV3LVieupFCMTIvXbSAXTNcExq241vWp-55EJrwb99fr1lRqA:1skXWX:Ct-OrqGq2gXOPyUIJ5eNPyItqpVBb57PVhGBWZbe5Eo','2024-09-14 23:28:53.090286');
INSERT INTO django_session VALUES('nltns8u1ucztbh80f48uu331bpc67cp4','.eJxVjE0OwiAQhe_C2hCgBUZ3ehEyDkNobGgisDLeXWq60ORt3vd-XiJgbzn0ys-wRHER1ojTL7wjPbjsCa7rjiUSbb00-e0ccZXX4bi0hbAtW7kdq7-rjDWPH_B4psgGaAaOqFMCDU6ZyF5ZRHYwpTn6SVurtDaoDcMQuIkG9V68P-28PCk:1skZLb:wq4nZ6veA0VRmrUL3MIldsfS4yYNu--QRu-nQybuWTQ','2024-09-15 01:25:43.293418');
INSERT INTO django_session VALUES('e4c53jryin20c95iktjkq01a5s4taofl','.eJxVjE0OwiAQhe_C2hCgBUZ3ehEyDkNobGgisDLeXWq60ORt3vd-XiJgbzn0ys-wRHER1ojTL7wjPbjsCa7rjiUSbb00-e0ccZXX4bi0hbAtW7kdq7-rjDWPH_B4psgGaAaOqFMCDU6ZyF5ZRHYwpTn6SVurtDaoDcMQuIkG9V68P-28PCk:1skdyW:Scg7UtWeBTrriI5CLXVQi2QX_d0vRegEb3P0OM71mm4','2024-09-15 06:22:12.640236');
INSERT INTO django_session VALUES('hzft9n06o5yqjwgi9k5iuh5sn65u4ltb','.eJxVjE0OwiAQhe_C2hCgBUZ3ehEyDkNobGgisDLeXWq60ORt3vd-XiJgbzn0ys-wRHER1ojTL7wjPbjsCa7rjiUSbb00-e0ccZXX4bi0hbAtW7kdq7-rjDWPH_B4psgGaAaOqFMCDU6ZyF5ZRHYwpTn6SVurtDaoDcMQuIkG9V68P-28PCk:1ske66:8UpOimFifmXC0Y-PZZ8vIZEH_1Yzb1B8ZChMd0kBYHs','2024-09-15 06:30:02.751280');
INSERT INTO django_session VALUES('xooribzwb0g9lnqjr3m8ntioiaroboxg','.eJxVjE0OwiAQhe_C2hCgBUZ3ehEyDkNobGgisDLeXWq60ORt3vd-XiJgbzn0ys-wRHER1ojTL7wjPbjsCa7rjiUSbb00-e0ccZXX4bi0hbAtW7kdq7-rjDWPH_B4psgGaAaOqFMCDU6ZyF5ZRHYwpTn6SVurtDaoDcMQuIkG9V68P-28PCk:1skeRp:9K6zxgbKGqK4iZ4TDW3bY-_soCwwBxyHbLRQjQq-Nc0','2024-09-15 06:52:29.586705');
INSERT INTO django_session VALUES('tfwntdx7dsiq7j41oq3ldntqu0srfq4p','.eJxVjE0OwiAQhe_C2hCgBUZ3ehEyDkNobGgisDLeXWq60ORt3vd-XiJgbzn0ys-wRHER1ojTL7wjPbjsCa7rjiUSbb00-e0ccZXX4bi0hbAtW7kdq7-rjDWPH_B4psgGaAaOqFMCDU6ZyF5ZRHYwpTn6SVurtDaoDcMQuIkG9V68P-28PCk:1skekn:eo44p4uPaAfRuTHy6WBnY0ELj2YUy1TLcv5hI_T8yGE','2024-09-15 07:12:05.467461');
INSERT INTO django_session VALUES('4bomximxonchiqwpxvgfrznk32ikrpmb','.eJxVjE0OwiAQhe_C2hCgBUZ3ehEyDkNobGgisDLeXWq60ORt3vd-XiJgbzn0ys-wRHER1ojTL7wjPbjsCa7rjiUSbb00-e0ccZXX4bi0hbAtW7kdq7-rjDWPH_B4psgGaAaOqFMCDU6ZyF5ZRHYwpTn6SVurtDaoDcMQuIkG9V68P-28PCk:1skkC8:Cdhr0LRKNBupnv7T3qtQOKcahXXLP5sRgYot10jRhIA','2024-09-15 13:00:40.310417');
INSERT INTO django_session VALUES('r8tt4bvlzjnr9zy4btuoob976di56w4o','.eJxVjE0OwiAQhe_C2hCgBUZ3ehEyDkNobGgisDLeXWq60ORt3vd-XiJgbzn0ys-wRHER1ojTL7wjPbjsCa7rjiUSbb00-e0ccZXX4bi0hbAtW7kdq7-rjDWPH_B4psgGaAaOqFMCDU6ZyF5ZRHYwpTn6SVurtDaoDcMQuIkG9V68P-28PCk:1skkWx:JtTTq5lp38Ayp6HTBXih1Jyt9Iuac9UgxnASIKR_iuQ','2024-09-15 13:22:11.089486');
INSERT INTO django_session VALUES('tf20878x4ckvo1afaca06y5iq1g8f9mx','.eJxVjE0OwiAQhe_C2hCgBUZ3ehEyDkNobGgisDLeXWq60ORt3vd-XiJgbzn0ys-wRHER1ojTL7wjPbjsCa7rjiUSbb00-e0ccZXX4bi0hbAtW7kdq7-rjDWPH_B4psgGaAaOqFMCDU6ZyF5ZRHYwpTn6SVurtDaoDcMQuIkG9V68P-28PCk:1skklX:kcnDDOLbvORyHo7IcA4K7KRG3FEeoT-AoNYboCMsxOc','2024-09-15 13:37:15.263571');
INSERT INTO django_session VALUES('gpup787n7wvmvqxkpjs05q13wk497xzh','.eJxVjE0OwiAQhe_C2hCgBUZ3ehEyDkNobGgisDLeXWq60ORt3vd-XiJgbzn0ys-wRHER1ojTL7wjPbjsCa7rjiUSbb00-e0ccZXX4bi0hbAtW7kdq7-rjDWPH_B4psgGaAaOqFMCDU6ZyF5ZRHYwpTn6SVurtDaoDcMQuIkG9V68P-28PCk:1sklBq:8RkCT7IS6wPMoDO7m5Jid2p9n5FyflxEpcJqtOHuWW8','2024-09-15 14:04:26.138544');
INSERT INTO django_session VALUES('039mz3jli20xsoilcipqwx8ps6311go8','.eJxVjE0OwiAQhe_C2hCgBUZ3ehEyDkNobGgisDLeXWq60ORt3vd-XiJgbzn0ys-wRHER1ojTL7wjPbjsCa7rjiUSbb00-e0ccZXX4bi0hbAtW7kdq7-rjDWPH_B4psgGaAaOqFMCDU6ZyF5ZRHYwpTn6SVurtDaoDcMQuIkG9V68P-28PCk:1sklDK:poLOYe87RYjMe8Zs_nP_wExD7fVWRyDfXAUh82jVboo','2024-09-15 14:05:58.251353');
INSERT INTO django_session VALUES('9usmn10xhhg302t3r4lw0w269fgvued8','.eJxVjE0OwiAQhe_C2hCgBUZ3ehEyDkNobGgisDLeXWq60ORt3vd-XiJgbzn0ys-wRHER1ojTL7wjPbjsCa7rjiUSbb00-e0ccZXX4bi0hbAtW7kdq7-rjDWPH_B4psgGaAaOqFMCDU6ZyF5ZRHYwpTn6SVurtDaoDcMQuIkG9V68P-28PCk:1sklJ5:AiUJCT0BAoi5tMA60IqL-PZDcHfLugKen3bDySLdhd0','2024-09-15 14:11:55.353837');
INSERT INTO django_session VALUES('6o4dpk6vfsl7jfdbm0tf4myiksplbvzm','.eJxVjE0OwiAQhe_C2hCgBUZ3ehEyDkNobGgisDLeXWq60ORt3vd-XiJgbzn0ys-wRHER1ojTL7wjPbjsCa7rjiUSbb00-e0ccZXX4bi0hbAtW7kdq7-rjDWPH_B4psgGaAaOqFMCDU6ZyF5ZRHYwpTn6SVurtDaoDcMQuIkG9V68P-28PCk:1sklr5:0BmAWCm4sqwqQbQcTMktzo9JsQXUm8GTnH234romzcs','2024-09-15 14:47:03.750148');
INSERT INTO django_session VALUES('zxyh2t8ljqj8xp6qsrnad9faxo2je12d','.eJxVjE0OwiAQhe_C2hCgBUZ3ehEyDkNobGgisDLeXWq60ORt3vd-XiJgbzn0ys-wRHER1ojTL7wjPbjsCa7rjiUSbb00-e0ccZXX4bi0hbAtW7kdq7-rjDWPH_B4psgGaAaOqFMCDU6ZyF5ZRHYwpTn6SVurtDaoDcMQuIkG9V68P-28PCk:1sklsz:E5uCdDUotwn2N2gkNu7ZGC-ts_R1lcC8GfXSpMU5xKY','2024-09-15 14:49:01.341074');
INSERT INTO django_session VALUES('eg8182u34jtkgnifc5mv5ibkzezteuor','.eJxVjE0OwiAQhe_C2hCgBUZ3ehEyDkNobGgisDLeXWq60ORt3vd-XiJgbzn0ys-wRHER1ojTL7wjPbjsCa7rjiUSbb00-e0ccZXX4bi0hbAtW7kdq7-rjDWPH_B4psgGaAaOqFMCDU6ZyF5ZRHYwpTn6SVurtDaoDcMQuIkG9V68P-28PCk:1skv0w:hBAivUgBodwCLNoxPmiJRlx75j0E85C5TteXMPcbSsQ','2024-09-16 00:33:50.019388');
INSERT INTO django_session VALUES('kojlmergh0yc36ps921i91aeeea251l3','.eJxVjE0OwiAQhe_C2hCgBUZ3ehEyDkNobGgisDLeXWq60ORt3vd-XiJgbzn0ys-wRHER1ojTL7wjPbjsCa7rjiUSbb00-e0ccZXX4bi0hbAtW7kdq7-rjDWPH_B4psgGaAaOqFMCDU6ZyF5ZRHYwpTn6SVurtDaoDcMQuIkG9V68P-28PCk:1skv7E:bEKwy6Yk9kMKURUScRwAv63-u33QQYZ4VyKBfn7_eZI','2024-09-16 00:40:20.108281');
INSERT INTO django_session VALUES('n75sw2b6r8yylvlrjkvljma8nh42km5e','.eJxVjE0OwiAQhe_C2hCgBUZ3ehEyDkNobGgisDLeXWq60ORt3vd-XiJgbzn0ys-wRHER1ojTL7wjPbjsCa7rjiUSbb00-e0ccZXX4bi0hbAtW7kdq7-rjDWPH_B4psgGaAaOqFMCDU6ZyF5ZRHYwpTn6SVurtDaoDcMQuIkG9V68P-28PCk:1sl1bn:fqkk0WWLRAESaUclC5GGKpS5JhqoFtiWh9KiUns1ABI','2024-09-16 07:36:19.006850');
INSERT INTO django_session VALUES('0tgx80kiwjdhcd80jed7qikacdvw0o24','.eJxVjE0OwiAQhe_C2hCgBUZ3ehEyDkNobGgisDLeXWq60ORt3vd-XiJgbzn0ys-wRHER1ojTL7wjPbjsCa7rjiUSbb00-e0ccZXX4bi0hbAtW7kdq7-rjDWPH_B4psgGaAaOqFMCDU6ZyF5ZRHYwpTn6SVurtDaoDcMQuIkG9V68P-28PCk:1sl1ds:CGyYqCV-hVMfeKscZfj_Z9rJyZRp37bkp_RKYLFZrQs','2024-09-16 07:38:28.644661');
INSERT INTO django_session VALUES('tese609ged8d5pos1j6zjx9s7tvgf9hg','.eJxVjE0OwiAQhe_C2hCgBUZ3ehEyDkNobGgisDLeXWq60ORt3vd-XiJgbzn0ys-wRHER1ojTL7wjPbjsCa7rjiUSbb00-e0ccZXX4bi0hbAtW7kdq7-rjDWPH_B4psgGaAaOqFMCDU6ZyF5ZRHYwpTn6SVurtDaoDcMQuIkG9V68P-28PCk:1sl1ia:i7YpwZ6puC4DIZZzQ7I-1037pQcTjUu3No6U6BkSS0I','2024-09-16 07:43:20.408731');
INSERT INTO django_session VALUES('v2pwek8xrqz87105piz8p4lcquogdorf','.eJxVjE0OwiAQhe_C2hCgBUZ3ehEyDkNobGgisDLeXWq60ORt3vd-XiJgbzn0ys-wRHER1ojTL7wjPbjsCa7rjiUSbb00-e0ccZXX4bi0hbAtW7kdq7-rjDWPH_B4psgGaAaOqFMCDU6ZyF5ZRHYwpTn6SVurtDaoDcMQuIkG9V68P-28PCk:1sl2Mo:OctNkeUz3OMDOMOB7iMrvseWumL1VvF1pad7JtazYdE','2024-09-16 08:24:54.638550');
INSERT INTO django_session VALUES('3pz07b38grp3v6d5te0mjpo8ql3erqyp','.eJxVjE0OwiAQhe_C2hCgBUZ3ehEyDkNobGgisDLeXWq60ORt3vd-XiJgbzn0ys-wRHER1ojTL7wjPbjsCa7rjiUSbb00-e0ccZXX4bi0hbAtW7kdq7-rjDWPH_B4psgGaAaOqFMCDU6ZyF5ZRHYwpTn6SVurtDaoDcMQuIkG9V68P-28PCk:1sl2Pw:d3ZyNoqHxy3vjJdgBRw-2fg4j3ygjmrjQGqG79ZRjr0','2024-09-16 08:28:08.395869');
INSERT INTO django_session VALUES('yuruv8d82asu7etvb27av9bqc5vmwprt','.eJxVjE0OwiAQhe_C2hCgBUZ3ehEyDkNobGgisDLeXWq60ORt3vd-XiJgbzn0ys-wRHER1ojTL7wjPbjsCa7rjiUSbb00-e0ccZXX4bi0hbAtW7kdq7-rjDWPH_B4psgGaAaOqFMCDU6ZyF5ZRHYwpTn6SVurtDaoDcMQuIkG9V68P-28PCk:1sl2UF:jYvxDJBtpbJOFsMS7_BScCHR94ku75SyFqjqSgH1ze4','2024-09-16 08:32:35.619588');
INSERT INTO django_session VALUES('01cjbulb9us4l87go36r6dv05dbp8zn3','.eJxVjE0OwiAQhe_C2hCgBUZ3ehEyDkNobGgisDLeXWq60ORt3vd-XiJgbzn0ys-wRHER1ojTL7wjPbjsCa7rjiUSbb00-e0ccZXX4bi0hbAtW7kdq7-rjDWPH_B4psgGaAaOqFMCDU6ZyF5ZRHYwpTn6SVurtDaoDcMQuIkG9V68P-28PCk:1sl3ar:Ad0cdICqlAIH5w-HJ9AzoLpIoFPDyptn-4xEVs1lL5k','2024-09-16 09:43:29.577630');
INSERT INTO django_session VALUES('351p1f89hjyq12qpbmovxaaxsbs6apz2','.eJxVjE0OwiAQhe_C2hCgBUZ3ehEyDkNobGgisDLeXWq60ORt3vd-XiJgbzn0ys-wRHER1ojTL7wjPbjsCa7rjiUSbb00-e0ccZXX4bi0hbAtW7kdq7-rjDWPH_B4psgGaAaOqFMCDU6ZyF5ZRHYwpTn6SVurtDaoDcMQuIkG9V68P-28PCk:1sl4vc:jY4Yyy_-lw_MEIQK5_a17z2jlO1_buUReDw29tI2jbQ','2024-09-16 11:09:00.515616');
INSERT INTO django_session VALUES('xtoabmdfxslvbkbl16dh0x6dyhtogr41','.eJxVjE0OwiAQhe_C2hCgBUZ3ehEyDkNobGgisDLeXWq60ORt3vd-XiJgbzn0ys-wRHER1ojTL7wjPbjsCa7rjiUSbb00-e0ccZXX4bi0hbAtW7kdq7-rjDWPH_B4psgGaAaOqFMCDU6ZyF5ZRHYwpTn6SVurtDaoDcMQuIkG9V68P-28PCk:1sl5AC:hXZ42O8ZTmwIWOiilo5FX6zxSnlcJAqPnC357lpRzAI','2024-09-16 11:24:04.895909');
INSERT INTO django_session VALUES('mfxp4qdt2577hgfkgdoninqvyhe8j124','.eJxVjE0OwiAQhe_C2hCgBUZ3ehEyDkNobGgisDLeXWq60ORt3vd-XiJgbzn0ys-wRHER1ojTL7wjPbjsCa7rjiUSbb00-e0ccZXX4bi0hbAtW7kdq7-rjDWPH_B4psgGaAaOqFMCDU6ZyF5ZRHYwpTn6SVurtDaoDcMQuIkG9V68P-28PCk:1sl6CQ:cYOnie7oDO9X3ST5sUAzaZn0ygT6i6NCV0e0rvaSoQY','2024-09-16 12:30:26.029236');
INSERT INTO django_session VALUES('oc0h7nf920l17nd4wkmkmdu9pfpi19qx','.eJxVjE0OwiAQhe_C2hCgBUZ3ehEyDkNobGgisDLeXWq60ORt3vd-XiJgbzn0ys-wRHER1ojTL7wjPbjsCa7rjiUSbb00-e0ccZXX4bi0hbAtW7kdq7-rjDWPH_B4psgGaAaOqFMCDU6ZyF5ZRHYwpTn6SVurtDaoDcMQuIkG9V68P-28PCk:1sl6Ij:dhd7t_1AxL8r8fDxAQHwZ-2jAgSZLZhHzEN0GOzLwSQ','2024-09-16 12:36:57.711026');
INSERT INTO django_session VALUES('z8mqntj0ovfvvkmc9lamm8dxaz1ysogs','.eJxVjE0OwiAQhe_C2hCgBUZ3ehEyDkNobGgisDLeXWq60ORt3vd-XiJgbzn0ys-wRHER1ojTL7wjPbjsCa7rjiUSbb00-e0ccZXX4bi0hbAtW7kdq7-rjDWPH_B4psgGaAaOqFMCDU6ZyF5ZRHYwpTn6SVurtDaoDcMQuIkG9V68P-28PCk:1sl6eA:8cYnE0CZWspm63rixTddMwvTsSKmJbW31uk7qGTJIpQ','2024-09-16 12:59:06.418166');
INSERT INTO django_session VALUES('u2zf79bl16vo7itzb9ctud2je5vprm8l','.eJxVjE0OwiAQhe_C2hCgBUZ3ehEyDkNobGgisDLeXWq60ORt3vd-XiJgbzn0ys-wRHER1ojTL7wjPbjsCa7rjiUSbb00-e0ccZXX4bi0hbAtW7kdq7-rjDWPH_B4psgGaAaOqFMCDU6ZyF5ZRHYwpTn6SVurtDaoDcMQuIkG9V68P-28PCk:1sl7Fb:D4Sh2x5y16dDq0H90vmMWzmTTHD6oSoB_uuIYAHRnjI','2024-09-16 13:37:47.377100');
INSERT INTO django_session VALUES('21kxlu63urnmbdrrrf3xr3r8xwidqo5e','.eJxVjE0OwiAQhe_C2hCgBUZ3ehEyDkNobGgisDLeXWq60ORt3vd-XiJgbzn0ys-wRHER1ojTL7wjPbjsCa7rjiUSbb00-e0ccZXX4bi0hbAtW7kdq7-rjDWPH_B4psgGaAaOqFMCDU6ZyF5ZRHYwpTn6SVurtDaoDcMQuIkG9V68P-28PCk:1sl7cD:Cg1Owb6t2bsWpaWg1hGZ-2Xty-o0x3UkO7CO8je2yJ0','2024-09-16 14:01:09.205426');
INSERT INTO django_session VALUES('xhoy16njzn9jfq3vgcsn7b1ktcsgy90h','.eJxVjE0OwiAQhe_C2hCgBUZ3ehEyDkNobGgisDLeXWq60ORt3vd-XiJgbzn0ys-wRHER1ojTL7wjPbjsCa7rjiUSbb00-e0ccZXX4bi0hbAtW7kdq7-rjDWPH_B4psgGaAaOqFMCDU6ZyF5ZRHYwpTn6SVurtDaoDcMQuIkG9V68P-28PCk:1sl7tL:lc8UpZK6uWnyfOiucLoy2y-CPYeX1aW1uy90OoY5dDk','2024-09-16 14:18:51.495952');
INSERT INTO django_session VALUES('8k1cf5c864hwtbqk6i41y5fgp7s5g3j9','.eJxVjE0OwiAQhe_C2hCgBUZ3ehEyDkNobGgisDLeXWq60ORt3vd-XiJgbzn0ys-wRHER1ojTL7wjPbjsCa7rjiUSbb00-e0ccZXX4bi0hbAtW7kdq7-rjDWPH_B4psgGaAaOqFMCDU6ZyF5ZRHYwpTn6SVurtDaoDcMQuIkG9V68P-28PCk:1sl7zS:-viwEt-ofkZFhZ4Dw9Qv0q7LVReZ9YeXeacilNy5G1I','2024-09-16 14:25:10.119768');
INSERT INTO django_session VALUES('qttwpb3jmxdaqs0twodliir8qeu94pxy','.eJxVjE0OwiAQhe_C2hCgBUZ3ehEyDkNobGgisDLeXWq60ORt3vd-XiJgbzn0ys-wRHER1ojTL7wjPbjsCa7rjiUSbb00-e0ccZXX4bi0hbAtW7kdq7-rjDWPH_B4psgGaAaOqFMCDU6ZyF5ZRHYwpTn6SVurtDaoDcMQuIkG9V68P-28PCk:1sl80S:n7BKqIY2OX1FvfjO6wQeKQo-8cEoS32KRFgxYojCBhE','2024-09-16 14:26:12.699998');
INSERT INTO django_session VALUES('cwiamjalu1k50ee3dnjb4efh3dvkomfp','.eJxVj0FuhDAMRe_iNUKJQ0jCrr1GVSFjwoBKSUVCN4i7N8zQBZIX1vf_z_YOMfBEMzGHbUltTJR8hGY_CvjXaEujX9LElKawtN8-jaHPno8dXj00dwrkbIJGGtRonbNYVlqo2hTws4bfqfdrTjxCeMw-W7fpBEghq1xoa7TCSUSjagHHZwHP_e0W_dq-nApuYkf85ZdzQvN8yuV1Rvn0XONYvt3eeL9SN9RIccwcFOwcC1f3lrpKONGzGVylJSrV666zbAShMpIRvSbuKo00DEqRZqyZ4PgDy5dwRA:1sl8jm:_WUMgM1T2cYymYKucfv33Df3Pgt-YLzWrGgySPOv_jc','2024-09-16 15:13:02.478968');
INSERT INTO django_session VALUES('ez9fwhoi24wqcbuiawk2b9u2ge7ajxpw','.eJxVjE0OwiAQhe_C2hCgBUZ3ehEyDkNobGgisDLeXWq60ORt3vd-XiJgbzn0ys-wRHER1ojTL7wjPbjsCa7rjiUSbb00-e0ccZXX4bi0hbAtW7kdq7-rjDWPH_B4psgGaAaOqFMCDU6ZyF5ZRHYwpTn6SVurtDaoDcMQuIkG9V68P-28PCk:1sl97D:zmEmO3Be_J9KQ4N-dlc2b-JzykfdtHf9_XLH1CoqpsE','2024-09-16 15:37:15.656884');
INSERT INTO django_session VALUES('z2wdz0loceatc181fa8ig5a16j22jkjm','.eJxVjMEKwyAQRP_Fc5FoErf21vyIbNYVpcFA1VPpvzeWHNrLwMybmZdw2Gp0rfDTJS9uYhaX32xFenDuALetxxKJ9par_HZOXOT9cJxrIqxpz8u5-ruKWOLxQzZYUGjA6MCTRfCIZrTWmwGGLuPsJ1jZK1ZEWgfUSgEwBUa-Ki3eH8GHPLE:1sl9HI:udfVTIACjf7QrZORvxc-IWay9g_xL8iwd8aBWjDTe38','2024-09-16 15:47:40.424913');
INSERT INTO django_session VALUES('i67loxc3fzybu0610qj3m2r6tcu1xcj4','.eJxVjE0OwiAQhe_C2hCgBUZ3ehEyDkNobGgisDLeXWq60ORt3vd-XiJgbzn0ys-wRHER1ojTL7wjPbjsCa7rjiUSbb00-e0ccZXX4bi0hbAtW7kdq7-rjDWPH_B4psgGaAaOqFMCDU6ZyF5ZRHYwpTn6SVurtDaoDcMQuIkG9V68P-28PCk:1slFZD:6LZebsBxMUf0XX2KB9__K94SQievNtdzsQ8J4EPlDa8','2024-09-16 22:30:35.689207');
INSERT INTO django_session VALUES('mplf9kh15vdk9505n7pswhn6jgqxpmb5','.eJxVjE0OwiAQhe_C2hCgBUZ3ehEyDkNobGgisDLeXWq60ORt3vd-XiJgbzn0ys-wRHER1ojTL7wjPbjsCa7rjiUSbb00-e0ccZXX4bi0hbAtW7kdq7-rjDWPH_B4psgGaAaOqFMCDU6ZyF5ZRHYwpTn6SVurtDaoDcMQuIkG9V68P-28PCk:1slFzm:lj5OsGi8t1TICg667uteSkcstXlJiJRIRv1ZF0Lzc-E','2024-09-16 22:58:02.861012');
INSERT INTO django_session VALUES('1nopa80no152qwlsbx7byrbc17us8cvk','.eJxVjE0OwiAQhe_C2hCgBUZ3ehEyDkNobGgisDLeXWq60ORt3vd-XiJgbzn0ys-wRHER1ojTL7wjPbjsCa7rjiUSbb00-e0ccZXX4bi0hbAtW7kdq7-rjDWPH_B4psgGaAaOqFMCDU6ZyF5ZRHYwpTn6SVurtDaoDcMQuIkG9V68P-28PCk:1slGFy:yAf_oLmlUPS2Tybv3IJCAoXxSCk--3vrt9rQFou7ba4','2024-09-16 23:14:46.402056');
INSERT INTO django_session VALUES('enwgppnpbuykfm9crx1rqz5yy8xrmy75','.eJxVkF9vgjAUxb9Ln5mxYGn1DTf_bbBNZ6ZuWcilFEGwVVpQZ_zuw8UXk_tyf-fck5N7RlrxDArgXFXShNqAERr1zogPPW3mAROjrf92TI-o931Gu1JxoRsdFWqdSWShGAygnqyKwkK7nIuQq1iEtSizJBNlY6xqfnouV1HeHfrjnZrNpK9OwWEyGQaBSdZTDCTC5XG88-RbJX-rl9U-mz9-DT6UP14vVnXg5xv7uCj3OnkdBNMyD-edMYV3ul2cvA1ervvOVsb1J5-Sevs0wifusjCtB4eo9mbL5QO6WJjaxMFdl9AWpXa3TX4uFgqhMmlYaVGGWdz0JDa6gxHwXMirAkVxxa3bj1r_npusW16zCWkyDiZTsn-7uotKQadNDqPQ5bGwGe8wEQNOEoaZ27ZjQdsEQLjMSToxdTAhbYxtwLZgzTDX4Q2lFF3-AAS9kM0:1slGSf:SBt0VktMMiLY6LCgFZGfMn6MDyF9ntIqd0vPk4LpC6c','2024-09-16 23:27:53.751315');
INSERT INTO django_session VALUES('fx2l6jasqsm1fv3t6uozfzs79j10hv7p','.eJxVjE0OwiAQhe_C2hCgBUZ3ehEyDkNobGgisDLeXWq60ORt3vd-XiJgbzn0ys-wRHER1ojTL7wjPbjsCa7rjiUSbb00-e0ccZXX4bi0hbAtW7kdq7-rjDWPH_B4psgGaAaOqFMCDU6ZyF5ZRHYwpTn6SVurtDaoDcMQuIkG9V68P-28PCk:1slGWc:FV5g-B0ES9Fqq6x1-h58hXqvNwfiQVGYDF7KA6SzzmA','2024-09-16 23:31:58.236264');
INSERT INTO django_session VALUES('hngrwulkjpb9nlwv87eafat3m2vj19je','.eJxVjE0OwiAQhe_C2hCgBUZ3ehEyDkNobGgisDLeXWq60ORt3vd-XiJgbzn0ys-wRHER1ojTL7wjPbjsCa7rjiUSbb00-e0ccZXX4bi0hbAtW7kdq7-rjDWPH_B4psgGaAaOqFMCDU6ZyF5ZRHYwpTn6SVurtDaoDcMQuIkG9V68P-28PCk:1slPwc:RrnbQC2mWcn2UggBxfmVM79JEmujmG_U4ampnUo-oTs','2024-09-17 09:35:26.053396');
INSERT INTO django_session VALUES('cb5nidiptyyza90l9fh7uwvkbclql4uz','.eJxVjE0OwiAQhe_C2hCgBUZ3ehEyDkNobGgisDLeXWq60ORt3vd-XiJgbzn0ys-wRHER1ojTL7wjPbjsCa7rjiUSbb00-e0ccZXX4bi0hbAtW7kdq7-rjDWPH_B4psgGaAaOqFMCDU6ZyF5ZRHYwpTn6SVurtDaoDcMQuIkG9V68P-28PCk:1slQN8:70WH7v458YU74dCyutWRVdoQ_rryqc0mPjitqvp_VpM','2024-09-17 10:02:50.883414');
INSERT INTO django_session VALUES('beh1tvamfrpph70s6thrddxsdw3vkffe','.eJxVjE0OwiAQhe_C2hCgBUZ3ehEyDkNobGgisDLeXWq60ORt3vd-XiJgbzn0ys-wRHER1ojTL7wjPbjsCa7rjiUSbb00-e0ccZXX4bi0hbAtW7kdq7-rjDWPH_B4psgGaAaOqFMCDU6ZyF5ZRHYwpTn6SVurtDaoDcMQuIkG9V68P-28PCk:1slRKJ:cmLgMECrSCU-p5YMpq--evkOj-_n8Lq8j-YH__umHdg','2024-09-17 11:03:59.380089');
INSERT INTO django_session VALUES('gbpvbktmdrdeqyaxpu62bbwmh3jnbi4c','.eJwNyt1OgzAAQOF36TUY_joIdyKWRd2cC5BFYwgrBVqwrbQw04V3l7uTfOcOlMC0HmuMxcx1pXStiQLxHdyOLxP2mEv5csoR_AHx1x3ISWCiNgej6CgHFmhqXYOYz-NoATlgUmHRkGohE20pmbZxr-eSXd6g02cS2U8O66upE8eSHx71YuAtv9ABBoXmW7OQoWta_uJX11Vm156lGhJPLH9diFLynJ9Nm9kqS33Z7yTRV2TMqfG1G-0_bfGhSJLgQr8fElh0zLRhYgvEwWq5oQf9yIGB9-AEkR8G3ve6_gPyuFRP:1slWIQ:EvVQmsQ-B47IARoHXe-MWdHkDhYFMWJVUlXOtcQfbCg','2024-09-17 16:22:22.050242');
INSERT INTO django_session VALUES('708y94kgumkrg1ksq7eclx91s88qi8my','.eJwNym1zQzAAAOD_ks9uhw7j4667Q70Vo7XbuSxSyZhokmpx_vv6-XlWIBiisIcIsdsgayGhxAI4Kwg_6RQOZxQlOtGKcQHO1wpGzhAWTwc9a-kAFNBACYEz3PpeAWOHcI1Yg-sJc3qhmD_jAR1D7EbYL_fh0Wv13CO8yv3H76mLGQlk24wnNPK3YD7Qc_vei9xYSoKzifpdbQZeWpjp3bsm7kOv_oyk9JMaz0l0XzLTvQaY7Dhs4kKTM48yuhiX4MMgaUV-RFsJjGIbbIpm6cbOVi1Lf7FsVbXt1-9t-wdKslWg:1slYxQ:Gs2ML_j6bx7aW8nvhY6wLtxDZLHiCN9itZtwfwduqpc','2024-09-17 19:12:52.791749');
INSERT INTO django_session VALUES('yirbg1blbafuqtqbgxzxssvgiz9qtayj','.eJxVjMEOgyAQRP9lz8YIVhBv7Y-QdVkiKcWkYC_Gf6829uBx3sy8FfJMASMSzUsqNhcsnGFYtwr-7MPv4AM7yy8MEYa0xFiBxaVMdsn8tsHBAKqFCxyRnpyOBmM8cH366t_mrHN93xOnEghLmNPjfF1UE-Zp97Tey163o2BF0qPXRkhhOoOu7ztSnrRTKAVqdKa9dZ6JjW6cVIRCusbB9gWVcFJ7:1slhY6:OQge3_y2DhZeJjKyb-RsfON2O1XTQikuQT54EiTIqa4','2024-09-18 04:23:18.745237');
INSERT INTO django_session VALUES('0a1dmcq8erssqma2klt6x0kk2gnwcdgb','.eJxVjEsOgzAMRO_iNUJpyi_s2otEtmNE1DRIJHSDuHuhoguW82bmrZAm9hiQeVpitiljlgT9uhXwZx-Z_eDFWXmjD9DHJYQCLC55tEuS2XoHPTQVXCAhvyQeDYZw4PL0lb_NWafysSeJ2TNmP8Xn-bqoRkzj7rlppc1dISnUSDQ4PUjTOtMxKeeY70jO1LqiTkSrtu6aulLYsiY02hgF2xei0VJZ:1sljQx:BwU6ApVb1WzTu9grRkJLDALc8Ip56NDyyXyZsjLZrq8','2024-09-18 06:24:03.105123');
INSERT INTO django_session VALUES('hy0flvj4ucnxtcid9qbyxlgmu5b8exby','.eJxVjMEKwyAQRP_Fc5FoErf21vyIbNYVpcFA1VPpvzeWHNrLwMybmZdw2Gp0rfDTJS9uYhaX32xFenDuALetxxKJ9par_HZOXOT9cJxrIqxpz8u5-ruKWOLxQzZYUGjA6MCTRfCIZrTWmwGGLuPsJ1jZK1ZEWgfUSgEwBUa-Ki3eH8GHPLE:1slkU3:_OLcRglPsYmE_ZXEQKgK8XipycZ08py4wrON9rozJII','2024-09-18 07:31:19.869377');
INSERT INTO django_session VALUES('d684qgtxut3tt4my4t1oev0q6uzfmjo1','.eJxVjE0OwiAQhe_C2hCgBUZ3ehEyDkNobGgisDLeXWq60ORt3vd-XiJgbzn0ys-wRHER1ojTL7wjPbjsCa7rjiUSbb00-e0ccZXX4bi0hbAtW7kdq7-rjDWPH_B4psgGaAaOqFMCDU6ZyF5ZRHYwpTn6SVurtDaoDcMQuIkG9V68P-28PCk:1slpSc:KHsfosIZG3u5-WWv7dOUd6YQTe_9xGAipNOWxkULlcc','2024-09-18 12:50:10.104965');
INSERT INTO django_session VALUES('douctvpy92vc8xlwjvmchei2c352ng25','.eJydkktv4jAUhf-L14BiO4ltdrxSoIhHWyBkVEWOnReEOCQmoKn47xNoRxq2I3lh3XN8rr9rf4FKiZRnXAh1zrVfaa7DCnS_gPZWlvMSDU-D5cpNdwXo_voCRalEWDU6yFSc5qAFJNccdPNzlrVAcRChL5QM_Tos0ygNy8YoMV-8bNvjsedd1qrWJC7LEV47gRsMJmsyprmv5-S1dPgJOcvpjMjg0jst3jd46vUsMXwfbaWHq6ETbdYfl4OXTqnL9GLkrtrc2ai4jBa7k7Mb5bCoj_23gz2Uw2W4W-n3_eFjHi3BrQUJsixIKSEdRBCm6LMFFoMgqw_xBVL1OovuDP-H155gt3RIjK9JcFTjl4LVagVTJestd9vHq6zwfH9902Kwi-bTHt64SHJrHbDZ9ANa9u9ZP2BXwj0nuaJ23o6T-GjNtg5hxkWN99e6GFXKnIU-nZxRnxWrhpbu93g_YSNd7qb1P3jU6BCICEXm560F_r4oP-skzHUquE5V7h9DnShZPXC_9w3E0x9oqLkG3e9UZkC7YzOTQti6j6dO5QM7VirOwsZ6Tu8B0IBmsxC1ETUYRIhg2wC3Zs6P_v65Ckv_24nBUzHg4hDmd4Vn2b3c-blG5-H5katO7wmj_3PqKSrhVdLkIEMwJgxmS8oD02CGFCRipgURxtIKAiqIwREmUCAUWlwEpoV4FGHMLYFswcHtDzh1ARw:1sm6Js:DPcHPccaGCo7l5xt-tMCKLx5NBCjXecczy_oko3NDac','2024-09-19 06:50:16.726451');
INSERT INTO django_session VALUES('go8k6dbfzgdc6c6eevshobhhvtilfv0v','.eJxVjMEKwyAQRP_Fc5FoErf21vyIbNYVpcFA1VPpvzeWHNrLwMybmZdw2Gp0rfDTJS9uYhaX32xFenDuALetxxKJ9par_HZOXOT9cJxrIqxpz8u5-ruKWOLxQzZYUGjA6MCTRfCIZrTWmwGGLuPsJ1jZK1ZEWgfUSgEwBUa-Ki3eH8GHPLE:1smAWq:2rqd2tk4CSpAyDhYf2j3_GQw01xrWaGQlE4sUQ7jS9c','2024-09-19 11:19:56.990479');
INSERT INTO django_session VALUES('9f40w1tcdpnlvdldycxigut6na4dhezu','.eJxVjMsOwiAURP-FtWl40-tOf4RcLjQQG5oIrIz_bmu60OWcmTkv5nH07EdLT18iuzJr2OUXBqRHqkeD63rgCYm2Ufv03Zx1m257SrUXwl62ej9ff6qMLe8eKVxwYJYEigIZtygLWkhlBUgNnEc9u6g52og4xxCUJW2MDZCUkEIAe38Axh07lQ:1sojaH:_WWE3L8SJtuico_L-8d6-WQWjC75MVimZcVLXKZW-ys','2024-09-26 13:10:05.623760');
INSERT INTO django_session VALUES('ne4k7jaok24b1u5qn4791fpjjv2zhtqt','.eJxVjMEKwyAQRP_Fc5FoErf21vyIbNYVpcFA1VPpvzeWHNrLwMybmZdw2Gp0rfDTJS9uYhaX32xFenDuALetxxKJ9par_HZOXOT9cJxrIqxpz8u5-ruKWOLxQzZYUGjA6MCTRfCIZrTWmwGGLuPsJ1jZK1ZEWgfUSgEwBUa-Ki3eH8GHPLE:1smDBu:k6UT5Gt9Oq1cQY8SD5ejxa5J8ZptYmE39VyKrkoFrv8','2024-09-19 14:10:30.796731');
INSERT INTO django_session VALUES('ef9zzb62kz6urxiwxz1t86ox5qq5tymb','.eJwNitFugjAAAP-lz7AManHjTVmGRGHV4RZclqaU4qqVAi2IGv59vF3u7gG0YoJKypjqKkO0oYZr4D9ArY9xskhQijayPqEG-D-TbBXjeupAqqOogAUKaijwq05KC9RnxglTBSc9b0UpeDuNmMR02ZTrJrBzfIle7yhv7pfZx6CzwHadfUHgBkLs9LBgeDGcVirxCLbhNaQcdRlZDXS3TDPk8SpMo09d1Atx6OUe73ITtUK-3_Q2O3dBjG-m_jsg183bNFx_f201jt7yEoyWM3cRQtB5eX6Cs_mE3u84_gNjkVOv:1smFCu:LZx8TbWIOuEw2S2Fh8H9v4Dd2Xy5XHRpVmoJZIN7Xcc','2024-09-19 16:19:40.349842');
INSERT INTO django_session VALUES('8d31oyj5p0lnh2o2mn5a6r9oz7mvk7sd','.eJwNyslygjAAANB_yRk7ZV9uyt7WqFiKtdNh0hBbICZOAqgw_Hs9vzcByXGNKMKY96wrZYc6IoE3gSHY3bKzE7kr09i6LQPe1wQugmMiHw4o_60ZUECFOgQ81lOqgEuLSYl5RcqBiPpUE_GISO1fXwhMUt_vnHBRZ_we4D9nHx43YVT07x9Xkx7uhQhqmOSWKuO2HQ-VyMS4TctwLfGYUvizxMw329iF8UYLmWOPkXm0hk--za_5GhUNFHoD356z_WKZncs8OYmqoTvZuyswK6qtmaal6672pKqGY9jf8_wPy3dS3A:1smHrc:V_yx5hmLVoRWXdnd3zplkrP3uAKN7Okn-Uqm-mPvfOE','2024-09-19 19:09:52.116685');
INSERT INTO django_session VALUES('3wiuf57z44iw7kf8i2cc4gucvbf79ujt','.eJxVjE0OwiAQhe_C2hCgBUZ3ehEyDkNobGgisDLeXWq60ORt3vd-XiJgbzn0ys-wRHER1ojTL7wjPbjsCa7rjiUSbb00-e0ccZXX4bi0hbAtW7kdq7-rjDWPH_B4psgGaAaOqFMCDU6ZyF5ZRHYwpTn6SVurtDaoDcMQuIkG9V68P-28PCk:1smPjr:6Tw5pnjouURuJuhqWv_TGAAeeAe6An7cZQ2xR5XxD0Q','2024-09-20 03:34:23.928362');
INSERT INTO django_session VALUES('y7vzckrbxqu7x2cduhd4l91x9eggy3xk','.eJxVjMEKwyAQRP_Fc5FoErf21vyIbNYVpcFA1VPpvzeWHNrLwMybmZdw2Gp0rfDTJS9uYhaX32xFenDuALetxxKJ9par_HZOXOT9cJxrIqxpz8u5-ruKWOLxQzZYUGjA6MCTRfCIZrTWmwGGLuPsJ1jZK1ZEWgfUSgEwBUa-Ki3eH8GHPLE:1smscA:YQp0KtFfhr8e5Ytl7wVDhG46j8p7zkk8BHa8Hg89mw8','2024-09-21 10:24:22.559764');
INSERT INTO django_session VALUES('qnugl8h6d65f8we3hqy2dxoi45dcj1vb','.eJxVjMEKwyAQRP_Fc5FoErf21vyIbNYVpcFA1VPpvzeWHNrLwMybmZdw2Gp0rfDTJS9uYhaX32xFenDuALetxxKJ9par_HZOXOT9cJxrIqxpz8u5-ruKWOLxQzZYUGjA6MCTRfCIZrTWmwGGLuPsJ1jZK1ZEWgfUSgEwBUa-Ki3eH8GHPLE:1smsyO:hg29Epc22t29vnWkEtTtUUwATq2VeMI2btc-vzn8S4I','2024-09-21 10:47:20.315568');
INSERT INTO django_session VALUES('7h41a1of692xql023krb0dd8472qt07j','.eJxVjE0OwiAQhe_C2hCgBUZ3ehEyDkNobGgisDLeXWq60ORt3vd-XiJgbzn0ys-wRHER1ojTL7wjPbjsCa7rjiUSbb00-e0ccZXX4bi0hbAtW7kdq7-rjDWPH_B4psgGaAaOqFMCDU6ZyF5ZRHYwpTn6SVurtDaoDcMQuIkG9V68P-28PCk:1smvWF:MWsLCw8GZR3uA-7b9IIKuCF7300VVeV4iye0ow2rQ5I','2024-09-21 13:30:27.819104');
INSERT INTO django_session VALUES('j55iyv1zcczcglaxqe4wwa8dlnzbodyh','.eJxVjE0OwiAQhe_C2hCgBUZ3ehEyDkNobGgisDLeXWq60ORt3vd-XiJgbzn0ys-wRHER1ojTL7wjPbjsCa7rjiUSbb00-e0ccZXX4bi0hbAtW7kdq7-rjDWPH_B4psgGaAaOqFMCDU6ZyF5ZRHYwpTn6SVurtDaoDcMQuIkG9V68P-28PCk:1smw7U:ECCKFy2M7VyxAavAAU316JjMj1aMHm1jzmNqUfiN4xI','2024-09-21 14:08:56.884253');
INSERT INTO django_session VALUES('l069j8iokj53sng4i9nsz1bbna0xcz8s','.eJxVjE0OwiAQhe_C2hCgBUZ3ehEyDkNobGgisDLeXWq60ORt3vd-XiJgbzn0ys-wRHER1ojTL7wjPbjsCa7rjiUSbb00-e0ccZXX4bi0hbAtW7kdq7-rjDWPH_B4psgGaAaOqFMCDU6ZyF5ZRHYwpTn6SVurtDaoDcMQuIkG9V68P-28PCk:1smwFW:VGFJmW_gSD6MTKgiWm-lXP1kxjQxFsMLv-rd75QJNDk','2024-09-21 14:17:14.515392');
INSERT INTO django_session VALUES('mq9hnhrzhzaswl7ofoestppcv9rpdh6b','.eJxVjE0OwiAQhe_C2hCgBUZ3ehEyDkNobGgisDLeXWq60ORt3vd-XiJgbzn0ys-wRHER1ojTL7wjPbjsCa7rjiUSbb00-e0ccZXX4bi0hbAtW7kdq7-rjDWPH_B4psgGaAaOqFMCDU6ZyF5ZRHYwpTn6SVurtDaoDcMQuIkG9V68P-28PCk:1smwHm:R0HWMNbQKKE64EGi6AkX-XG3jj2m4cbyDhL6xMbybAI','2024-09-21 14:19:34.774833');
INSERT INTO django_session VALUES('28u3wwuvnpf0kvnd97ymyqwz9n7ex888','.eJxVjE0OwiAQhe_C2hCgBUZ3ehEyDkNobGgisDLeXWq60ORt3vd-XiJgbzn0ys-wRHER1ojTL7wjPbjsCa7rjiUSbb00-e0ccZXX4bi0hbAtW7kdq7-rjDWPH_B4psgGaAaOqFMCDU6ZyF5ZRHYwpTn6SVurtDaoDcMQuIkG9V68P-28PCk:1smwN6:A66hAtU2NwDyN08BaRusb_lQQY_Nc90_2wvN7Kxw1dY','2024-09-21 14:25:04.826977');
INSERT INTO django_session VALUES('s9rjuqch61gg5gk1v9ql6v81hdjh1efg','.eJxVjE0OwiAQhe_C2hCgBUZ3ehEyDkNobGgisDLeXWq60ORt3vd-XiJgbzn0ys-wRHER1ojTL7wjPbjsCa7rjiUSbb00-e0ccZXX4bi0hbAtW7kdq7-rjDWPH_B4psgGaAaOqFMCDU6ZyF5ZRHYwpTn6SVurtDaoDcMQuIkG9V68P-28PCk:1smwdF:4MVYR8Z5C7-Kc5j6E2L_f6y8JaXpoiUtkw3TEjZliBo','2024-09-21 14:41:45.476509');
INSERT INTO django_session VALUES('fi78u0mq6f64rqc0t4x8l2ahqelqd6gt','.eJxVjE0OwiAQhe_C2hCgBUZ3ehEyDkNobGgisDLeXWq60ORt3vd-XiJgbzn0ys-wRHER1ojTL7wjPbjsCa7rjiUSbb00-e0ccZXX4bi0hbAtW7kdq7-rjDWPH_B4psgGaAaOqFMCDU6ZyF5ZRHYwpTn6SVurtDaoDcMQuIkG9V68P-28PCk:1smx2b:OvELvBQKphZl0uB2tTc6_mhvYDKdg5gSQroF4ET3TuE','2024-09-21 15:07:57.649839');
INSERT INTO django_session VALUES('ct32hkgm0gynjkia2nfgn9zkcrpr922k','.eJxVjE0OwiAQhe_C2hCgBUZ3ehEyDkNobGgisDLeXWq60ORt3vd-XiJgbzn0ys-wRHER1ojTL7wjPbjsCa7rjiUSbb00-e0ccZXX4bi0hbAtW7kdq7-rjDWPH_B4psgGaAaOqFMCDU6ZyF5ZRHYwpTn6SVurtDaoDcMQuIkG9V68P-28PCk:1smxv2:lOGxp6XUNj-JQ7XrrHU4Y6nWfb0KdoH-kBADSzIRD6U','2024-09-21 16:04:12.421204');
INSERT INTO django_session VALUES('iqm9677x1kkzslp705fimtuqwmbsr6n6','.eJxVjE0OwiAQhe_C2hCgBUZ3ehEyDkNobGgisDLeXWq60ORt3vd-XiJgbzn0ys-wRHER1ojTL7wjPbjsCa7rjiUSbb00-e0ccZXX4bi0hbAtW7kdq7-rjDWPH_B4psgGaAaOqFMCDU6ZyF5ZRHYwpTn6SVurtDaoDcMQuIkG9V68P-28PCk:1smxyc:NqVIhlLn7NosQ7ArZmUfgCVmn2og5P8-Lw4odDh0HLY','2024-09-21 16:07:54.561229');
INSERT INTO django_session VALUES('a18kyyibx0434yw0t9hcm7qca6d5rct0','.eJxVjE0OwiAQhe_C2hCgBUZ3ehEyDkNobGgisDLeXWq60ORt3vd-XiJgbzn0ys-wRHER1ojTL7wjPbjsCa7rjiUSbb00-e0ccZXX4bi0hbAtW7kdq7-rjDWPH_B4psgGaAaOqFMCDU6ZyF5ZRHYwpTn6SVurtDaoDcMQuIkG9V68P-28PCk:1smy3b:NuES-erWFdRXcQZcV6REH3YFKUnOvOtSC4LdAawhTKE','2024-09-21 16:13:03.134169');
INSERT INTO django_session VALUES('fhd5vlavvbxq6804i6ozu77vtohs93sc','.eJxVjE0OwiAQhe_C2hCgBUZ3ehEyDkNobGgisDLeXWq60ORt3vd-XiJgbzn0ys-wRHER1ojTL7wjPbjsCa7rjiUSbb00-e0ccZXX4bi0hbAtW7kdq7-rjDWPH_B4psgGaAaOqFMCDU6ZyF5ZRHYwpTn6SVurtDaoDcMQuIkG9V68P-28PCk:1smyIa:xhLNrktGqmTYy6IWQgTqODtiNqZGjwErFYqO6_tpoAc','2024-09-21 16:28:32.332656');
INSERT INTO django_session VALUES('6lz4wgvqvey1u1n78bp8h7blo6l8ose7','.eJxVj0FuhTAMRO_iNUKJk5DArr1GVSFjwgeVkoqEbhB3b_ifLpC8sMYzT-MdYuCJZmIO25LamCj5CM1-FPCv0ZZGv6SJKU1hab99GkOfPR87vHZo7hTI2QSNtGgsOml1qVBpV7kCftbwO_V-zZFHCI_ZZ-82nQQppM6DrkInaoloVSXg-CzgWaDdol_bl1PBTeyIv_xyXmieT7m8epRPz3WO5dvtj_crdUONFMfMQcF1zaKuekedFrXo2Q61NhKV6k3XObaCUFnJiN4Qd9ogDYNSZBgrJjj-AB1KcHQ:1smyjP:ekMVHD6SUIQu74nHBMfu8HshrcoDPaO6JSAAbGglK3k','2024-09-21 16:56:15.916640');
INSERT INTO django_session VALUES('3vb8ffxfyhpc7bi8awuhluz3118wefle','.eJxVj0FuhTAMRO_iNUKJkxDCrr1GVSFjwgeVkoqEbhB3b_ifLpC8sMYzT-MdYuCJZmIO25LamCj5CM1-FPCv0ZZGv6SJKU1hab99GkOfPR87vHZo7hTI2QSNtGgs1mir0hmNWssCftbwO_V-zZFHCI_ZZ-82nQQppM6DdYW1cBLRqkrA8VnAs0C7Rb-2L6eCm9gRf_nlvNA8n3J59Sifnuscy7fbH-9X6oYaKY6Zg4KdY-GqvqZOCyd6toPTRqJSvem6mq0gVFYyojfEnTZIw6AUGcaKCY4_G7Vwcg:1smyl4:Fuhs3r3N9iUOZwMKvah9lotPa540UGHYQf_sIlwsp_8','2024-09-21 16:57:58.454574');
INSERT INTO django_session VALUES('jfcbc7lkmgnzzdxvtzolxhjwsblzysol','.eJxVjE0OgyAYBe_CuiEoiNBl956BfD9QbBtIRFdN715NXLTbNzPvLQJsaw5bi0uYWVyFteLyOyLQM5aD8APKvUqqZV1mlIciT9rkVDm-bqf7d5Ch5b1OycUO2Axj7zBhP5BCZw14jWRRceeZNRB5l_QO9OiTNtZHT8YgKiM-Xy3xOK0:1snx7X:jMsUEGCmtiRlCRnJI9-n2gSNwh4zxR03WX65BfsJjPY','2024-09-24 09:25:11.572196');
INSERT INTO django_session VALUES('yrshvbktdik14v308dgi1hx7fqtkbfay','.eJxVjE0OgyAYBe_CuiEoiNBl956BfD9QbBtIRFdN715NXLTbNzPvLQJsaw5bi0uYWVyFteLyOyLQM5aD8APKvUqqZV1mlIciT9rkVDm-bqf7d5Ch5b1OycUO2Axj7zBhP5BCZw14jWRRceeZNRB5l_QO9OiTNtZHT8YgKiM-Xy3xOK0:1snxEA:g5_F-0hBxZtfPhJ4IMmd3au6qAPo_3Qa6g_j46x9c4I','2024-09-24 09:32:02.417976');
INSERT INTO django_session VALUES('5z2l7f30o4xuq1gupn95gz5b76q2n8o3','.eJxVjMEOgjAQRP-lZ0PYhZbiTX-ETJdtIJKSSHsy_rtgOOhx3sy8lxlQ8jSUTZ_DPJqrITKXXxggD01Hg2U5cAWRtaRcfTdnvVW3PWnKsyDPa7qfrz_VhG3aPd46RNToJGrTghx3deid99Gy86rCQOC-J5U2NERwyiM5H7ixTGjN-wPpPjxn:1snxFO:gzhrOrj8d8_v_qBEPOwVOUWalGx8tlR0A-DWsdK99YM','2024-09-24 09:33:18.442376');
INSERT INTO django_session VALUES('u6yfsqmqku1lj4zpbg2qcmnpy5t6w8h4','.eJxVjE0OwiAQhe_C2hCgBUZ3ehEyDkNobGgisDLeXWq60ORt3vd-XiJgbzn0ys-wRHER1ojTL7wjPbjsCa7rjiUSbb00-e0ccZXX4bi0hbAtW7kdq7-rjDWPH_B4psgGaAaOqFMCDU6ZyF5ZRHYwpTn6SVurtDaoDcMQuIkG9V68P-28PCk:1soI8g:b0L9KdMwcFmCqE_xn3lgfQtCDILPp_1zve6CDAYIUrg','2024-09-25 07:51:46.696435');
INSERT INTO django_session VALUES('6ydvtvakl09kqpmnl4sce4z4k1yvde39','.eJxVjE0OwiAQhe_C2hCgBUZ3ehEyDkNobGgisDLeXWq60ORt3vd-XiJgbzn0ys-wRHER1ojTL7wjPbjsCa7rjiUSbb00-e0ccZXX4bi0hbAtW7kdq7-rjDWPH_B4psgGaAaOqFMCDU6ZyF5ZRHYwpTn6SVurtDaoDcMQuIkG9V68P-28PCk:1soMv1:9OA0kVKdKEV9gZoGJnwUrXrTalauvPbXrOcIAY4V2a0','2024-09-25 12:57:59.866804');
INSERT INTO django_session VALUES('otw39n9zffwfnkjtxb65wueyh28hhkj5','.eJxVjE0OwiAQhe_C2hCgBUZ3ehEyDkNobGgisDLeXWq60ORt3vd-XiJgbzn0ys-wRHER1ojTL7wjPbjsCa7rjiUSbb00-e0ccZXX4bi0hbAtW7kdq7-rjDWPH_B4psgGaAaOqFMCDU6ZyF5ZRHYwpTn6SVurtDaoDcMQuIkG9V68P-28PCk:1soN1t:Sb5gebVOUY_qZXIERQ7zZF9I9DowxtmQxK8R9nES18w','2024-09-25 13:05:05.283376');
INSERT INTO django_session VALUES('w2delp154lt78akg1433t1gddd4ub66j','.eJxVjE0OwiAQhe_C2hCgBUZ3ehEyDkNobGgisDLeXWq60ORt3vd-XiJgbzn0ys-wRHER1ojTL7wjPbjsCa7rjiUSbb00-e0ccZXX4bi0hbAtW7kdq7-rjDWPH_B4psgGaAaOqFMCDU6ZyF5ZRHYwpTn6SVurtDaoDcMQuIkG9V68P-28PCk:1soNVB:wxJY91Qpq9NJQ9e792jcGdwMWXk1B5UrCwYs4GSozMA','2024-09-25 13:35:21.976493');
INSERT INTO django_session VALUES('3uklqumnr402q59y5z7na6cgr4p3fzx9','.eJxVjE0OwiAQhe_C2hCgBUZ3ehEyDkNobGgisDLeXWq60ORt3vd-XiJgbzn0ys-wRHER1ojTL7wjPbjsCa7rjiUSbb00-e0ccZXX4bi0hbAtW7kdq7-rjDWPH_B4psgGaAaOqFMCDU6ZyF5ZRHYwpTn6SVurtDaoDcMQuIkG9V68P-28PCk:1soNYG:PXbLZc3IzGnkS92VTPtETSTqN5-Sf0Zl50N3g2zcaSk','2024-09-25 13:38:32.108541');
INSERT INTO django_session VALUES('whudl0eqjnypkmtuy69hhb4w2ax2abv0','.eJxVjE0OwiAQhe_C2hCgBUZ3ehEyDkNobGgisDLeXWq60ORt3vd-XiJgbzn0ys-wRHER1ojTL7wjPbjsCa7rjiUSbb00-e0ccZXX4bi0hbAtW7kdq7-rjDWPH_B4psgGaAaOqFMCDU6ZyF5ZRHYwpTn6SVurtDaoDcMQuIkG9V68P-28PCk:1soNi2:GJgj5vvhD0kFBvClIMaDorV5OyMEK_GClqUf357mkfE','2024-09-25 13:48:38.776101');
INSERT INTO django_session VALUES('eyad8rkralv87ud2wkhhm2lec619kn2o','.eJxVjMEKwyAQRP_Fc5FoErf21vyIbNYVpcFA1VPpvzeWHNrLwMybmZdw2Gp0rfDTJS9uYhaX32xFenDuALetxxKJ9par_HZOXOT9cJxrIqxpz8u5-ruKWOLxQzZYUGjA6MCTRfCIZrTWmwGGLuPsJ1jZK1ZEWgfUSgEwBUa-Ki3eH8GHPLE:1soOBR:UwiYJ-k6_IEnbuQT4E0H7ogZ0YP-bNeIzG0Y16r3mXc','2024-09-25 14:19:01.969800');
INSERT INTO django_session VALUES('ff3kx5eybv8vxhsxhnucd1agcyzhc8mw','.eJxVjE0OwiAQhe_C2hCgBUZ3ehEyDkNobGgisDLeXWq60ORt3vd-XiJgbzn0ys-wRHER1ojTL7wjPbjsCa7rjiUSbb00-e0ccZXX4bi0hbAtW7kdq7-rjDWPH_B4psgGaAaOqFMCDU6ZyF5ZRHYwpTn6SVurtDaoDcMQuIkG9V68P-28PCk:1soPxS:dh0byEfVcKwVqH_BDbvxoxi8xefp2-fUZDngQ12Q4ms','2024-09-25 16:12:42.619041');
INSERT INTO django_session VALUES('kqx2mxemkmz5g6oao3p2mwbgtge88h1e','.eJxVjMEKwyAQRP_Fc5FoErf21vyIbNYVpcFA1VPpvzeWHNrLwMybmZdw2Gp0rfDTJS9uYhaX32xFenDuALetxxKJ9par_HZOXOT9cJxrIqxpz8u5-ruKWOLxQzZYUGjA6MCTRfCIZrTWmwGGLuPsJ1jZK1ZEWgfUSgEwBUa-Ki3eH8GHPLE:1soQBF:ykX6qGEKS0pJvYP3DmvAZeW2yYcs9bhDnioDSHd5yRg','2024-09-25 16:26:57.984007');
INSERT INTO django_session VALUES('diy7v65ww7xiaala08ev8gh9zxrwbxha','.eJxVjltPwkAUhP_LPiPZXbqX9q2IxhCtyC2gMZvj7pYWSlvYFimE_24xPGhyXs58M5M5IwV1laja2b1KDQoQo6jzV_wCvbH5lUCWXeUuaF3UedX99dyw64btZ_Mq1VClRd6_pf5VJeCStkcK8LWxVGpPWgMkjiWRHFNjBWYAlste7BnRI4xhQigQamV7kvd0qwrRlrpCp5DdhihXQWUdCs6owVDyiEbieLx_ZjxEwccZlftCW9dylBWrNG_jBipAQV5nWQeVG22VLoxVB7tP49TuW6ObhO_T2frkPcTLdG0AJnRE-g1bMh7NBk2Bx86P54vIex2U0XZK86S-m7wf-qXavXgjsc30IdpMhk1pdhSTufbGUqkps2vg8WOj-yuyrZn5tricLcJ61UTFiGP8pKrTOHwTgyG6dIig3MOez0mX-IwTn39eLj-h8o35:1sponQ:HIrkD8rb9gbXGh-DlTdPK8R0VcoX3hwKD4k7w7DdAF8','2024-09-29 12:56:08.533353');
INSERT INTO django_session VALUES('lq14bf4lp7rqjb3aaq4go2oqhcsmozce','.eJxVj0FuhTAMRO_iNUKJkxDCrr1GVSFjwgeVkoqEbhB3b_ifLpC8sMYzT-MdYuCJZmIO25LamCj5CM1-FPCv0ZZGv6SJKU1hab99GkOfPR87vHZo7hTI2QSNtFhJZRBdqa0VRusCftbwO_V-zZFHCI_ZZ-82nQQppM6DdYW1cBLRqkrA8VnAs0C7Rb-2L6eCm9gRf_nlvNA8n3J59Sifnuscy7fbH-9X6oYaKY6Zg4KdY-GqvqZOCyd6toPTRqJSvem6mq0gVFYyojfEnTZIw6AUGcaKCY4_FNJwaw:1sogcn:C_MSHqrSE1lNczpz7uNJEE1BFztxJBNC_LcJiWFZlPc','2024-09-26 10:00:29.498211');
INSERT INTO django_session VALUES('6luoy7k1mw4a2b4m5iypy810uzpazic1','.eJwNytFugjAYQOF3-a9hWbHSwd3QgYMYmRlOWRZCSoFOpFCKOAjvPpJz950JOkF5WqWUir5WSadSxTqwJ1jxK8sDSk6bYT984l-wvydopKCsWxwqUfAaNMhSlYJd91WlQXOlLKEiY8mdSZ5zJpex3D2McDvwwAhH3mcRUSHL6q9Hn7B1bPmuYyDyjgJX-bd2dHK0P58qhHNvKIJyF18C72iWYYRM1B7kmy7yTA9PbaI7EW9f6Oijy5HFZbGVt3NEWE-aD09Zsnt1D893XP5tGpg1RAzTwBiT9ZNprZasn3n-B2NvUyo:1sp92p:ojS0Vg7Wn6rq9oG4DdGNCD3akQxSJkbMl1_Wr6aU9Zo','2024-09-27 16:21:15.694738');
INSERT INTO django_session VALUES('jzk7oysnnycbfls6der4m856hrbyyvh3','.eJxVj0FuhTAMRO_iNUIJmJD8Xf81qgoZx3xQKalI6AZx9wKlC3bWzJvReIUYeKCRmMMypSYmShLhsW4Z_Gu0pF6mNDClIUzNl6Q--J15X-Hvhse9BfZsgoeuC1MqYyuba1VpV5oMvufwM3iZ98grhNcoO7sMR4NWzhaoEau6UNoqNEYVsH1kcA5olihzc5LGwk1siT9lOhwax0POrx35yVx2zN9ufzyv1K2qp9jvPVUpx-yqY6PKmrx3yLbVxor1hZgOWTOKEHqPTFrZ1iO6jhU5VaJD2H4BPIdw1A:1spPH0:v8T3q3AyW2xtca7hc9neovqxXE5LxUIXfZ_t_gU5OoQ','2024-09-28 09:40:58.127087');
INSERT INTO django_session VALUES('wq48ngl1b025jylqfgebatpx704uf2zh','.eJxVjMEKwyAQRP_Fc5FoErf21vyIbNYVpcFA1VPpvzeWHNrLwMybmZdw2Gp0rfDTJS9uYhaX32xFenDuALetxxKJ9par_HZOXOT9cJxrIqxpz8u5-ruKWOLxQzZYUGjA6MCTRfCIZrTWmwGGLuPsJ1jZK1ZEWgfUSgEwBUa-Ki3eH8GHPLE:1sppgl:FMC24y1orFjdiIIdeHn0l32cfBQ_4_9RCM7yNmqjuRY','2024-09-29 13:53:19.733119');
INSERT INTO django_session VALUES('einfzfjo0ls4u3c735hvqxaint7x8y7t','.eJxVjMEKwyAQRP_Fc5FoErf21vyIbNYVpcFA1VPpvzeWHNrLwMybmZdw2Gp0rfDTJS9uYhaX32xFenDuALetxxKJ9par_HZOXOT9cJxrIqxpz8u5-ruKWOLxQzZYUGjA6MCTRfCIZrTWmwGGLuPsJ1jZK1ZEWgfUSgEwBUa-Ki3eH8GHPLE:1sq2IA:sayEl1ompbCW_HlZExa66cC-1XuS-hyUbSZ_NTX4e9M','2024-09-30 03:20:46.109632');
INSERT INTO django_session VALUES('a0727eerji5w3vvs8q1uaoz99n3wvqfa','.eJxVjMEKwyAQRP_Fc5FoErf21vyIbNYVpcFA1VPpvzeWHNrLwMybmZdw2Gp0rfDTJS9uYhaX32xFenDuALetxxKJ9par_HZOXOT9cJxrIqxpz8u5-ruKWOLxQzZYUGjA6MCTRfCIZrTWmwGGLuPsJ1jZK1ZEWgfUSgEwBUa-Ki3eH8GHPLE:1sq2SX:aR8PAz0xAuzbay2ejv_cnTpk_LxWNmZp35enZcHRsFc','2024-09-30 03:31:29.245362');
INSERT INTO django_session VALUES('3c08kzf2amt3r4hn4gb0oauceo5ggnl6','.eJxVjMEKwyAQRP_Fc5FoErf21vyIbNYVpcFA1VPpvzeWHNrLwMybmZdw2Gp0rfDTJS9uYhaX32xFenDuALetxxKJ9par_HZOXOT9cJxrIqxpz8u5-ruKWOLxQzZYUGjA6MCTRfCIZrTWmwGGLuPsJ1jZK1ZEWgfUSgEwBUa-Ki3eH8GHPLE:1sq6MF:x_PXTlVvu-08HgzIVYeqEzLpmIPhHBCCz36Y0Q7-kKE','2024-09-30 07:41:15.439060');
INSERT INTO django_session VALUES('5sq8cd2cv6fkpu0738008lhzwfsnbtzg','.eJxVjMEKwyAQRP_Fc5FoErf21vyIbNYVpcFA1VPpvzeWHNrLwMybmZdw2Gp0rfDTJS9uYhaX32xFenDuALetxxKJ9par_HZOXOT9cJxrIqxpz8u5-ruKWOLxQzZYUGjA6MCTRfCIZrTWmwGGLuPsJ1jZK1ZEWgfUSgEwBUa-Ki3eH8GHPLE:1sq6QD:MOaftwpc0eV3EemP9m_cqmssao4j7s2pHi8pYEhcTZ0','2024-09-30 07:45:21.830546');
INSERT INTO django_session VALUES('d7u7cfn2jjul3nmd8lhh9v9pbqe4xr71','.eJxVjMEKwyAQRP_Fc5FoErf21vyIbNYVpcFA1VPpvzeWHNrLwMybmZdw2Gp0rfDTJS9uYhaX32xFenDuALetxxKJ9par_HZOXOT9cJxrIqxpz8u5-ruKWOLxQzZYUGjA6MCTRfCIZrTWmwGGLuPsJ1jZK1ZEWgfUSgEwBUa-Ki3eH8GHPLE:1sq6oZ:6X5Jlf36VybyGPriTbacp4_gJddXjw4ENFKpRKmDFCY','2024-09-30 08:10:31.625781');
INSERT INTO django_session VALUES('jbztc91ypz4u59lwfo3uxcsf5gq6d8et','.eJxVjMEKwyAQRP_Fc5FoErf21vyIbNYVpcFA1VPpvzeWHNrLwMybmZdw2Gp0rfDTJS9uYhaX32xFenDuALetxxKJ9par_HZOXOT9cJxrIqxpz8u5-ruKWOLxQzZYUGjA6MCTRfCIZrTWmwGGLuPsJ1jZK1ZEWgfUSgEwBUa-Ki3eH8GHPLE:1sq70E:C1i_Riluwq0Oq5EfOZJOrQm1PDB2UqHktTHYjltKZpM','2024-09-30 08:22:34.084394');
INSERT INTO django_session VALUES('u1ese66jxp81r3d7s1jfnsnuxa2u76nt','.eJxVjMEKwyAQRP_Fc5FoErf21vyIbNYVpcFA1VPpvzeWHNrLwMybmZdw2Gp0rfDTJS9uYhaX32xFenDuALetxxKJ9par_HZOXOT9cJxrIqxpz8u5-ruKWOLxQzZYUGjA6MCTRfCIZrTWmwGGLuPsJ1jZK1ZEWgfUSgEwBUa-Ki3eH8GHPLE:1sq7G7:EFLV0sPmlRY3471saNlsKnnEaqNnZV51RnE-H5_YrHg','2024-09-30 08:38:59.137688');
INSERT INTO django_session VALUES('3tesqm2najfxamit0givt1y3irko9zs9','.eJxVjMEKwyAQRP_Fc5FoErf21vyIbNYVpcFA1VPpvzeWHNrLwMybmZdw2Gp0rfDTJS9uYhaX32xFenDuALetxxKJ9par_HZOXOT9cJxrIqxpz8u5-ruKWOLxQzZYUGjA6MCTRfCIZrTWmwGGLuPsJ1jZK1ZEWgfUSgEwBUa-Ki3eH8GHPLE:1sq82b:WXEBQs5Lux0I-8IgKFmumBmUxQH69t2BffL-w0sgKeg','2024-09-30 09:29:05.409942');
INSERT INTO django_session VALUES('4n9c73zps0q0d2ykwkmzetlgetr9zgps','.eJxVjMEKwyAQRP_Fc5FoErf21vyIbNYVpcFA1VPpvzeWHNrLwMybmZdw2Gp0rfDTJS9uYhaX32xFenDuALetxxKJ9par_HZOXOT9cJxrIqxpz8u5-ruKWOLxQzZYUGjA6MCTRfCIZrTWmwGGLuPsJ1jZK1ZEWgfUSgEwBUa-Ki3eH8GHPLE:1sq8Me:6gyfz5EZS5rtNHmCVEaqmAEHugjrvAxtFuo3pr87K0o','2024-09-30 09:49:48.127113');
INSERT INTO django_session VALUES('dxwyaeiqlk2olyy7pzhggbkzl7yp40ar','.eJxVjMEKwyAQRP_Fc5FoErf21vyIbNYVpcFA1VPpvzeWHNrLwMybmZdw2Gp0rfDTJS9uYhaX32xFenDuALetxxKJ9par_HZOXOT9cJxrIqxpz8u5-ruKWOLxQzZYUGjA6MCTRfCIZrTWmwGGLuPsJ1jZK1ZEWgfUSgEwBUa-Ki3eH8GHPLE:1sq9GR:XzdopavLZPC7VS6MMeZC0YAccdqoJcAzrrHzzghACtE','2024-09-30 10:47:27.267633');
INSERT INTO django_session VALUES('dtiy9l93g416i6tky9qjtfm90oj9zqqf','.eJxVjMEKwyAQRP_Fc5FoErf21vyIbNYVpcFA1VPpvzeWHNrLwMybmZdw2Gp0rfDTJS9uYhaX32xFenDuALetxxKJ9par_HZOXOT9cJxrIqxpz8u5-ruKWOLxQzZYUGjA6MCTRfCIZrTWmwGGLuPsJ1jZK1ZEWgfUSgEwBUa-Ki3eH8GHPLE:1sq9J5:CqUXxG6x1K-x2mrp-WUs6NyT-hJ6NiMi3-UNaMxytLY','2024-09-30 10:50:11.713800');
INSERT INTO django_session VALUES('nqygswo90za9v5t15g8t6saqh6yyk4wf','.eJxVjMEKwyAQRP_Fc5FoErf21vyIbNYVpcFA1VPpvzeWHNrLwMybmZdw2Gp0rfDTJS9uYhaX32xFenDuALetxxKJ9par_HZOXOT9cJxrIqxpz8u5-ruKWOLxQzZYUGjA6MCTRfCIZrTWmwGGLuPsJ1jZK1ZEWgfUSgEwBUa-Ki3eH8GHPLE:1sqCGb:zOvQ59co9YTv3hp1vMB6ou2J-wLhKomb9VEIcJNkzjQ','2024-09-30 13:59:49.446419');
INSERT INTO django_session VALUES('9jdpp592iqic06xjwl9m8hsgiepya9cs','.eJxVjMEKwyAQRP_Fc5FoErf21vyIbNYVpcFA1VPpvzeWHNrLwMybmZdw2Gp0rfDTJS9uYhaX32xFenDuALetxxKJ9par_HZOXOT9cJxrIqxpz8u5-ruKWOLxQzZYUGjA6MCTRfCIZrTWmwGGLuPsJ1jZK1ZEWgfUSgEwBUa-Ki3eH8GHPLE:1sqE14:DHUg2NX441QFZlREcUjD-Kiw_hrYU2I5D0ApW7zRhak','2024-09-30 15:51:54.027063');
INSERT INTO django_session VALUES('hgbd8xwltvhldodj4uqerswufhx0i4q6','.eJxVj01uhTAMhO_iNUIJmPywa69RVcg45oFKSUVCN0_v7gXKhp01881o_ARijtuSO9ryKEuemPIUl-5b8hhDgvbjCf83tJAiTzRfCSiAMrTaVga9N6hK641TtingZ42_U5B1jzxifMyys9t0NGjlXYUasbGV0k6hMaqC12cB54BuS7J2J2kc3MSe-EuWw6F5PuTy2lGezGWn8u32x_uVulWNlMa9p6nFuMY1AxtVWwrBI7teGycuVGIGZM0oQhgCMmnl-oDoB1bkVY0e4fUHWoNm6g:1sqDQO:yTq8t5uJIAiQReX96M7yWwtqDjXEIcQ-ZmLn5IHRh2w','2024-09-30 15:14:00.814581');
INSERT INTO django_session VALUES('eebk0rm9lnzepoewmjos1dlmak9wzquo','.eJxVjMEOgjAQRP-lZ0NKd-lWb_IjZHdpA5GUxJaT8d8Fw0GP82bmvczAW52GrcTnMI_mZtrOXH6hsD5iPhpelgM3rLpuuTbfzVmX5r6nmOusXOc19-frTzVxmXYPtogOYJTOg0VAb0lFUawQiQY_epUEaNNVwBJTR8E5IMHkJCCqeX8Auvc7rA:1sqDqy:MjxkgSyzRUZVPUIR2HF_dx_M-BoZzptiCKrFnOmeB34','2024-09-30 15:41:28.894040');
INSERT INTO django_session VALUES('pwccbl5cuzaap0p11mxz1ig4p2d77y0x','.eJxVjE0OwiAQhe_C2hCgBUZ3ehEyDkNobGgisDLeXWq60ORt3vd-XiJgbzn0ys-wRHER1ojTL7wjPbjsCa7rjiUSbb00-e0ccZXX4bi0hbAtW7kdq7-rjDWPH_B4psgGaAaOqFMCDU6ZyF5ZRHYwpTn6SVurtDaoDcMQuIkG9V68P-28PCk:1sqE6o:XZaEchK4pKquq1L9A0_bzm_pLjkyUl-LYqg8S9T9lLk','2024-09-30 15:57:50.338234');
INSERT INTO django_session VALUES('hb3850hna5qwkc3q68q902s5jtwpvku3','.eJxVjMEOgjAQRP-lZ0NKd-lWb_IjZHdpA5GUxJaT8d8Fw0GP82bmvczAW52GrcTnMI_mZtrOXH6hsD5iPhpelgM3rLpuuTbfzVmX5r6nmOusXOc19-frTzVxmXYPtogOYJTOg0VAb0lFUawQiQY_epUEaNNVwBJTR8E5IMHkJCCqeX8Auvc7rA:1sqEbF:fhejpz-YbtljUHHAHIf0vf0rEUaQ3Zi26zazT4MlnOA','2024-09-30 16:29:17.403433');
INSERT INTO django_session VALUES('brlxw077fc9et3cv14m5lg7t4sp69iio','.eJxVjMEKwyAQRP_Fc5FoErf21vyIbNYVpcFA1VPpvzeWHNrLwMybmZdw2Gp0rfDTJS9uYhaX32xFenDuALetxxKJ9par_HZOXOT9cJxrIqxpz8u5-ruKWOLxQzZYUGjA6MCTRfCIZrTWmwGGLuPsJ1jZK1ZEWgfUSgEwBUa-Ki3eH8GHPLE:1sqZUC:X2enjjEuRbx-nUL1gog2Oe7c1K-mM-0jER9aoaZiqB8','2024-10-01 14:47:24.172017');
INSERT INTO django_session VALUES('9oh4jq3gy9ragl9newm1d8g9o3qrrgbm','.eJxVjMEKwyAQRP_Fc5FoErf21vyIbNYVpcFA1VPpvzeWHNrLwMybmZdw2Gp0rfDTJS9uYhaX32xFenDuALetxxKJ9par_HZOXOT9cJxrIqxpz8u5-ruKWOLxQzZYUGjA6MCTRfCIZrTWmwGGLuPsJ1jZK1ZEWgfUSgEwBUa-Ki3eH8GHPLE:1sqZtt:JYNEpHDYaW61ZIGd7KkRVsmVaZCKNRK7ZLgdHfKgWjg','2024-10-01 15:13:57.354127');
INSERT INTO django_session VALUES('fjcv9iz4gcium41gcq3s7uhjzmn2qdav','.eJxVjE0OwiAQhe_C2hCgBUZ3ehEyDkNobGgisDLeXWq60ORt3vd-XiJgbzn0ys-wRHER1ojTL7wjPbjsCa7rjiUSbb00-e0ccZXX4bi0hbAtW7kdq7-rjDWPH_B4psgGaAaOqFMCDU6ZyF5ZRHYwpTn6SVurtDaoDcMQuIkG9V68P-28PCk:1srZga:eP7OYYnk6q3-XgA82_llV8avuWirzvYzJ8MMOir7oDQ','2024-10-04 09:12:20.924269');
INSERT INTO django_session VALUES('5bh5aep4ao11tyuvj20w2f6ilw2zp3qf','.eJxVjE0OwiAQhe_C2hCgBUZ3ehEyDkNobGgisDLeXWq60ORt3vd-XiJgbzn0ys-wRHER1ojTL7wjPbjsCa7rjiUSbb00-e0ccZXX4bi0hbAtW7kdq7-rjDWPH_B4psgGaAaOqFMCDU6ZyF5ZRHYwpTn6SVurtDaoDcMQuIkG9V68P-28PCk:1srZsp:-I9bMdr_xreoV-FAOt2r9pOP6ZzFvyASU9FqxeOVP_k','2024-10-04 09:24:59.368820');
INSERT INTO django_session VALUES('75zbs3i1bft9xtrb2nol0p8ewzx1vcv9','.eJxVjE0OwiAQhe_C2hCgBUZ3ehEyDkNobGgisDLeXWq60ORt3vd-XiJgbzn0ys-wRHER1ojTL7wjPbjsCa7rjiUSbb00-e0ccZXX4bi0hbAtW7kdq7-rjDWPH_B4psgGaAaOqFMCDU6ZyF5ZRHYwpTn6SVurtDaoDcMQuIkG9V68P-28PCk:1srZw8:auxASU9UFosxC1VvbugymYhSMH0bQLJMO0iYd6Q-UZw','2024-10-04 09:28:24.016176');
INSERT INTO django_session VALUES('zwln5ktyp46jdnis7s6txh6fd7ltiprp','.eJxVjE0OwiAQhe_C2hCgBUZ3ehEyDkNobGgisDLeXWq60ORt3vd-XiJgbzn0ys-wRHER1ojTL7wjPbjsCa7rjiUSbb00-e0ccZXX4bi0hbAtW7kdq7-rjDWPH_B4psgGaAaOqFMCDU6ZyF5ZRHYwpTn6SVurtDaoDcMQuIkG9V68P-28PCk:1srb9F:j9bKoWF5YwyE-xwSTAOrHDSIs95mXKGUHTDGcqKUSCE','2024-10-04 10:46:01.795310');
INSERT INTO django_session VALUES('rmuhktkn23s8r25vxsg6ch6qghnvjbjg','.eJxVjE0OwiAQhe_C2hCgBUZ3ehEyDkNobGgisDLeXWq60ORt3vd-XiJgbzn0ys-wRHER1ojTL7wjPbjsCa7rjiUSbb00-e0ccZXX4bi0hbAtW7kdq7-rjDWPH_B4psgGaAaOqFMCDU6ZyF5ZRHYwpTn6SVurtDaoDcMQuIkG9V68P-28PCk:1srbKP:n2ZYe-ffPSoXLUzf75saDoDGR4PdwoUM0qtYHyYdB_s','2024-10-04 10:57:33.716401');
INSERT INTO django_session VALUES('ezd5ohw5c50n2fipg3gxe29uiw4ps3ox','.eJxVjE0OwiAQhe_C2hCgBUZ3ehEyDkNobGgisDLeXWq60ORt3vd-XiJgbzn0ys-wRHER1ojTL7wjPbjsCa7rjiUSbb00-e0ccZXX4bi0hbAtW7kdq7-rjDWPH_B4psgGaAaOqFMCDU6ZyF5ZRHYwpTn6SVurtDaoDcMQuIkG9V68P-28PCk:1srpKY:X58czZpoXFQfRtRKoPAm7ja2Gr_QmdwBhCDcKjkj2Vs','2024-10-05 01:54:38.724251');
INSERT INTO django_session VALUES('fb8vehtn1empcl3eff6llmn81m5frgda','.eJxVjE0OwiAQhe_C2hCgBUZ3ehEyDkNobGgisDLeXWq60ORt3vd-XiJgbzn0ys-wRHER1ojTL7wjPbjsCa7rjiUSbb00-e0ccZXX4bi0hbAtW7kdq7-rjDWPH_B4psgGaAaOqFMCDU6ZyF5ZRHYwpTn6SVurtDaoDcMQuIkG9V68P-28PCk:1ss0Ha:cpu3RFrAd-fIsiOUpkfPn92tip4uxHSqRMddmHOXpls','2024-10-05 13:36:18.596803');
INSERT INTO django_session VALUES('t82oamf4z376uyrrqxh6eie8rs357loe','.eJxVjE0OwiAQhe_C2hCgBUZ3ehEyDkNobGgisDLeXWq60ORt3vd-XiJgbzn0ys-wRHER1ojTL7wjPbjsCa7rjiUSbb00-e0ccZXX4bi0hbAtW7kdq7-rjDWPH_B4psgGaAaOqFMCDU6ZyF5ZRHYwpTn6SVurtDaoDcMQuIkG9V68P-28PCk:1ss0bS:F0VQU4FENRiBKYyHLF_56lFAzbAjDOtrKuQhhxPm4f8','2024-10-05 13:56:50.719124');
INSERT INTO django_session VALUES('b3uz9o1o1eqil88bjre31113wl8cvj30','.eJxVjE0OwiAQhe_C2hCgBUZ3ehEyDkNobGgisDLeXWq60ORt3vd-XiJgbzn0ys-wRHER1ojTL7wjPbjsCa7rjiUSbb00-e0ccZXX4bi0hbAtW7kdq7-rjDWPH_B4psgGaAaOqFMCDU6ZyF5ZRHYwpTn6SVurtDaoDcMQuIkG9V68P-28PCk:1ss0n3:yR1ptHddCPkVss1V21NBGRHDIIDBhrp58TCC-73a9bI','2024-10-05 14:08:49.429028');
INSERT INTO django_session VALUES('7oejyg7697jyezrk459j6w3dsqewfp20','.eJxVjE0OwiAQhe_C2hCgBUZ3ehEyDkNobGgisDLeXWq60ORt3vd-XiJgbzn0ys-wRHER1ojTL7wjPbjsCa7rjiUSbb00-e0ccZXX4bi0hbAtW7kdq7-rjDWPH_B4psgGaAaOqFMCDU6ZyF5ZRHYwpTn6SVurtDaoDcMQuIkG9V68P-28PCk:1ss100:GXwiKQdaAxEpPo8fovxcFIdNRXPdbxvm4HJbKR17GGw','2024-10-05 14:22:12.297547');
INSERT INTO django_session VALUES('yszhk9tyiiv32ndm68mjsdmsxrczgow5','.eJxVjE0OwiAQhe_C2hCgBUZ3ehEyDkNobGgisDLeXWq60ORt3vd-XiJgbzn0ys-wRHER1ojTL7wjPbjsCa7rjiUSbb00-e0ccZXX4bi0hbAtW7kdq7-rjDWPH_B4psgGaAaOqFMCDU6ZyF5ZRHYwpTn6SVurtDaoDcMQuIkG9V68P-28PCk:1ss4jZ:Id1FsZsoZLd88_cnCgI2b5ozYzPcdHkk825COi8mHOU','2024-10-05 18:21:29.195103');
INSERT INTO django_session VALUES('moahtj3l4lpr9mm0lncln5w0ljwfynz4','.eJxVjE0OwiAQhe_C2hCgBUZ3ehEyDkNobGgisDLeXWq60ORt3vd-XiJgbzn0ys-wRHER1ojTL7wjPbjsCa7rjiUSbb00-e0ccZXX4bi0hbAtW7kdq7-rjDWPH_B4psgGaAaOqFMCDU6ZyF5ZRHYwpTn6SVurtDaoDcMQuIkG9V68P-28PCk:1ss4oH:6Nzd-kfsuF0sUqfBuZsN1SftR396Oj1lFpmUvgAxpV4','2024-10-05 18:26:21.920116');
INSERT INTO django_session VALUES('53r7x7qjyye82pboly5po93i7p7aor2u','.eJxVjE0OwiAQhe_C2hCgBUZ3ehEyDkNobGgisDLeXWq60ORt3vd-XiJgbzn0ys-wRHER1ojTL7wjPbjsCa7rjiUSbb00-e0ccZXX4bi0hbAtW7kdq7-rjDWPH_B4psgGaAaOqFMCDU6ZyF5ZRHYwpTn6SVurtDaoDcMQuIkG9V68P-28PCk:1ss4qQ:zYv7_PVibNSNccjt-HubquiN80DCsbuoMYKVc7lJYZ8','2024-10-05 18:28:34.889334');
INSERT INTO django_session VALUES('bvx7aulwziz7mxgn3tjcts54tadablpg','.eJxVjE0OwiAQhe_C2hCgBUZ3ehEyDkNobGgisDLeXWq60ORt3vd-XiJgbzn0ys-wRHER1ojTL7wjPbjsCa7rjiUSbb00-e0ccZXX4bi0hbAtW7kdq7-rjDWPH_B4psgGaAaOqFMCDU6ZyF5ZRHYwpTn6SVurtDaoDcMQuIkG9V68P-28PCk:1ss51w:rejubHVRQGZfVMP5NksGCiwuag45mH8Im_BvVFU-64U','2024-10-05 18:40:28.993242');
INSERT INTO django_session VALUES('uww5xlgw611t5bhls9fswqi8n43c8zpm','.eJxVjE0OwiAQhe_C2hCgBUZ3ehEyDkNobGgisDLeXWq60ORt3vd-XiJgbzn0ys-wRHER1ojTL7wjPbjsCa7rjiUSbb00-e0ccZXX4bi0hbAtW7kdq7-rjDWPH_B4psgGaAaOqFMCDU6ZyF5ZRHYwpTn6SVurtDaoDcMQuIkG9V68P-28PCk:1ss5LH:0IrZGfbjxLKpjxe70czlP_otP_mSrV_Srf4XKku-sYA','2024-10-05 19:00:27.712791');
INSERT INTO django_session VALUES('6g1in8iw7mrz5pg7te0n43affxs6qcom','.eJxVjE0OwiAQhe_C2hCgBUZ3ehEyDkNobGgisDLeXWq60ORt3vd-XiJgbzn0ys-wRHER1ojTL7wjPbjsCa7rjiUSbb00-e0ccZXX4bi0hbAtW7kdq7-rjDWPH_B4psgGaAaOqFMCDU6ZyF5ZRHYwpTn6SVurtDaoDcMQuIkG9V68P-28PCk:1ss6K3:2XcEky9kwyRpG9Hx9oHFtJN78ndSJyE1V9fG49BwEe4','2024-10-05 20:03:15.988084');
INSERT INTO django_session VALUES('285uy99f5mt0lrfntfsnpf304sep1r8v','.eJxVjE0OwiAQhe_C2hCgBUZ3ehEyDkNobGgisDLeXWq60ORt3vd-XiJgbzn0ys-wRHER1ojTL7wjPbjsCa7rjiUSbb00-e0ccZXX4bi0hbAtW7kdq7-rjDWPH_B4psgGaAaOqFMCDU6ZyF5ZRHYwpTn6SVurtDaoDcMQuIkG9V68P-28PCk:1ssN11:qo00FEn02sc4ILYEfAn6hEpcpjB_LRRmGbjwT2upHFU','2024-10-06 13:52:43.382715');
INSERT INTO django_session VALUES('7sfzu2963uqjzpfb3cprhw8du0fbosyp','e30:1ssNuO:hLZXVZQjNCTrsBRDWpOr1jSPVT7JM15-Um2kXY_8Q7Q','2024-10-06 14:49:56.116407');
INSERT INTO django_session VALUES('eydi003zu4bu11fmnsqgxq1cwzh0pnai','.eJxVjMEKwyAQRP_Fc5FoErf21vyIbNYVpcFA1VPpvzeWHNrLwMybmZdw2Gp0rfDTJS9uYhaX32xFenDuALetxxKJ9par_HZOXOT9cJxrIqxpz8u5-ruKWOLxQzZYUGjA6MCTRfCIZrTWmwGGLuPsJ1jZK1ZEWgfUSgEwBUa-Ki3eH8GHPLE:1ssQqR:7zh2WySAFOLC8cLUtNvtUetFgZuYXBQjp7KjvgvBkGY','2024-10-06 17:58:03.231771');
INSERT INTO django_session VALUES('dgrbxgl2c8h2e6kohzgz9jd42dvtfypx','.eJwNyttugjAAANB_6TMsrFgQHhluugvYeQm4LARL1cZKKbRlSPj3-XzOCDpBWMlLQoSuVdGpUtEOhCPopax1fl0p48kYDhyEPyNoWkFo93DAxZnVwAJVqUoQ1ppzCzRXQgsiKloY2rITo-0j5iu0S-dHzOwWptWxTOwvZLLbzKD4tY8GHHuaSM-pv3X90a1PxsNV5mN7h-C2Wb7jRXQ37A8dgrdY793FcO-T6EJlhVOtmAw2L12-WWN1TnPJ1JLr_WXrJnaa3Xol6GH49MBkPfvQd4I5cmZPvg8R9NzfafoHCOJUyg:1ssjDU:-Gwf9Wd0rvsBGIjE2-kpYi5XJQ5_5XwrXqdAZgNdXEw','2024-10-07 13:35:04.773617');
INSERT INTO django_session VALUES('zx0pktpq6nm6ypq74y01w0zj3q71qyd2','.eJxVT8tuhSAQ_ZdZGwMzqOCu_Y2mMSPgldRKI9jNzf33onXjZjI5r5zzBLY27mseeM-zX3OwnENch2-f5-gS9B9P-P-hhxRt4OVyQAWcoZcddlIoamWtW621oQp-tvgbnN-K5RHjY_FFu4cjQUpJSrflCqlE1whE08Hrs4KzwLAnvw2nsjVwA0e2X349GF6WA66vHvWpuehUv912vF-uW9TMaT5ymkawM141Vk1EpLwoU5wlwSxGHgknabUmZxwyaqRpNMpoNoSiAAivP0CAZhw:1sskjx:qRL-8T9LJNFZ08s8ZaZs_vvYkc1tg7bJ9zRRQy0UNhI','2024-10-07 15:12:41.880525');
INSERT INTO django_session VALUES('rbfo2yemu6cq0dr53am073edbfoo3vpx','.eJxVjE0OwiAQhe_C2hCgBUZ3ehEyDkNobGgisDLeXWq60ORt3vd-XiJgbzn0ys-wRHER1ojTL7wjPbjsCa7rjiUSbb00-e0ccZXX4bi0hbAtW7kdq7-rjDWPH_B4psgGaAaOqFMCDU6ZyF5ZRHYwpTn6SVurtDaoDcMQuIkG9V68P-28PCk:1sslgi:mRWUhgBIt-tLTaXpRZmbI70h0f4ReIjKx3zk9hIgHyk','2024-10-07 16:13:24.881258');
INSERT INTO django_session VALUES('qdl27vudueaum7dwz5bnfz0d4q1bjfhq','.eJxVj81uhDAMhN_FZ4Tyn8Ct-xpVhZyQLKiUVCT0gnj3DSw9cLPG34zHG6ToRpzQubjOuUsZs0_QbnsF_xquefBzHh3mMc7dj89D7AvzucF7hvaeAsWboaWaaUoMMazmVHJtKvhd4t_Y-6U4njE-J1_QdTwCKGmkEoYoQ6hQutGGMg77VwXn_W5NfulOUnK4iRbdt5-PDU7TIddXjfpkrnWqP25vPC7XLWrANJQc4aW2nHktCe-t4YHKQG1QVoqGKirRmGADBhG8IJwJF5CUup4KExhRCPsL4BZwNQ:1sslhy:Q8COBsL7gr2caSXpWsUyx7HMoilYvktvMhQwhXkWlsI','2024-10-07 16:14:42.331113');
INSERT INTO django_session VALUES('u9qyyvdlmt4hxxucbv01uowzmxmvzzgi','.eJxVjE0OwiAQhe_C2hCgBUZ3ehEyDkNobGgisDLeXWq60ORt3vd-XiJgbzn0ys-wRHER1ojTL7wjPbjsCa7rjiUSbb00-e0ccZXX4bi0hbAtW7kdq7-rjDWPH_B4psgGaAaOqFMCDU6ZyF5ZRHYwpTn6SVurtDaoDcMQuIkG9V68P-28PCk:1stQAK:Ja-uf55J6yt-Srteg8Wjf_tz3emNGcI0UC4Pk-oK0hI','2024-10-09 11:26:40.264272');
INSERT INTO django_session VALUES('0qyjhzmu74nm2m6ftrxij644y7wqch32','.eJxVjE0OwiAQhe_C2hCgBUZ3ehEyDkNobGgisDLeXWq60ORt3vd-XiJgbzn0ys-wRHER1ojTL7wjPbjsCa7rjiUSbb00-e0ccZXX4bi0hbAtW7kdq7-rjDWPH_B4psgGaAaOqFMCDU6ZyF5ZRHYwpTn6SVurtDaoDcMQuIkG9V68P-28PCk:1svE5H:PHKxeCqsCNWn3dxnN4vTbCzYcmZZtQ2lfzIcoDJweSs','2024-10-14 10:56:55.207280');
INSERT INTO django_session VALUES('4rk5vbe11hqwybpo1651k13uevg6zso0','.eJxVjE0OwiAQhe_C2hCgBUZ3ehEyDkNobGgisDLeXWq60ORt3vd-XiJgbzn0ys-wRHER1ojTL7wjPbjsCa7rjiUSbb00-e0ccZXX4bi0hbAtW7kdq7-rjDWPH_B4psgGaAaOqFMCDU6ZyF5ZRHYwpTn6SVurtDaoDcMQuIkG9V68P-28PCk:1svE75:dEtcMBbUiukraypvTvJbcGrOxKiekpSCS0j3yg--dJI','2024-10-14 10:58:47.391134');
INSERT INTO django_session VALUES('6in5l7ttgsgdrhc44lu60ivqxnqe25eo','.eJxVjE0OwiAQhe_C2hCgBUZ3ehEyDkNobGgisDLeXWq60ORt3vd-XiJgbzn0ys-wRHER1ojTL7wjPbjsCa7rjiUSbb00-e0ccZXX4bi0hbAtW7kdq7-rjDWPH_B4psgGaAaOqFMCDU6ZyF5ZRHYwpTn6SVurtDaoDcMQuIkG9V68P-28PCk:1svPcw:cWTgVw5yd6aL-eLqCUGxvHy15R43DYs-crXqyaRBkR4','2024-10-14 23:16:26.043992');
INSERT INTO django_session VALUES('600f2tqkleqzsjv37suovqbgui8oc4bf','.eJxVjE0OwiAQhe_C2hCgBUZ3ehEyDkNobGgisDLeXWq60ORt3vd-XiJgbzn0ys-wRHER1ojTL7wjPbjsCa7rjiUSbb00-e0ccZXX4bi0hbAtW7kdq7-rjDWPH_B4psgGaAaOqFMCDU6ZyF5ZRHYwpTn6SVurtDaoDcMQuIkG9V68P-28PCk:1svQYm:c3HkqXFRQfK3a6P7Q5tgkqevLkndN8C92rLL2wyGfIA','2024-10-15 00:16:12.072492');
INSERT INTO django_session VALUES('dv3y88tavstqlk4fb58knoh5oird0glp','.eJxVjE0OwiAQhe_C2hCgBUZ3ehEyDkNobGgisDLeXWq60ORt3vd-XiJgbzn0ys-wRHER1ojTL7wjPbjsCa7rjiUSbb00-e0ccZXX4bi0hbAtW7kdq7-rjDWPH_B4psgGaAaOqFMCDU6ZyF5ZRHYwpTn6SVurtDaoDcMQuIkG9V68P-28PCk:1svQx5:0D4L2PoC-Wa2vyNggS0UqXbGhj-7NCniu5gaWDnd3Zs','2024-10-15 00:41:19.822303');
INSERT INTO django_session VALUES('pmhk434fvvsj1kv0g52hhu5si5ea767u','.eJxVjE0OwiAQhe_C2hCgBUZ3ehEyDkNobGgisDLeXWq60ORt3vd-XiJgbzn0ys-wRHER1ojTL7wjPbjsCa7rjiUSbb00-e0ccZXX4bi0hbAtW7kdq7-rjDWPH_B4psgGaAaOqFMCDU6ZyF5ZRHYwpTn6SVurtDaoDcMQuIkG9V68P-28PCk:1svXR0:R511IxUTBkZXnioLaA3vod3NG1-PkCiPxI39yTF1ldM','2024-10-15 07:36:38.906801');
INSERT INTO django_session VALUES('k8eofg4c11dvse36lca4jcc45leszxpu','.eJwNyktygjAAANC7ZE07EAICy2grajUqn1o6HSbEgCAEGhCsDHev6_dG0NYspyVlrL6JLm472vEWOCNItu6d_A5-tdJ2wjePwPkeQSNrxtung7LOcgEUcKYdBY64laUCmivjMavPPO65zNOcy2d8f5ReglOhR9VsbV1XWnD42OqbfqCXuo0I2hT0ZU_kxVwMfIk0XPDc6_QvY24WLi683Z-K3DQJ5bwPgtMiw3ERNdBH9zf4OdgGbg4sHJiRZmFjV65BpDisxZLYeyN1McGPE5gUbQYtZKm2Cl-hZkIT_UzTP-4xUlY:1syWqE:CNcHvEiXWxCkA08E7qZsZVQw1IGAdmQEyOaggI1kFp4','2024-10-23 13:35:02.218592');
INSERT INTO django_session VALUES('ds286ovt40wram1zy6gxk88eqxytzbyy','.eJwNyttOgzAAANB_6TMaRqkD3tgyGXE4DEQQYxospTSrhdGLM4R_d8_nLECNhLeiJWQ0UmOlW00ViBag1a5GQtosP5HG7SyIPhcwzSOh6u5AjIxL4ICu1S2IpBHCAdOFUEzGjmJLZ95zOt_jA5NZeqsFLMLLAVeHFBtrT3MTGBX_sHIcUJLUSIr41_amEwErYD-ovGQeMgS_JR_vW_da7JtylxuW3eJcYr-_fpOG--c_z_XdSib-s84KlW4oml684jzwCr3uqyM3sDqC1dlsvQCF0A_cRwhhCOHT17r-A_OpU6s:1sz080:lPeAE9LaJgVr1pXqQhq0qbZ4koOCzOKiaUwZwi0WUi4','2024-10-24 20:51:20.335583');
INSERT INTO django_session VALUES('cz5b96vyphw6qe2ra7xmfsq8vh0w97t8','.eJwNyttugjAYAOB36TVZKGe5G3OCaEjG-IdzWUhXy0E6iqWACeHd9fr7FjQI2hBOKBVjp4pBEcUG5C9I1CHu5f57ZNl-89Y6yP9ZUC8FZcPTERdV0yENXYgiyO9GzjXUt5QVVFxYMTHZlA2Tz0hauE7xFT5fg9sxP-tZEZpFSV26-4rqTYJPWEEFKg2Htqy9cO4iNgMJ5fYIgZ3OJlRZ0IDFb6U6JPw97oK729OUpe7OTuAUn7see2CnEqpmKqHND87HXRn_SR6BjLd_aNWwa3gONiwPv5i6pRu69buuD4kwU40:1sz54T:s9Nu1aF-WCIVAEbmbD3eRzIhZQC31Sd7MqJXvy8deY8','2024-10-25 02:08:01.306433');
INSERT INTO django_session VALUES('kpl1rftxypa21e57vmnw1wlffjtqapgj','.eJxVj0FuhDAMRe_iNUKJkxDCrr1GVSFjwoBKSUVCN4i7N8zQBZIX1vd_3_YOMfBEMzGHbUltTJR8hGY_CvjXaEujX9LElKawtN8-jaHPno8dXj009xTIbIJGWqwrhVrrEo3UtoCfNfxOvV8z8AjhMfvs3KaTl0LqXBnAWjiJaFUl4Pgs4Lm-3aJf25dTwU3siL_8ck5onk-5vK4on55rHMu32xfvF3WLGimOOQcFO8fCVX1NnRZO9GwHp41EpXrTdTVbQaisZERviDttkIZBKTKMFRMcf2jocAI:1szAGS:KAL6nVSGpFWksOWe_tMLNVW-SPmgmuBTixg1rSB838c','2024-10-25 07:40:44.271217');
INSERT INTO django_session VALUES('wh6omqikv2bx087lvqu3egg4rxji64o7','.eJwNyttOgzAAANB_6TMargX2RjBubC5cVDZrDKmlw6blEgqFQfh393zOCmRLGBaYkHZshkIOeKAS7FZgVnvjpbVgPuaQTxEEu-8VdH1LqHw4EG3FGqCBEg8Y7JpRCA10nNCCtCUtFO3ZjdH-Ecmxm-3f5X5JlDc-TbdzlMb3iKCDmsskS_Plb4qrC7c_3bBwvuYlU-xqucs7SnxlDtckhqc6K6Tp89KWepjae4MHw_mNwsDMJ4KCeirj9Hj44I4x6lQhXFMRCoxYjE6vmIBNM1zT81zP0Z1ny4A-dJ2fbfsHcDlTrw:1t0CHB:caNZoBeKh8FiJFh2KnkffIFybP7Kc-yCcZ1AnK4qdzU','2024-10-28 04:01:45.318351');
INSERT INTO django_session VALUES('do9pa9gojz2a70bkc5n2vh8rhoug1aq4','.eJxVj0tuhDAQRO_Sa4Tc_mFml7lGFKG2sQcUgiNsskHcPYaQBbtW1atS9QYpupEmci6uc-5SpuwTPLa9gn-N1jz4OY-O8hjn7svnIfaFed_g74bHvQVKNsMDG25Mq1HImikmOfIKvpf4M_Z-KZFXjK_JF3YdjwZkrdLSMG0YSt20jUEuYP-o4BzQrckv3UkqATfRkvv08-HQNB1yfe2oT-ayU_12--N5pW5VA6Wh9EivGiu4bxQTvTUioApog7ZKtqhRkTHBBgoyeMkEly4QK3M9ShM40wT7LzKkcGU:1t0GrW:Yej4jEgCbLVtFxMrj3S96cUJzL5aY9wEkUZ-07BFpyM','2024-10-28 08:55:34.069274');
INSERT INTO django_session VALUES('9jf2xz1adnel85kqxl67a2hutgsvihu9','.eJwNysFugjAAANB_6RkWKHMVbzLBmCBKpmPZspDSltFQWqQtbhD-fZ7fm4FWhGOBCVFWmlIbbJgGmxnY1_3aCtKeO6JPvErA5msG_aAI0w8HQv1wCRxAscFgI60QDuhbwkqiKCtHNvCas-ERz9CNq0lhStvrpUABdaPPvojyCd-6Yvd83G7lPa1PtddUNnCLpEzLGw8E9NOIjjY0-JC4e_o2-k0XS5SYvyBMX3aGZ8dL64vD-B6zbNVkuL_DiMZ5HuTplDIcDk3ywfSvBIvjIxh6no8QfIIeROtV8L0s_5zUU4A:1t0iLM:U5JfYezl89-2phgAXMzvOVErsFMQaeUDhsR6XtAwaaw','2024-10-29 14:16:12.204207');
INSERT INTO django_session VALUES('wfz3fy3phpj3gc6uuag3ft44hmpymm62','.eJwNys1OgzAAAOB36ZkZpJPCbjgI2wE0IDAwhmDp-Kst0FI3Ce_uzt-3AsFxV9EKY74wWQpZSSLAYQVBlivvJITt5V5xD31w-FzBOHNMxMMB5U3HgAbqSlbgwBZKNTAOmJSY16RUZO6uHZkfMV1yy2QuvbGrnRt-tpx7RZGDE5IHyq336vgDRWMVH8KE2NkF_jv_dr0lZOk9vgShgZCIHNlj3W8Hf2qn1_CUtUNNrIuZjVH8l8ooHvpdY6liStgM9-fw6Nz6xHz7HUnoLGDTnpFh68iC-suTARGEuvG1bf-Tx1PV:1t12Fl:VvJAgT-Zhk8UEJl8KATtDYIYIfMrrA6HvM6Pfl55cUs','2024-10-30 11:31:45.239041');
INSERT INTO django_session VALUES('8ytw93zy3g8yrbceq4hsp4oynz6n2luh','.eJwNzklugzAAQNG7eA1VmEt2LZAEKS4ZlAKqKgTGYIPLYBuqCHH3sP5v8RcgekRzliPUT53MhMwlFmC_gOTiwkd7D7XS4-SfzGD_s4CB9wiLrQPW17QDCihzmYN9NzGmgKFFOEN9ibMZc1pRzDcoM_78HHQ1vk6uCKb3htjjrXKye5IGvBLQb-eBhkXqmYW_0x12bir4PWOLjB6NEsoCq1bRdjALv741MZaPA7t8HYsTDK9uSNrxYEbp-Tjz5PkRq7o1SVGSVP3zIRoimJ7AqmiO7pq65WjGm7OzDdswf9f1BfsoVHk:1t2Ud7:pBw7ElRz17rHwpr4ZDhvs5wXSFhoNbVQUQ7EfDkjGI8','2024-11-03 12:01:53.708138');
INSERT INTO django_session VALUES('f6vzcbvgu5oj2r2iugmq47c8ivn0cv3h','.eJwNyttOgzAAANB_6TMa6FZujyMDHAZwoGwYQ2pbWQUpl8IghH93z-esYBCE4xoTIsZGFoPEkg3AXkHom9eOf9O8CypOTymwP1fQ9oKw4eGgFiVvgAIolhjYzVjXCmgrwgoiKCsm1vMfzvpHXLLpInwj5LFjnb3gnrj1oYpDX6Oy9Giqhd58LYXaDAjCxEfOtJ-ccy_TyOVwuTzBLs1fvRs1IjoGUEbLxw5nme-21t90ctJxjN_3vhexBv8OL2blkRHtDkks6_kIb_PbMQebohnQ0jUD6eqziVRDR-hr2_4BiEdTYA:1t3IXQ:Pld-ixOPsNFdQaIiRQtXyEToQw4N8ylHQ572WAYwBoM','2024-11-05 17:19:20.852398');
INSERT INTO django_session VALUES('d8yir00wrxyrc67knqdusnjd6na9lgob','.eJxVj0luhTAMhu_iNUJxAhnY9V2jqpBfhkdUSioSukHcvUDpgp31D5_tFXKykUayNi1T6XOh4jN061bBv0ZLGfxUoqUS09R_-TIkt2feV_ibobtTYO8W6FBxoyQTyGqNhnFZwfecfqLz8954pfQa_R5d4gFA1Ew3UjRGCm00V8gYwvZRwbm_X7Kf-zMpBdzEJ9lPPx0OjeMh19cZ9Zm57Fy_3d54XK0baqA87BwRAtdKPNFLywMFZZCjaQ05rVsrg1VOEkdS5Ixo2uCtN4o5Li0hd8zB9gvsB3DT:1t3tfq:OV5NfnAHhVHDTpqEn-cpTU80OduBEVTOtAhZSb-iZQ8','2024-11-07 08:58:30.838585');
INSERT INTO django_session VALUES('d2spkf02hkp03i8nnw3q1t76is41733r','.eJwNylFzQzAAAOD_kmfdnegYb1rWMoye3cpu59IISwkuCW05_319_r4FiB5T1CKM-7GThZBIEgGsBUg0_iVxbYbVm9ll-xRYPwsYeI-JeDpo-5p2QAElkghY3di2ChgaTArcl6SYCKcVJfwZk6xz2exgdvZzes3sd9UJ_Hky0-Nuk6WfXhEPUfqaNP42DIrhO56isr7zps1Pen1hlYfohvAOftzOt0tiXIXqat6RTVmdazMUjzCnh4NA2ztyUh5NKZP2jjmRtkmSx_7LDWywKqoBTUNXITRfDKhDQ4W_6_oPu-9T8Q:1t3tuf:KaGDoY-N0_iH7WbCVzy-SU_OcTSDtI4-SyZDQJgKGFM','2024-11-07 09:13:49.727697');
INSERT INTO django_session VALUES('sl5zveldpijqxxsx7veuxdron7wl2jot','.eJwVzdtOgzAAgOF36TUxaxGp3FlOgtGE7OA2Y0hTaq2UlkNhTMK7O6__L_kXMBgmqaKMmVHbcrDU8gEEC8BHvn0SKNs_VC5KBQbBxwLa3jA-3DpQRkgNHFBRS0GgR6Uc0NaMl8xUvJx4L78k728QRW778jxmQoRd7NFXfTq4PwVKN8TfDax612OzM9k2R3HBCP1OsmtBSR6ZY5NqFdsCXTgkNYtkcpkxxyG0m66-djAnDTKelDNO6uRU7OVsIjOeharC8y_h92-Tmf4PYHWgjx4xRB6Edy7yfM_3P9f1D7wpUy4:1t47Fn:jtO0hJYioVTIQ9GGh5o5LFo7-eEyZ_qgE1FQ3-qH3e0','2024-11-07 23:28:31.326726');
INSERT INTO django_session VALUES('h0acdv1ktjka6are9cwv7erf74b1xfnm','.eJwNyttugjAAANB_6TMu3ArCG0bAMDUTDVGWhdS2so5LgRYIEP59Pp-zAMExQyXCmPe1zIREkgrgLoBWDknw_YCktAIv-QXu9wKajmMq3g5KnrMaKIAgiYBb92WpgKbANMOc0GygHXsx2r2jfz3Z80M_lPg2V7d0h9hXrW4wC9V7D_ckKvhYe5e28tr80xPTMM0OPz63KaziSQ_NaB-PQwD5eTB9qJKCWZu_th8suJNhSgyY2EIt8-YEX0dxHuHsPWJkRL54XkZxDXKTg1XRbENVdUt37I-tqZmapf2s6z-vJFOt:1t50rx:E-TraUKdCZDufxXIKxacpZE3bkOF2sVUY5IL_IyWhFE','2024-11-10 10:51:37.842785');
INSERT INTO django_session VALUES('susfl5s172dw5ze4f407euyzbp4tembb','.eJwNyttOgzAAANB_6TMzMGjHeEQ3WSLESLiIMaRpy22VcmvlEv59ez5nA6MgNeaYECHbKR8nPLEROBtA324aBsfbtTobKqMCOD8b6AZB2Ph0wEVZt0ADFE8YOK3kXAPdnbCcCMpyxYa6qNnwjD5E8NpX9V2qpKAfLIjV6tGJr4c59Jbk74Jc6kuvgTYzVP9vjXPeROZX10M3jN77GWaQyPJMSvaK3_zjHM8y0ftutdEtNZGrsosVVW1wOJKaFWlTDuVSWJgPqztVLF4-wa4ZJ1PXTxay4YtpQMPW7d99fwCxc1TR:1t5DSP:1sFWAALTHsqKTwXZEyjB_mE8BsGZKwLoMSJI4k7ChOE','2024-11-11 00:18:05.316074');
INSERT INTO django_session VALUES('72cxhuqcr4ujvpyp9g2xanrzktxeq4dg','.eJwNyttugjAYAOB36TUuMCinOyMS4gQiG0NcFlLKP8IsxxaIEN5dr79vRbylFWGE0nZsRMYFEcCRvaL4mI7OyBKs3Np9d8iR_bOibmgp8Jcj1pZVgyRUEEGQ3YyMSai7U8hoW0A2wVD9VTC8osrvahnK9TSGXTgN2pL5l1NsFLPjuZrRR-eg8oXiUj1YlpTX4BTp4cuc8b_nfcfnTwwXlpdT8lEESUQbt3k4oO_2sJsBoqo2CD5CdprivNMc4vc9fciue_XEw8gZuVlXhjZJMVRZNrGlm2-Wid8NjH-37QmtHVQq:1t5GOO:tsB5q7ykFqh62Ij25vsu89z-M0iafhz3ykbEuTWLocA','2024-11-11 03:26:08.986616');
INSERT INTO django_session VALUES('q00trv3a9qabdonk8qtiyt7tl955hhkc','.eJxVjEsOwiAUAO_C2hDk96hL956BPB4gVQNJaVemd29IutDtzGS-zOO2Fr_1tPg5shu7sssvC0jvVIeIL6zPxqnVdZkDHwk_beePFtPnfrZ_g4K9jK2QwgWVhcmkNWih0ABaMtEpMGhBT07IDBakISR0U5IQMCiwmqRLbD8At-43Fg:1t65fB:mFnlXRihVvm1A_S8CVu51hrrXBtAcNk3l0MM3k9iYhQ','2024-11-13 10:10:53.204846');
CREATE TABLE IF NOT EXISTS "django_site" ("id" integer NOT NULL PRIMARY KEY AUTOINCREMENT, "name" varchar(50) NOT NULL, "domain" varchar(100) NOT NULL UNIQUE);
INSERT INTO django_site VALUES(1,'Glow','glowph.tech');
CREATE TABLE IF NOT EXISTS "socialaccount_socialapp_sites" ("id" integer NOT NULL PRIMARY KEY AUTOINCREMENT, "socialapp_id" integer NOT NULL REFERENCES "socialaccount_socialapp" ("id") DEFERRABLE INITIALLY DEFERRED, "site_id" integer NOT NULL REFERENCES "django_site" ("id") DEFERRABLE INITIALLY DEFERRED);
CREATE TABLE IF NOT EXISTS "account_emailconfirmation" ("id" integer NOT NULL PRIMARY KEY AUTOINCREMENT, "created" datetime NOT NULL, "sent" datetime NULL, "key" varchar(64) NOT NULL UNIQUE, "email_address_id" integer NOT NULL REFERENCES "account_emailaddress" ("id") DEFERRABLE INITIALLY DEFERRED);
CREATE TABLE IF NOT EXISTS "socialaccount_socialaccount" ("id" integer NOT NULL PRIMARY KEY AUTOINCREMENT, "provider" varchar(200) NOT NULL, "uid" varchar(191) NOT NULL, "last_login" datetime NOT NULL, "date_joined" datetime NOT NULL, "extra_data" text NOT NULL CHECK ((JSON_VALID("extra_data") OR "extra_data" IS NULL)), "user_id" integer NOT NULL REFERENCES "auth_user" ("id") DEFERRABLE INITIALLY DEFERRED);
INSERT INTO socialaccount_socialaccount VALUES(3,'google','117231583457996716115','2024-08-07 13:43:27.360217','2024-04-28 06:30:29.089835','{"iss": "https://accounts.google.com", "azp": "963977549759-s4h9lvm05kq4gkkd00g7scm19at9q6mc.apps.googleusercontent.com", "aud": "963977549759-s4h9lvm05kq4gkkd00g7scm19at9q6mc.apps.googleusercontent.com", "sub": "117231583457996716115", "email": "justcua2001@gmail.com", "email_verified": true, "at_hash": "l79H1YrYLWteCGtOIHzMpw", "name": "Justine Cua", "picture": "https://lh3.googleusercontent.com/a/ACg8ocKsd2mfabyHe9m36oiKu2XWWCkLHufHqAigRRwKc6Tfks4FkQie=s96-c", "given_name": "Justine", "family_name": "Cua", "iat": 1723038207, "exp": 1723041807}',5);
INSERT INTO socialaccount_socialaccount VALUES(4,'google','101401428628091227360','2024-10-11 07:40:44.245409','2024-05-09 14:21:58.857614','{"iss": "https://accounts.google.com", "azp": "963977549759-s4h9lvm05kq4gkkd00g7scm19at9q6mc.apps.googleusercontent.com", "aud": "963977549759-s4h9lvm05kq4gkkd00g7scm19at9q6mc.apps.googleusercontent.com", "sub": "101401428628091227360", "hd": "my.smciligan.edu.ph", "email": "justineacain.cua@my.smciligan.edu.ph", "email_verified": true, "at_hash": "JQBWJuUtDRyX6zuwb55MLw", "name": "justine cua", "picture": "https://lh3.googleusercontent.com/a/ACg8ocJkR5moMjgAPJEVl8V0YcqzBgSeB_igJ6U4OaI5fDcwxjDEjVU=s96-c", "given_name": "justine", "family_name": "cua", "iat": 1728632444, "exp": 1728636044}',13);
INSERT INTO socialaccount_socialaccount VALUES(5,'google','105540867314126350764','2024-08-26 10:27:54.948023','2024-05-13 15:04:58.678946','{"iss": "https://accounts.google.com", "azp": "963977549759-s4h9lvm05kq4gkkd00g7scm19at9q6mc.apps.googleusercontent.com", "aud": "963977549759-s4h9lvm05kq4gkkd00g7scm19at9q6mc.apps.googleusercontent.com", "sub": "105540867314126350764", "email": "katsukiyu38@gmail.com", "email_verified": true, "at_hash": "zfpDynunMnyp-t8vl0jklw", "name": "Justine Cua", "picture": "https://lh3.googleusercontent.com/a/ACg8ocJEegrlLVFVUzdnlu2hKDRQ1HZ1rZPhvJYFm74Bl0bU9-LQ5CL7=s96-c", "given_name": "Justine", "family_name": "Cua", "iat": 1724668074, "exp": 1724671674}',17);
INSERT INTO socialaccount_socialaccount VALUES(6,'google','109564806801467978123','2024-10-14 08:55:34.040796','2024-07-02 05:39:48.746011','{"iss": "https://accounts.google.com", "azp": "963977549759-s4h9lvm05kq4gkkd00g7scm19at9q6mc.apps.googleusercontent.com", "aud": "963977549759-s4h9lvm05kq4gkkd00g7scm19at9q6mc.apps.googleusercontent.com", "sub": "109564806801467978123", "email": "paquejefferson@gmail.com", "email_verified": true, "at_hash": "GNq3AFQstQ3JfH8KBpS_xg", "name": "JEFFERSON PAQUE", "picture": "https://lh3.googleusercontent.com/a/ACg8ocJ5hxX38SWMedv3mMYfct6dcrwU-C1qhD4H7ar2LWW_j00HEg=s96-c", "given_name": "JEFFERSON", "family_name": "PAQUE", "iat": 1728896134, "exp": 1728899734}',53);
INSERT INTO socialaccount_socialaccount VALUES(7,'google','116998925768504032952','2024-07-02 11:20:20.872333','2024-07-02 11:20:20.872400','{"iss": "https://accounts.google.com", "azp": "963977549759-s4h9lvm05kq4gkkd00g7scm19at9q6mc.apps.googleusercontent.com", "aud": "963977549759-s4h9lvm05kq4gkkd00g7scm19at9q6mc.apps.googleusercontent.com", "sub": "116998925768504032952", "hd": "my.smciligan.edu.ph", "email": "jayraldmontealto.sumalpong@my.smciligan.edu.ph", "email_verified": true, "at_hash": "QNkvaBFLK3uWYxJKOeajPQ", "name": "jayrald sumalpong", "picture": "https://lh3.googleusercontent.com/a/ACg8ocJIDdGC8pnOVzFyf-mgBiMZUTUbAQ7KzGr4sa777f3XoGpXjA=s96-c", "given_name": "jayrald", "family_name": "sumalpong", "iat": 1719919220, "exp": 1719922820}',56);
INSERT INTO socialaccount_socialaccount VALUES(8,'google','110197272243033585236','2024-08-31 10:14:30.799835','2024-08-31 10:12:47.367405','{"iss": "https://accounts.google.com", "azp": "963977549759-s4h9lvm05kq4gkkd00g7scm19at9q6mc.apps.googleusercontent.com", "aud": "963977549759-s4h9lvm05kq4gkkd00g7scm19at9q6mc.apps.googleusercontent.com", "sub": "110197272243033585236", "hd": "my.smciligan.edu.ph", "email": "r.awa@my.smciligan.edu.ph", "email_verified": true, "at_hash": "AVuU7eC2T1AgV2y2umFC-g", "name": "reynan awa", "picture": "https://lh3.googleusercontent.com/a/ACg8ocL9SouTcT5Y5pabt6Q3MtyBA8Dau_X2Yg8VY2naTagrp7htBw=s96-c", "given_name": "reynan", "family_name": "awa", "iat": 1725099270, "exp": 1725102870}',61);
INSERT INTO socialaccount_socialaccount VALUES(9,'google','118084634963898271001','2024-10-24 08:58:30.811937','2024-09-04 04:23:18.697011','{"iss": "https://accounts.google.com", "azp": "963977549759-s4h9lvm05kq4gkkd00g7scm19at9q6mc.apps.googleusercontent.com", "aud": "963977549759-s4h9lvm05kq4gkkd00g7scm19at9q6mc.apps.googleusercontent.com", "sub": "118084634963898271001", "email": "e.maglangit221i@gmail.com", "email_verified": true, "at_hash": "Q3M-Rb0yk0YaGNfjf4mjQQ", "name": "Erwin James Maglangit (jim)", "picture": "https://lh3.googleusercontent.com/a/ACg8ocKVdFMnS5d5OvVsrBugmNsr07XhC44oGhaIiZHgYqiytcHHL9ia=s96-c", "given_name": "Erwin James", "family_name": "Maglangit", "iat": 1729760310, "exp": 1729763910}',63);
INSERT INTO socialaccount_socialaccount VALUES(10,'google','105653085803504218178','2024-09-04 06:24:03.053971','2024-09-04 06:24:03.054027','{"iss": "https://accounts.google.com", "azp": "963977549759-s4h9lvm05kq4gkkd00g7scm19at9q6mc.apps.googleusercontent.com", "aud": "963977549759-s4h9lvm05kq4gkkd00g7scm19at9q6mc.apps.googleusercontent.com", "sub": "105653085803504218178", "hd": "my.smciligan.edu.ph", "email": "elcamaeubanan.surban@my.smciligan.edu.ph", "email_verified": true, "at_hash": "E6pUp274fJ8rvkiO0SbdAA", "name": "Elca Mae Surban", "picture": "https://lh3.googleusercontent.com/a/ACg8ocJxSc0h8A5s5ZoT1sil_x0DvwTo1jgEhfOxqzr3u5CzX9vbFAo=s96-c", "given_name": "Elca Mae", "family_name": "Surban", "iat": 1725431043, "exp": 1725434643}',64);
INSERT INTO socialaccount_socialaccount VALUES(11,'google','105739208907841193040','2024-09-12 12:53:18.459988','2024-09-12 12:53:18.460029','{"iss": "https://accounts.google.com", "azp": "963977549759-s4h9lvm05kq4gkkd00g7scm19at9q6mc.apps.googleusercontent.com", "aud": "963977549759-s4h9lvm05kq4gkkd00g7scm19at9q6mc.apps.googleusercontent.com", "sub": "105739208907841193040", "hd": "my.smciligan.edu.ph", "email": "vaughnjosephcayabyab.imperial@my.smciligan.edu.ph", "email_verified": true, "at_hash": "eiTj-w0wHIto_r6lApMM8g", "name": "Vaughn Joseph Imperial", "picture": "https://lh3.googleusercontent.com/a/ACg8ocKjDIJg2NKeLsG1Bcw5PqzXryDXHGGVG-HwbL3GDP_UsV1HYg=s96-c", "given_name": "Vaughn Joseph", "family_name": "Imperial", "iat": 1726145598, "exp": 1726149198}',67);
INSERT INTO socialaccount_socialaccount VALUES(12,'google','109824144572018046602','2024-09-16 15:14:00.782643','2024-09-12 14:12:45.134406','{"iss": "https://accounts.google.com", "azp": "963977549759-s4h9lvm05kq4gkkd00g7scm19at9q6mc.apps.googleusercontent.com", "aud": "963977549759-s4h9lvm05kq4gkkd00g7scm19at9q6mc.apps.googleusercontent.com", "sub": "109824144572018046602", "hd": "my.smciligan.edu.ph", "email": "ferryljaybagaloyos.bojo@my.smciligan.edu.ph", "email_verified": true, "at_hash": "IfTmbu-gMiG1YXLUdbGTxg", "name": "ferryl jay bojo", "picture": "https://lh3.googleusercontent.com/a/ACg8ocJ2U_n9d5Or8IXL1_78PyOL7ilFAI2GS0fHv7CjN6aVTyZq5A=s96-c", "given_name": "ferryl jay", "family_name": "bojo", "iat": 1726499640, "exp": 1726503240}',68);
INSERT INTO socialaccount_socialaccount VALUES(13,'google','111348611301407502297','2024-09-23 15:12:41.856764','2024-09-23 15:09:42.519241','{"iss": "https://accounts.google.com", "azp": "963977549759-s4h9lvm05kq4gkkd00g7scm19at9q6mc.apps.googleusercontent.com", "aud": "963977549759-s4h9lvm05kq4gkkd00g7scm19at9q6mc.apps.googleusercontent.com", "sub": "111348611301407502297", "email": "imperialvjoseph@gmail.com", "email_verified": true, "at_hash": "lkR8ImhLMtGIofYBlOZ38Q", "name": "Imperial", "picture": "https://lh3.googleusercontent.com/a/ACg8ocK5QpH8WtNlYVpw4b9IyxRDA5yoUA3-3tRidZZjuUMQzq3XLPgC=s96-c", "given_name": "Imperial", "iat": 1727104361, "exp": 1727107961}',69);
CREATE TABLE IF NOT EXISTS "socialaccount_socialapp" ("id" integer NOT NULL PRIMARY KEY AUTOINCREMENT, "provider" varchar(30) NOT NULL, "name" varchar(40) NOT NULL, "client_id" varchar(191) NOT NULL, "secret" varchar(191) NOT NULL, "key" varchar(191) NOT NULL, "provider_id" varchar(200) NOT NULL, "settings" text NOT NULL CHECK ((JSON_VALID("settings") OR "settings" IS NULL)));
INSERT INTO socialaccount_socialapp VALUES(1,'google','Google','963977549759-s4h9lvm05kq4gkkd00g7scm19at9q6mc.apps.googleusercontent.com','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','','','{}');
CREATE TABLE IF NOT EXISTS "socialaccount_socialtoken" ("id" integer NOT NULL PRIMARY KEY AUTOINCREMENT, "token" text NOT NULL, "token_secret" text NOT NULL, "expires_at" datetime NULL, "account_id" integer NOT NULL REFERENCES "socialaccount_socialaccount" ("id") DEFERRABLE INITIALLY DEFERRED, "app_id" integer NULL REFERENCES "socialaccount_socialapp" ("id") DEFERRABLE INITIALLY DEFERRED);
CREATE TABLE IF NOT EXISTS "Agora_audience" ("id" integer NOT NULL PRIMARY KEY AUTOINCREMENT, "audience" varchar(150) NOT NULL, "description" varchar(255) NOT NULL, "link" varchar(200) NULL);
INSERT INTO Agora_audience VALUES(1,'Public','Everyone can view','https://ik.imagekit.io/b9bdd5j68/world.png');
INSERT INTO Agora_audience VALUES(2,'Private','Only you can view','https://ik.imagekit.io/b9bdd5j68/padlock.png');
INSERT INTO Agora_audience VALUES(3,'Followers','Followers can view','https://ik.imagekit.io/b9bdd5j68/people.png');
CREATE TABLE IF NOT EXISTS "Agora_photo" ("id" integer NOT NULL PRIMARY KEY AUTOINCREMENT, "link" varchar(200) NOT NULL, "post_id" bigint NULL REFERENCES "Agora_post" ("id") DEFERRABLE INITIALLY DEFERRED, "link_id_imagekit" varchar(355) NULL);
INSERT INTO Agora_photo VALUES(97,'https://ik.imagekit.io/b9bdd5j68/28777aca7118e97d9bbb9c29a8f786fe_b_Hmd1vBB.jpg',16,NULL);
INSERT INTO Agora_photo VALUES(99,'https://ik.imagekit.io/b9bdd5j68/7322026d32f406ff1b404c9dce9face6_SHw23taEj.jpg',18,NULL);
INSERT INTO Agora_photo VALUES(100,'https://ik.imagekit.io/b9bdd5j68/6c3240761d2588ce951e44a09971091f_sOPbtb2XG.jpg',18,NULL);
INSERT INTO Agora_photo VALUES(101,'https://ik.imagekit.io/b9bdd5j68/f59f355c725ad73fa5b86dac102d8251_czE83EHXA.jpg',18,NULL);
INSERT INTO Agora_photo VALUES(102,'https://ik.imagekit.io/b9bdd5j68/fb12ec301c4c16bbd6d82a011e322acb_UoesjFhuy.jpg',19,NULL);
INSERT INTO Agora_photo VALUES(103,'https://ik.imagekit.io/b9bdd5j68/9466b5eebdb464b391bd3ce7d64fd2b3_L53Lo-6XU.jpg',19,NULL);
INSERT INTO Agora_photo VALUES(104,'https://ik.imagekit.io/b9bdd5j68/28777aca7118e97d9bbb9c29a8f786fe_R9tKd5uDv.jpg',NULL,NULL);
INSERT INTO Agora_photo VALUES(105,'https://ik.imagekit.io/b9bdd5j68/images_loktjFx1qb.png',20,NULL);
INSERT INTO Agora_photo VALUES(106,'https://ik.imagekit.io/b9bdd5j68/20240424_102708_jet1s9kGb2.jpg',21,NULL);
INSERT INTO Agora_photo VALUES(107,'https://ik.imagekit.io/b9bdd5j68/20240425_154912_gDanIDQob.jpg',23,NULL);
INSERT INTO Agora_photo VALUES(108,'https://ik.imagekit.io/b9bdd5j68/20240430_150022_gYBzY6DMpo.jpg',23,NULL);
INSERT INTO Agora_photo VALUES(109,'https://ik.imagekit.io/b9bdd5j68/20240430_112310_LaUNIan8E.jpg',24,NULL);
INSERT INTO Agora_photo VALUES(110,'https://ik.imagekit.io/b9bdd5j68/20240425_152553_pp6aNSN1L.jpg',24,NULL);
INSERT INTO Agora_photo VALUES(111,'https://ik.imagekit.io/b9bdd5j68/sato_u7T104lLPN.png',25,NULL);
INSERT INTO Agora_photo VALUES(112,'https://ik.imagekit.io/b9bdd5j68/goj_tVfhioZ_X.webp',25,NULL);
INSERT INTO Agora_photo VALUES(113,'https://ik.imagekit.io/b9bdd5j68/monkey_-Z6ovfOFab.jpg',26,NULL);
INSERT INTO Agora_photo VALUES(114,'https://ik.imagekit.io/b9bdd5j68/images_Ytw2Kn4_i.jpg',27,NULL);
INSERT INTO Agora_photo VALUES(115,'https://ik.imagekit.io/b9bdd5j68/WIN_20240223_09_50_48_Pro_ddeCakQSU.jpg',28,NULL);
INSERT INTO Agora_photo VALUES(116,'https://ik.imagekit.io/b9bdd5j68/117883013_gorilla_dianfosseygorillafund1_BS4_Axl1s.jpg',30,NULL);
INSERT INTO Agora_photo VALUES(117,'https://ik.imagekit.io/b9bdd5j68/200w_dLxwP20VP.gif',31,NULL);
INSERT INTO Agora_photo VALUES(118,'https://ik.imagekit.io/b9bdd5j68/444762042_1754214485067084_6999832117113675537_n_-_Copy_PpH0qhqH7.jpg',32,NULL);
INSERT INTO Agora_photo VALUES(119,'https://ik.imagekit.io/b9bdd5j68/442020521_788800486648420_754139746070799316_n_moHJyXS9et.jpg',32,NULL);
INSERT INTO Agora_photo VALUES(120,'https://ik.imagekit.io/b9bdd5j68/442020521_788800486648420_754139746070799316_n_-_Copy_icKVuCU4q.jpg',32,NULL);
INSERT INTO Agora_photo VALUES(121,'https://ik.imagekit.io/b9bdd5j68/resize_NWN3aepnK.webp',33,NULL);
INSERT INTO Agora_photo VALUES(122,'https://ik.imagekit.io/b9bdd5j68/jb_hriycEvmO.jpg',35,NULL);
INSERT INTO Agora_photo VALUES(123,'https://ik.imagekit.io/b9bdd5j68/daddy_JweWFtyyA.jpg',35,NULL);
INSERT INTO Agora_photo VALUES(124,'https://ik.imagekit.io/b9bdd5j68/tygs_Dx-T0AilX.jpg',35,NULL);
INSERT INTO Agora_photo VALUES(125,'https://ik.imagekit.io/b9bdd5j68/maxres2_nRe34YXvW.jpg',37,NULL);
INSERT INTO Agora_photo VALUES(126,'https://ik.imagekit.io/b9bdd5j68/444762042_1754214485067084_6999832117113675537_n_-_Copy_x210IUPPN.jpg',38,NULL);
INSERT INTO Agora_photo VALUES(127,'https://ik.imagekit.io/b9bdd5j68/442020521_788800486648420_754139746070799316_n_P_T8umgjJ5.jpg',38,NULL);
INSERT INTO Agora_photo VALUES(128,'https://ik.imagekit.io/b9bdd5j68/442020521_788800486648420_754139746070799316_n_-_Copy_7yHfjz7rYV.jpg',38,NULL);
INSERT INTO Agora_photo VALUES(129,'https://ik.imagekit.io/b9bdd5j68/1_VELNSo79X.jpeg',39,NULL);
INSERT INTO Agora_photo VALUES(130,'https://ik.imagekit.io/b9bdd5j68/download_jZMr3yuqS.jpg',41,NULL);
INSERT INTO Agora_photo VALUES(131,'https://ik.imagekit.io/b9bdd5j68/444762042_1754214485067084_6999832117113675537_n_-_Copy_GAdv2SzYnd.jpg',43,NULL);
INSERT INTO Agora_photo VALUES(132,'https://ik.imagekit.io/b9bdd5j68/442020521_788800486648420_754139746070799316_n_fe3L7VY1q8.jpg',43,NULL);
INSERT INTO Agora_photo VALUES(133,'https://ik.imagekit.io/b9bdd5j68/442020521_788800486648420_754139746070799316_n_-_Copy_J0ELUdrUt.jpg',43,NULL);
INSERT INTO Agora_photo VALUES(134,'https://ik.imagekit.io/b9bdd5j68/lil-nas-x-met-gala_XGvy_8mFk.webp',44,NULL);
INSERT INTO Agora_photo VALUES(135,'https://ik.imagekit.io/b9bdd5j68/sad_gWNBNRyI0.jpg',45,NULL);
INSERT INTO Agora_photo VALUES(136,'https://ik.imagekit.io/b9bdd5j68/balo_28X17MvLc.jpg',46,NULL);
INSERT INTO Agora_photo VALUES(137,'https://ik.imagekit.io/b9bdd5j68/Coco-Martin-as-Juan-dela-Cruz-01-jpg_081130_ibvJq_zRx.jpg',47,NULL);
INSERT INTO Agora_photo VALUES(138,'https://ik.imagekit.io/b9bdd5j68/selos_dnd8MLD5l.jpg',48,NULL);
INSERT INTO Agora_photo VALUES(139,'https://ik.imagekit.io/b9bdd5j68/akin_4xWCi786O.jpg',49,NULL);
INSERT INTO Agora_photo VALUES(140,'https://ik.imagekit.io/b9bdd5j68/images__1__pZHyk_ULG.jpg',50,NULL);
INSERT INTO Agora_photo VALUES(141,'https://ik.imagekit.io/b9bdd5j68/1be47d63-2a7f-4f5a-be17-c2d6bccd3fd8-1660410315473_q1OXk8E6yD.jpg',51,NULL);
INSERT INTO Agora_photo VALUES(142,'https://ik.imagekit.io/b9bdd5j68/bbgiant_U2J1hu_A6.jpg',52,NULL);
INSERT INTO Agora_photo VALUES(143,'https://ik.imagekit.io/b9bdd5j68/bbgiant_0PGiQ4MiY.jpg',53,NULL);
INSERT INTO Agora_photo VALUES(144,'https://ik.imagekit.io/b9bdd5j68/has_ROUZAOfw44.jpg',54,NULL);
INSERT INTO Agora_photo VALUES(145,'https://ik.imagekit.io/b9bdd5j68/labron_nr-FgphfP.jpg',55,NULL);
INSERT INTO Agora_photo VALUES(146,'https://ik.imagekit.io/b9bdd5j68/images__2__dzKPApc3mc.jpg',56,NULL);
INSERT INTO Agora_photo VALUES(147,'https://ik.imagekit.io/b9bdd5j68/maxresdefault_4GUodYvDc6.jpg',57,NULL);
INSERT INTO Agora_photo VALUES(148,'https://ik.imagekit.io/b9bdd5j68/qkipwl78k4sb1_GlA_IR-dQ.webp',58,NULL);
INSERT INTO Agora_photo VALUES(149,'https://ik.imagekit.io/b9bdd5j68/kenshin_YM7Cv0S1K.jpg',59,NULL);
INSERT INTO Agora_photo VALUES(150,'https://ik.imagekit.io/b9bdd5j68/nas_-fYUHATtV.jpg',60,NULL);
INSERT INTO Agora_photo VALUES(151,'https://ik.imagekit.io/b9bdd5j68/kalbo_tlggLp-15.jpg',61,NULL);
INSERT INTO Agora_photo VALUES(153,'https://ik.imagekit.io/b9bdd5j68/1_6BAFl0GCI.webp',63,NULL);
INSERT INTO Agora_photo VALUES(154,'https://ik.imagekit.io/b9bdd5j68/2_TzcQ3M8Ntm.jpg',63,NULL);
INSERT INTO Agora_photo VALUES(156,'https://ik.imagekit.io/b9bdd5j68/437684417_395591570033011_878838985911562383_n_tLmDVRzoV.jpg',69,NULL);
INSERT INTO Agora_photo VALUES(157,'https://ik.imagekit.io/b9bdd5j68/Aniruddha_feature-image_4b32b63c5c28c858e051e9d1a2a717a1_JJMvk4Dzu.png',70,NULL);
INSERT INTO Agora_photo VALUES(158,'https://ik.imagekit.io/b9bdd5j68/licensed-image_6tlx8qupO.jpg',71,NULL);
INSERT INTO Agora_photo VALUES(159,'https://ik.imagekit.io/b9bdd5j68/ken_DdUyEHdRu.jpg',73,NULL);
INSERT INTO Agora_photo VALUES(160,'https://ik.imagekit.io/b9bdd5j68/yasmin_43aFiYVj5.jpg',74,NULL);
INSERT INTO Agora_photo VALUES(161,'https://ik.imagekit.io/b9bdd5j68/maxresdefault__1__45XmG3tE9.jpg',76,NULL);
INSERT INTO Agora_photo VALUES(162,'https://ik.imagekit.io/b9bdd5j68/received_776105966951856_1E0VPvTz_.jpeg',77,NULL);
INSERT INTO Agora_photo VALUES(163,'https://ik.imagekit.io/b9bdd5j68/jessica_-FrW840J6.jpeg',78,NULL);
INSERT INTO Agora_photo VALUES(164,'https://ik.imagekit.io/b9bdd5j68/IMG_20230919_210134_PVpyHMSEdt.jpg',79,NULL);
INSERT INTO Agora_photo VALUES(165,'https://ik.imagekit.io/b9bdd5j68/17162764629338966394880021280254_9nEpmPlTO.jpg',81,NULL);
INSERT INTO Agora_photo VALUES(167,'https://ik.imagekit.io/b9bdd5j68/IMG_20230715_183603_DHC4BnE4l.jpg',84,NULL);
INSERT INTO Agora_photo VALUES(168,'https://ik.imagekit.io/b9bdd5j68/IMG_0772_AA65Xv5Ba.JPEG',85,NULL);
INSERT INTO Agora_photo VALUES(169,'https://ik.imagekit.io/b9bdd5j68/17162771003437132051878529709193_UautPS5Le.jpg',86,NULL);
INSERT INTO Agora_photo VALUES(170,'https://ik.imagekit.io/b9bdd5j68/IMG20240521154059_-dQu5uhCH.jpg',87,NULL);
INSERT INTO Agora_photo VALUES(172,'https://ik.imagekit.io/b9bdd5j68/happy_-m_PbrDR7.jpg',92,NULL);
INSERT INTO Agora_photo VALUES(174,'https://ik.imagekit.io/b9bdd5j68/17162821258916347411224953609534_rem0iwngF.jpg',94,NULL);
INSERT INTO Agora_photo VALUES(209,'https://ik.imagekit.io/b9bdd5j68/download__1__NWuSFdAOX.jpeg',331,'66d8031fe375273f60f26cdc');
INSERT INTO Agora_photo VALUES(210,'https://ik.imagekit.io/b9bdd5j68/download__2__nZwuJDsph.jpeg',332,'66d80760e375273f6002b196');
INSERT INTO Agora_photo VALUES(214,'https://ik.imagekit.io/b9bdd5j68/asdddd_6GghVHUUA.jfif',335,'66d9b68be375273f602defe7');
INSERT INTO Agora_photo VALUES(217,'https://ik.imagekit.io/b9bdd5j68/il_340x270.1148497591_itjr_vYMyLt8a-.jpg',344,'66e705f0e375273f608c0d6b');
INSERT INTO Agora_photo VALUES(218,'https://ik.imagekit.io/b9bdd5j68/Screenshot_2024-09-16_000725_V7sOB5zp3.png',345,'66e70671e375273f608e232c');
INSERT INTO Agora_photo VALUES(219,'https://ik.imagekit.io/b9bdd5j68/18278471_430538227302772_3239734762936024370_o_YtcsHhgU1.jpg',346,'66e70ad4e375273f60a5d3fc');
INSERT INTO Agora_photo VALUES(220,'https://ik.imagekit.io/b9bdd5j68/tedoy__FN_82zPc.jpg',347,'66e84bb5e375273f60ab09cb');
INSERT INTO Agora_photo VALUES(221,'https://ik.imagekit.io/b9bdd5j68/e8529b61056b64e9b576ffa00ca28a54__z3cs9OlH.jpg',349,'66e85d80e375273f60083792');
INSERT INTO Agora_photo VALUES(222,'https://ik.imagekit.io/b9bdd5j68/drew-beamer-Vc1pJfvoQvY-unsplash-scaled_I1VNdRgvC.jpg',350,'66f06efee375273f60253fe4');
INSERT INTO Agora_photo VALUES(223,'https://ik.imagekit.io/b9bdd5j68/c1e6ca35f9fe7de026f86cd1c5c05d57_WZH26O0mA.jpg',351,'66f07053e375273f6029c8ab');
INSERT INTO Agora_photo VALUES(224,'https://ik.imagekit.io/b9bdd5j68/lbjsssnose_v8auSIXgI.jpg',404,'671a0ca5e375273f603a78db');
CREATE TABLE IF NOT EXISTS "Agora_video" ("id" integer NOT NULL PRIMARY KEY AUTOINCREMENT, "link" varchar(200) NOT NULL, "post_id" bigint NULL REFERENCES "Agora_post" ("id") DEFERRABLE INITIALLY DEFERRED);
CREATE TABLE IF NOT EXISTS "Agora_notification" ("id" integer NOT NULL PRIMARY KEY AUTOINCREMENT, "content" varchar(255) NOT NULL, "status" varchar(100) NOT NULL, "friend_request_id" bigint NULL REFERENCES "Agora_friend" ("id") DEFERRABLE INITIALLY DEFERRED);
INSERT INTO Agora_notification VALUES(17,'Justine Cua sent you a friend request','Unread',1);
INSERT INTO Agora_notification VALUES(18,'jonah Saffer accepted your friend request','confirmed',1);
INSERT INTO Agora_notification VALUES(19,'MemeBoy ?? sent you a friend request','Unread',2);
INSERT INTO Agora_notification VALUES(20,'Justine Cua accepted your friend request','confirmed',2);
INSERT INTO Agora_notification VALUES(21,'Evie Lindsey sent you a friend request','Unread',3);
INSERT INTO Agora_notification VALUES(22,'Justine Cua accepted your friend request','confirmed',3);
INSERT INTO Agora_notification VALUES(23,'Am_I Miley? sent you a friend request','Unread',4);
INSERT INTO Agora_notification VALUES(24,'Aniyah Guerra sent you a friend request','Unread',5);
INSERT INTO Agora_notification VALUES(25,'Justine Cua accepted your friend request','confirmed',5);
INSERT INTO Agora_notification VALUES(26,'Justine Cua sent you a friend request','Unread',6);
INSERT INTO Agora_notification VALUES(27,'Ylle Lui accepted your friend request','confirmed',6);
INSERT INTO Agora_notification VALUES(28,'Justine Cua accepted your friend request','confirmed',4);
INSERT INTO Agora_notification VALUES(29,'Am_I Miley? sent you a friend request','Unread',7);
INSERT INTO Agora_notification VALUES(30,'Aniyah Guerra accepted your friend request','confirmed',7);
INSERT INTO Agora_notification VALUES(31,'Aniyah Guerra sent you a friend request','Unread',8);
INSERT INTO Agora_notification VALUES(32,'MemeBoy ?? sent you a friend request','Unread',9);
INSERT INTO Agora_notification VALUES(33,'Aniyah Guerra accepted your friend request','confirmed',9);
INSERT INTO Agora_notification VALUES(34,'Justine Cua sent you a friend request','Unread',10);
INSERT INTO Agora_notification VALUES(35,'Vince Tecson accepted your friend request','confirmed',10);
INSERT INTO Agora_notification VALUES(36,'Vince Tecson sent you a friend request','Unread',11);
INSERT INTO Agora_notification VALUES(37,'jk avs sent you a friend request','Unread',12);
INSERT INTO Agora_notification VALUES(38,'Jayrald Sumalpong accepted your friend request','confirmed',12);
INSERT INTO Agora_notification VALUES(39,'Vince Tecson sent you a friend request','Unread',13);
INSERT INTO Agora_notification VALUES(40,'jk avs accepted your friend request','confirmed',13);
INSERT INTO Agora_notification VALUES(41,'Rosalio Gwapo sent you a friend request','Unread',14);
INSERT INTO Agora_notification VALUES(42,'Justine Cua sent you a friend request','Unread',15);
INSERT INTO Agora_notification VALUES(43,'Rosalio Gwapo sent you a friend request','Unread',16);
INSERT INTO Agora_notification VALUES(44,'Rosalio Gwapo sent you a friend request','Unread',17);
INSERT INTO Agora_notification VALUES(45,'Jayrald Sumalpong sent you a friend request','Unread',18);
INSERT INTO Agora_notification VALUES(46,'Jayrald Sumalpong sent you a friend request','Unread',19);
INSERT INTO Agora_notification VALUES(47,'Rosalio Gwapo sent you a friend request','Unread',20);
INSERT INTO Agora_notification VALUES(48,'Joji Sta Maria accepted your friend request','confirmed',17);
INSERT INTO Agora_notification VALUES(49,'Jayrald Sumalpong accepted your friend request','confirmed',20);
INSERT INTO Agora_notification VALUES(50,'Joji Sta Maria sent you a friend request','Unread',21);
INSERT INTO Agora_notification VALUES(51,'jk avs sent you a friend request','Unread',22);
INSERT INTO Agora_notification VALUES(52,'Mitch Angelo Pacanon accepted your friend request','confirmed',21);
INSERT INTO Agora_notification VALUES(53,'Mitch Angelo Pacanon accepted your friend request','confirmed',18);
INSERT INTO Agora_notification VALUES(54,'Rosalio Gwapo accepted your friend request','confirmed',19);
INSERT INTO Agora_notification VALUES(55,'Mitch Angelo Pacanon accepted your friend request','confirmed',18);
INSERT INTO Agora_notification VALUES(56,'Mitch Angelo Pacanon accepted your friend request','confirmed',18);
INSERT INTO Agora_notification VALUES(57,'june kris sent you a friend request','Unread',23);
INSERT INTO Agora_notification VALUES(58,'june kris sent you a friend request','Unread',24);
INSERT INTO Agora_notification VALUES(59,'Jason Janad sent you a friend request','Unread',25);
INSERT INTO Agora_notification VALUES(60,'Joji Sta Maria Sta Maria accepted your friend request','confirmed',25);
INSERT INTO Agora_notification VALUES(61,'Joji Sta Maria Sta Maria accepted your friend request','confirmed',25);
INSERT INTO Agora_notification VALUES(62,'Mitch Angelo Pacanon accepted your friend request','confirmed',24);
INSERT INTO Agora_notification VALUES(63,'Mitch Angelo Pacanon accepted your friend request','confirmed',24);
INSERT INTO Agora_notification VALUES(64,'Mitch Angelo Pacanon accepted your friend request','confirmed',23);
INSERT INTO Agora_notification VALUES(65,'Mitch Angelo Pacanon accepted your friend request','confirmed',23);
INSERT INTO Agora_notification VALUES(66,'Mitch Angelo Pacanon accepted your friend request','confirmed',23);
INSERT INTO Agora_notification VALUES(67,'Mitch Angelo Pacanon accepted your friend request','confirmed',23);
INSERT INTO Agora_notification VALUES(68,'Mitch Angelo Pacanon accepted your friend request','confirmed',23);
INSERT INTO Agora_notification VALUES(69,'Mitch Angelo Pacanon accepted your friend request','confirmed',16);
INSERT INTO Agora_notification VALUES(70,'Mitch Angelo Pacanon accepted your friend request','confirmed',16);
INSERT INTO Agora_notification VALUES(71,'Mitch Angelo Pacanon accepted your friend request','confirmed',16);
INSERT INTO Agora_notification VALUES(72,'Mitch Angelo Pacanon accepted your friend request','confirmed',16);
INSERT INTO Agora_notification VALUES(73,'Mitch Angelo Pacanon accepted your friend request','confirmed',16);
INSERT INTO Agora_notification VALUES(74,'Mitch Angelo Pacanon accepted your friend request','confirmed',16);
INSERT INTO Agora_notification VALUES(75,'jung cute sent you a friend request','Unread',26);
INSERT INTO Agora_notification VALUES(76,'Rosalio Gwapo sent you a friend request','Unread',27);
INSERT INTO Agora_notification VALUES(77,'Mitch Angelo Pacanon accepted your friend request','confirmed',26);
INSERT INTO Agora_notification VALUES(78,'jk avs sent you a friend request','Unread',28);
INSERT INTO Agora_notification VALUES(79,'jung cute sent you a friend request','Unread',29);
INSERT INTO Agora_notification VALUES(80,'Lebron James sent you a friend request','Unread',30);
INSERT INTO Agora_notification VALUES(81,'Joji Sta Maria :) accepted your friend request','confirmed',30);
INSERT INTO Agora_notification VALUES(82,'Joji Sta Maria :) accepted your friend request','confirmed',29);
INSERT INTO Agora_notification VALUES(83,'Joji Sta Maria :) accepted your friend request','confirmed',28);
INSERT INTO Agora_notification VALUES(84,'Joji Sta Maria :) accepted your friend request','confirmed',28);
INSERT INTO Agora_notification VALUES(85,'Joji Sta Maria :) accepted your friend request','confirmed',29);
INSERT INTO Agora_notification VALUES(86,'Joji Sta Maria :) accepted your friend request','confirmed',29);
INSERT INTO Agora_notification VALUES(87,'Joji Sta Maria :) accepted your friend request','confirmed',29);
INSERT INTO Agora_notification VALUES(88,'Lebron James accepted your friend request','confirmed',27);
INSERT INTO Agora_notification VALUES(89,'jk avs sent you a friend request','Unread',31);
INSERT INTO Agora_notification VALUES(90,'Lebron James sent you a friend request','Unread',32);
INSERT INTO Agora_notification VALUES(91,'Jason Janad sent you a friend request','Unread',33);
INSERT INTO Agora_notification VALUES(92,'jung cute accepted your friend request','confirmed',33);
INSERT INTO Agora_notification VALUES(93,'jk avs sent you a friend request','Unread',34);
INSERT INTO Agora_notification VALUES(94,'Lebron James accepted your friend request','confirmed',34);
INSERT INTO Agora_notification VALUES(95,'Lebron James accepted your friend request','confirmed',34);
INSERT INTO Agora_notification VALUES(96,'angkol tonyo sent you a friend request','Unread',35);
INSERT INTO Agora_notification VALUES(97,'angkol tonyo sent you a friend request','Unread',36);
INSERT INTO Agora_notification VALUES(98,'angkol tonyo sent you a friend request','Unread',37);
INSERT INTO Agora_notification VALUES(99,'jung cute sent you a friend request','Unread',38);
INSERT INTO Agora_notification VALUES(100,'jung cute accepted your friend request','confirmed',36);
INSERT INTO Agora_notification VALUES(101,'jung cute accepted your friend request','confirmed',36);
INSERT INTO Agora_notification VALUES(102,'jung cute accepted your friend request','confirmed',36);
INSERT INTO Agora_notification VALUES(103,'jung cute accepted your friend request','confirmed',36);
INSERT INTO Agora_notification VALUES(104,'jung cute accepted your friend request','confirmed',36);
INSERT INTO Agora_notification VALUES(105,'Sury Kawpost sent you a friend request','Unread',39);
INSERT INTO Agora_notification VALUES(106,'Sury Kawpost sent you a friend request','Unread',40);
INSERT INTO Agora_notification VALUES(107,'Sury Kawpost sent you a friend request','Unread',41);
INSERT INTO Agora_notification VALUES(108,'Sury Kawpost sent you a friend request','Unread',42);
INSERT INTO Agora_notification VALUES(109,'Sury Kawpost sent you a friend request','Unread',43);
INSERT INTO Agora_notification VALUES(110,'Sury Kawpost sent you a friend request','Unread',44);
INSERT INTO Agora_notification VALUES(111,'Sury Kawpost sent you a friend request','Unread',45);
CREATE TABLE IF NOT EXISTS "Agora_post" ("id" integer NOT NULL PRIMARY KEY AUTOINCREMENT, "caption" varchar(800) NULL, "account_id" bigint NULL REFERENCES "Agora_account" ("id") DEFERRABLE INITIALLY DEFERRED, "audience_id" bigint NULL REFERENCES "Agora_audience" ("id") DEFERRABLE INITIALLY DEFERRED, "dateTime" datetime NULL);
INSERT INTO Agora_post VALUES(16,'asdwad',15,1,'2024-05-12 04:14:34.540556');
INSERT INTO Agora_post VALUES(18,'casawadad😍',16,1,'2024-05-12 09:36:45.442685');
INSERT INTO Agora_post VALUES(19,'grinding for satisfaction',13,1,'2024-05-12 15:27:30.175999');
INSERT INTO Agora_post VALUES(20,'asda',13,1,'2024-05-21 02:50:42.764685');
INSERT INTO Agora_post VALUES(21,'hi guysss, looking for filipina women',23,1,'2024-05-21 03:01:00.492374');
INSERT INTO Agora_post VALUES(22,'with friendsssss',23,1,'2024-05-21 03:02:08.995454');
INSERT INTO Agora_post VALUES(23,'hi guyssss',23,1,'2024-05-21 03:03:08.964180');
INSERT INTO Agora_post VALUES(24,'la lng....',24,1,'2024-05-21 03:07:32.773673');
INSERT INTO Agora_post VALUES(25,'',25,1,'2024-05-21 05:59:03.071241');
INSERT INTO Agora_post VALUES(26,'Hi guys. I''m here :)',27,1,'2024-05-21 06:08:56.505878');
INSERT INTO Agora_post VALUES(27,replace('masarap maglaro ng dots hehe <3<3\n#Bhox''$_M3LD1E\n#M46AL1N6_M46D0t$\n#P4D63MA1N','\n',char(10)),27,1,'2024-05-21 06:11:32.248634');
INSERT INTO Agora_post VALUES(28,'Hi guys I''m new here',28,1,'2024-05-21 06:18:54.889537');
INSERT INTO Agora_post VALUES(29,'hi',28,1,'2024-05-21 06:23:45.668726');
INSERT INTO Agora_post VALUES(30,replace('sana aq nlungs hu hu\n','\n',char(10)),27,1,'2024-05-21 06:24:37.207635');
INSERT INTO Agora_post VALUES(31,'happy bday maam mj',29,1,'2024-05-21 06:25:39.979292');
INSERT INTO Agora_post VALUES(32,'DADDYS HOME',32,1,'2024-05-21 06:26:25.853308');
INSERT INTO Agora_post VALUES(33,replace('GUUUUYS LAMI AU BURGIR HUHUUUUU T-T\n\nAAAAAAAAAAAAAAAAAAAAAA','\n',char(10)),27,1,'2024-05-21 06:27:05.244542');
INSERT INTO Agora_post VALUES(34,'',29,1,'2024-05-21 06:30:35.435365');
INSERT INTO Agora_post VALUES(35,'MY NAME IS TYGA',32,1,'2024-05-21 06:32:28.080483');
INSERT INTO Agora_post VALUES(36,replace('SYSTEM DEFENDED YEEY!\n\n#defended\n#yey\n#smc<3','\n',char(10)),28,1,'2024-05-21 06:33:01.298206');
INSERT INTO Agora_post VALUES(37,'ngayo ko motivation',33,1,'2024-05-21 06:33:02.775474');
INSERT INTO Agora_post VALUES(38,'',32,1,'2024-05-21 06:33:20.837519');
INSERT INTO Agora_post VALUES(39,'Planning.',34,1,'2024-05-21 06:33:29.537822');
INSERT INTO Agora_post VALUES(40,'Hi guys! XD.... just presented my final project and I am so happy :D :)))) yehey!',27,1,'2024-05-21 06:34:00.642557');
INSERT INTO Agora_post VALUES(41,'mood rn',35,1,'2024-05-21 06:35:39.979318');
INSERT INTO Agora_post VALUES(43,'',32,1,'2024-05-21 06:40:11.834103');
INSERT INTO Agora_post VALUES(44,'',33,1,'2024-05-21 06:40:33.823969');
INSERT INTO Agora_post VALUES(45,'',27,1,'2024-05-21 06:45:10.274912');
INSERT INTO Agora_post VALUES(46,'ALA?',32,1,'2024-05-21 06:46:08.368185');
INSERT INTO Agora_post VALUES(47,replace('Anti-Bagsak Post\n#share_to_activate','\n',char(10)),33,1,'2024-05-21 06:46:37.743081');
INSERT INTO Agora_post VALUES(48,'',32,1,'2024-05-21 06:47:50.801658');
INSERT INTO Agora_post VALUES(49,'AKIN NA PUSO MO',32,1,'2024-05-21 06:48:43.657441');
INSERT INTO Agora_post VALUES(50,'2pm = 2log',33,1,'2024-05-21 06:49:03.276686');
INSERT INTO Agora_post VALUES(51,'BUSSS!',36,1,'2024-05-21 06:50:34.768085');
INSERT INTO Agora_post VALUES(52,'',37,1,'2024-05-21 06:51:05.828112');
INSERT INTO Agora_post VALUES(53,'',37,1,'2024-05-21 06:51:44.500849');
INSERT INTO Agora_post VALUES(54,'MY EVERYTHING',32,1,'2024-05-21 06:52:25.851767');
INSERT INTO Agora_post VALUES(55,'you are my sunshine. ',38,1,'2024-05-21 06:52:52.465675');
INSERT INTO Agora_post VALUES(56,'',33,1,'2024-05-21 06:53:35.983859');
INSERT INTO Agora_post VALUES(57,'Peaky Blinders Season 7 Episode 1 ',38,1,'2024-05-21 06:54:09.359797');
INSERT INTO Agora_post VALUES(58,'hehe',33,1,'2024-05-21 06:55:35.384034');
INSERT INTO Agora_post VALUES(59,'',37,1,'2024-05-21 06:56:11.618146');
INSERT INTO Agora_post VALUES(60,'',32,1,'2024-05-21 06:57:56.239606');
INSERT INTO Agora_post VALUES(61,'pano mo nasabe',37,1,'2024-05-21 07:00:35.478187');
INSERT INTO Agora_post VALUES(63,'',32,1,'2024-05-21 07:02:48.358677');
INSERT INTO Agora_post VALUES(64,'tbh gosto ko talaga mageng maganda kaso si junnie gosto nya mga panget kaya hende ako mag aadjust kase maganda aqu hihi ',33,1,'2024-05-21 07:04:38.647551');
INSERT INTO Agora_post VALUES(69,'',37,1,'2024-05-21 07:10:20.975331');
INSERT INTO Agora_post VALUES(70,':)',36,1,'2024-05-21 07:10:48.133151');
INSERT INTO Agora_post VALUES(71,'Joshy wya?',38,1,'2024-05-21 07:10:56.832026');
INSERT INTO Agora_post VALUES(73,'',32,1,'2024-05-21 07:18:00.262795');
INSERT INTO Agora_post VALUES(74,'',37,1,'2024-05-21 07:18:45.256722');
INSERT INTO Agora_post VALUES(75,'Waz lingaw. Awpp 😀',40,1,'2024-05-21 07:19:37.166119');
INSERT INTO Agora_post VALUES(76,'',38,1,'2024-05-21 07:21:10.796148');
INSERT INTO Agora_post VALUES(77,'little tonyo',40,1,'2024-05-21 07:22:33.201607');
INSERT INTO Agora_post VALUES(78,'',37,1,'2024-05-21 07:24:00.715690');
INSERT INTO Agora_post VALUES(79,'study time',40,1,'2024-05-21 07:25:13.139022');
INSERT INTO Agora_post VALUES(80,replace('hello friends\n','\n',char(10)),27,1,'2024-05-21 07:28:35.413780');
INSERT INTO Agora_post VALUES(81,'atm. wew!',40,1,'2024-05-21 07:29:02.567333');
INSERT INTO Agora_post VALUES(82,replace('hi madlang peps\n','\n',char(10)),27,1,'2024-05-21 07:29:38.093592');
INSERT INTO Agora_post VALUES(84,'Cousins! 🤣',40,1,'2024-05-21 07:36:30.844441');
INSERT INTO Agora_post VALUES(85,'Sleep 😭🐕🦮🐕‍🦺',41,1,'2024-05-21 07:36:57.595185');
INSERT INTO Agora_post VALUES(86,'System undefended 😭😭',41,1,'2024-05-21 07:39:20.105133');
INSERT INTO Agora_post VALUES(87,replace('playing music at cc1\n#FUN','\n',char(10)),32,1,'2024-05-21 07:49:21.654426');
INSERT INTO Agora_post VALUES(89,'pasali gc guys hheheeh XD active user here .... XDXDXD',29,1,'2024-05-21 07:59:24.802605');
INSERT INTO Agora_post VALUES(91,'pasali gc guys hheheeh XD active user here .... XDXDXD',29,1,'2024-05-21 08:09:03.787502');
INSERT INTO Agora_post VALUES(92,'HHappy birthday maam MJ',34,1,'2024-05-21 08:48:32.454875');
INSERT INTO Agora_post VALUES(94,'waiting',41,1,'2024-05-21 09:02:22.673933');
INSERT INTO Agora_post VALUES(95,'ANO NANAMAN ITO',32,1,'2024-05-21 12:59:43.937179');
INSERT INTO Agora_post VALUES(256,'fei chang gao xiang',56,1,'2024-07-02 11:13:16.449410');
INSERT INTO Agora_post VALUES(268,'sup, im Max',78,1,'2024-08-04 11:51:29.121337');
INSERT INTO Agora_post VALUES(269,'you can now switch to dark mode 😮',79,1,'2024-08-04 11:53:06.097818');
INSERT INTO Agora_post VALUES(271,'klase na 👨',18,1,'2024-08-13 08:03:10.508237');
INSERT INTO Agora_post VALUES(272,'6 days no update..',79,1,'2024-08-19 08:52:58.982190');
INSERT INTO Agora_post VALUES(273,'New Feature: Games! Check it out, everyone!',55,1,'2024-08-26 09:58:26.255200');
INSERT INTO Agora_post VALUES(274,'omg lets go cebu!!!!',27,1,'2024-08-31 09:36:44.142446');
INSERT INTO Agora_post VALUES(277,'15,900🤕😱',18,1,'2024-08-31 09:49:00.840497');
INSERT INTO Agora_post VALUES(326,'Hello everyone!! You can now delete your posts through your profile. 👋😍',82,1,'2024-09-02 15:22:08.602775');
INSERT INTO Agora_post VALUES(329,'adad',54,2,'2024-09-03 07:09:56.797504');
INSERT INTO Agora_post VALUES(330,'🥺🥺🥺🥺🥺🥺🥺🥺🥲🫠🥲',84,1,'2024-09-04 06:30:12.167119');
INSERT INTO Agora_post VALUES(331,'using Mac right now 🤩🤩',18,1,'2024-09-04 06:50:05.739874');
INSERT INTO Agora_post VALUES(332,'😮😮😮',18,1,'2024-09-04 07:08:14.743996');
INSERT INTO Agora_post VALUES(335,'kupal check',85,1,'2024-09-05 13:47:54.325345');
INSERT INTO Agora_post VALUES(338,'kupal',87,1,'2024-09-12 14:16:12.598433');
INSERT INTO Agora_post VALUES(340,'poyaaa, ge lng hinay2 ba',18,1,'2024-09-15 15:51:26.555453');
INSERT INTO Agora_post VALUES(342,'You can now change your profile guys!',82,1,'2024-09-15 15:58:54.606104');
INSERT INTO Agora_post VALUES(343,replace('https://www.glowph.tech/\n\ntry lng kung pwde link','\n',char(10)),13,1,'2024-09-15 16:02:39.763873');
INSERT INTO Agora_post VALUES(344,'bugs bunny',18,1,'2024-09-15 16:06:07.398625');
INSERT INTO Agora_post VALUES(345,'wow new feature😮',15,1,'2024-09-15 16:08:16.364706');
INSERT INTO Agora_post VALUES(346,'',20,1,'2024-09-15 16:26:59.593574');
INSERT INTO Agora_post VALUES(347,'',87,1,'2024-09-16 15:16:04.198949');
INSERT INTO Agora_post VALUES(348,'GIIIFFFFF',18,1,'2024-09-16 15:33:45.517241');
INSERT INTO Agora_post VALUES(349,'eh?',20,1,'2024-09-16 16:31:59.492450');
INSERT INTO Agora_post VALUES(350,'okay',13,1,'2024-09-22 19:24:45.239150');
INSERT INTO Agora_post VALUES(351,'',22,1,'2024-09-22 19:30:26.692889');
INSERT INTO Agora_post VALUES(352,'UPDATE: You can now change your profile & cover photo.',82,1,'2024-09-22 19:33:17.709703');
INSERT INTO Agora_post VALUES(402,'dawd',54,1,'2024-10-01 05:16:50.743318');
INSERT INTO Agora_post VALUES(403,'MITCH PACANON KUPAL',85,1,'2024-10-24 08:51:40.650494');
INSERT INTO Agora_post VALUES(404,'',83,1,'2024-10-24 09:00:20.086479');
CREATE TABLE IF NOT EXISTS "Agora_comment" ("id" integer NOT NULL PRIMARY KEY AUTOINCREMENT, "content" varchar(255) NOT NULL, "account_id" bigint NULL REFERENCES "Agora_account" ("id") DEFERRABLE INITIALLY DEFERRED, "post_id" bigint NULL REFERENCES "Agora_post" ("id") DEFERRABLE INITIALLY DEFERRED, "dateTime" datetime NULL);
INSERT INTO Agora_comment VALUES(48,'dfef',13,18,'2024-05-17 12:52:56.897128');
INSERT INTO Agora_comment VALUES(49,'aSQs',13,18,'2024-05-20 01:28:26.184800');
INSERT INTO Agora_comment VALUES(50,'aaa',13,18,'2024-05-20 01:29:52.578326');
INSERT INTO Agora_comment VALUES(51,'aaa',13,18,'2024-05-20 01:29:52.823384');
INSERT INTO Agora_comment VALUES(52,'huuu',13,18,'2024-05-20 01:30:00.285633');
INSERT INTO Agora_comment VALUES(53,'huuu',13,18,'2024-05-20 01:30:00.395143');
INSERT INTO Agora_comment VALUES(54,'aaaa',13,18,'2024-05-20 01:30:42.825116');
INSERT INTO Agora_comment VALUES(55,'wow',13,16,'2024-05-20 01:31:04.634544');
INSERT INTO Agora_comment VALUES(56,'hehe',24,23,'2024-05-21 05:10:49.966504');
INSERT INTO Agora_comment VALUES(57,'aw',24,23,'2024-05-21 05:11:45.160607');
INSERT INTO Agora_comment VALUES(58,'aaa',24,23,'2024-05-21 05:12:59.572806');
INSERT INTO Agora_comment VALUES(59,'...',13,24,'2024-05-21 05:14:14.190523');
INSERT INTO Agora_comment VALUES(60,'awawd',13,24,'2024-05-21 06:03:34.493123');
INSERT INTO Agora_comment VALUES(61,'garaa vince uy',13,25,'2024-05-21 06:05:06.960586');
INSERT INTO Agora_comment VALUES(62,'wow',29,28,'2024-05-21 06:21:43.494356');
INSERT INTO Agora_comment VALUES(63,'awp',29,23,'2024-05-21 06:22:10.287758');
INSERT INTO Agora_comment VALUES(64,'just woke up',29,28,'2024-05-21 06:23:20.527907');
INSERT INTO Agora_comment VALUES(65,'hello piiiiiiiiii',27,29,'2024-05-21 06:24:53.078925');
INSERT INTO Agora_comment VALUES(66,'wow @junnie',28,30,'2024-05-21 06:25:09.672423');
INSERT INTO Agora_comment VALUES(67,'still interested?',28,21,'2024-05-21 06:25:39.731917');
INSERT INTO Agora_comment VALUES(68,'hehe',29,29,'2024-05-21 06:27:10.105130');
INSERT INTO Agora_comment VALUES(69,'hehe hi pugi',27,32,'2024-05-21 06:27:50.419976');
INSERT INTO Agora_comment VALUES(70,'Happy Birthday po maam',27,31,'2024-05-21 06:29:28.036897');
INSERT INTO Agora_comment VALUES(71,'slaaaay',27,28,'2024-05-21 06:29:51.918561');
INSERT INTO Agora_comment VALUES(72,'cutie patootie',27,28,'2024-05-21 06:29:58.335609');
INSERT INTO Agora_comment VALUES(73,'HAPPY BIRTHDAYY MAAM THANK YOU SA PA BURGER!',28,31,'2024-05-21 06:30:09.502589');
INSERT INTO Agora_comment VALUES(74,'aha mo guys? apas ko XD..... :)',27,24,'2024-05-21 06:30:26.183360');
INSERT INTO Agora_comment VALUES(75,'junie emsss!',13,32,'2024-05-21 06:31:05.855993');
INSERT INTO Agora_comment VALUES(76,'HUHUHUHHUUHUH i lab burger too omg',28,33,'2024-05-21 06:31:06.834797');
INSERT INTO Agora_comment VALUES(77,'heello po interessted!',28,32,'2024-05-21 06:31:22.995777');
INSERT INTO Agora_comment VALUES(78,'go junsz!! :D  goodluck goodluck!!!!!! yeheey! XD XD. kaon dayon ta sa nonoys',27,34,'2024-05-21 06:31:28.921742');
INSERT INTO Agora_comment VALUES(79,'glglglglg po sa defense heehe ',28,34,'2024-05-21 06:32:33.074041');
INSERT INTO Agora_comment VALUES(80,'wow gojo',27,25,'2024-05-21 06:32:34.373771');
INSERT INTO Agora_comment VALUES(81,'#MANIFEST',29,35,'2024-05-21 06:32:51.828898');
INSERT INTO Agora_comment VALUES(82,'sana maging akin',29,35,'2024-05-21 06:33:44.534230');
INSERT INTO Agora_comment VALUES(83,'#pangarap',28,35,'2024-05-21 06:33:50.731785');
INSERT INTO Agora_comment VALUES(84,'asa mo?',28,39,'2024-05-21 06:34:31.021615');
INSERT INTO Agora_comment VALUES(85,'VERY NICE PICTURE. WHAT COUNTRY IS THIS',33,35,'2024-05-21 06:34:31.966564');
INSERT INTO Agora_comment VALUES(86,'#groupproject',29,39,'2024-05-21 06:34:43.551733');
INSERT INTO Agora_comment VALUES(87,'pa jowen',27,39,'2024-05-21 06:34:44.961103');
INSERT INTO Agora_comment VALUES(88,'KABAYOT',33,41,'2024-05-21 06:36:11.899361');
INSERT INTO Agora_comment VALUES(89,'SIGBIN',32,41,'2024-05-21 06:37:15.449126');
INSERT INTO Agora_comment VALUES(90,'Gabi',29,41,'2024-05-21 06:37:43.030736');
INSERT INTO Agora_comment VALUES(91,'luh',36,38,'2024-05-21 06:40:08.035056');
INSERT INTO Agora_comment VALUES(92,'hi daddy',36,35,'2024-05-21 06:40:43.722298');
INSERT INTO Agora_comment VALUES(93,'gif me some gold XD...... :D',27,44,'2024-05-21 06:40:59.312207');
INSERT INTO Agora_comment VALUES(94,'huhu.....unta oy pasar XD jkkkk lang..... :D',27,47,'2024-05-21 06:48:11.301412');
INSERT INTO Agora_comment VALUES(95,'WABALO!',36,46,'2024-05-21 06:48:40.804310');
INSERT INTO Agora_comment VALUES(96,'XD heehheh ',28,47,'2024-05-21 06:48:53.873759');
INSERT INTO Agora_comment VALUES(97,'PA?',28,46,'2024-05-21 06:49:30.761062');
INSERT INTO Agora_comment VALUES(98,'baii...... okay raka? XD',27,50,'2024-05-21 06:50:08.003200');
INSERT INTO Agora_comment VALUES(99,'baiiii.... nAunsa mAn ka?? XD XD',27,52,'2024-05-21 06:51:50.886405');
INSERT INTO Agora_comment VALUES(100,'ka cUt3..... XD . XD',27,53,'2024-05-21 06:52:42.319298');
INSERT INTO Agora_comment VALUES(101,'????????????????????????????',33,54,'2024-05-21 06:52:56.631343');
INSERT INTO Agora_comment VALUES(102,'my glorious king lebron james my pookie wookie UwU XD.... hahahah',27,55,'2024-05-21 06:53:30.554310');
INSERT INTO Agora_comment VALUES(103,'halanga oyy',33,59,'2024-05-21 06:56:38.795938');
INSERT INTO Agora_comment VALUES(104,'mhine',33,28,'2024-05-21 07:00:33.598928');
INSERT INTO Agora_comment VALUES(105,'mmmm sardinas',33,63,'2024-05-21 07:03:48.524319');
INSERT INTO Agora_comment VALUES(107,'Beha paghas*** wow man kaayog yayab',36,59,'2024-05-21 07:06:39.574480');
INSERT INTO Agora_comment VALUES(108,'kondoktor sa bus ',38,21,'2024-05-21 07:09:36.150961');
INSERT INTO Agora_comment VALUES(109,'cuteness',33,69,'2024-05-21 07:11:59.286296');
INSERT INTO Agora_comment VALUES(110,'mura mag si embrad',33,52,'2024-05-21 07:12:32.295520');
INSERT INTO Agora_comment VALUES(111,'n word',29,73,'2024-05-21 07:18:37.003092');
INSERT INTO Agora_comment VALUES(112,'nega',29,73,'2024-05-21 07:18:53.408764');
INSERT INTO Agora_comment VALUES(113,'tive',29,73,'2024-05-21 07:18:58.041870');
INSERT INTO Agora_comment VALUES(114,'aha tecson',42,87,'2024-05-21 07:53:23.252824');
INSERT INTO Agora_comment VALUES(115,'kinsa ka duh',42,89,'2024-05-21 08:00:40.497596');
INSERT INTO Agora_comment VALUES(116,'ako si  jayve bahian',27,78,'2024-05-21 08:49:55.434873');
INSERT INTO Agora_comment VALUES(117,'DFFDD',13,18,'2024-05-21 08:54:05.251550');
INSERT INTO Agora_comment VALUES(118,'woah',13,92,'2024-05-22 03:55:30.330293');
INSERT INTO Agora_comment VALUES(119,'woah',13,77,'2024-05-22 03:55:31.974226');
INSERT INTO Agora_comment VALUES(120,'woah',13,77,'2024-05-22 03:55:32.342894');
INSERT INTO Agora_comment VALUES(121,'double?',13,77,'2024-05-22 03:55:40.624337');
INSERT INTO Agora_comment VALUES(122,'double?',13,77,'2024-05-22 03:55:40.864212');
INSERT INTO Agora_comment VALUES(123,'double?',13,92,'2024-05-22 03:55:40.906370');
INSERT INTO Agora_comment VALUES(124,'aa',13,94,'2024-05-22 04:01:24.893900');
INSERT INTO Agora_comment VALUES(125,'yeey',13,94,'2024-05-22 04:01:29.873508');
INSERT INTO Agora_comment VALUES(126,'tangna mo',58,256,'2024-07-02 11:21:25.497403');
INSERT INTO Agora_comment VALUES(127,'nb',54,87,'2024-07-22 09:02:01.166640');
INSERT INTO Agora_comment VALUES(128,'nb',54,77,'2024-07-22 09:02:01.170325');
INSERT INTO Agora_comment VALUES(129,'nb',54,73,'2024-07-22 09:02:01.199328');
INSERT INTO Agora_comment VALUES(130,'nb',54,63,'2024-07-22 09:02:01.236243');
INSERT INTO Agora_comment VALUES(131,'nb',54,87,'2024-07-22 09:02:01.257338');
INSERT INTO Agora_comment VALUES(132,'nb',54,95,'2024-07-22 09:02:01.203183');
INSERT INTO Agora_comment VALUES(133,'n',54,94,'2024-07-22 09:02:14.045381');
INSERT INTO Agora_comment VALUES(134,'nnn',54,94,'2024-07-22 09:02:16.564929');
INSERT INTO Agora_comment VALUES(135,'aaaa',54,95,'2024-07-22 09:03:11.712520');
INSERT INTO Agora_comment VALUES(136,'aaaa',54,95,'2024-07-22 09:03:11.713200');
INSERT INTO Agora_comment VALUES(137,'xxxxxxx',54,95,'2024-07-22 09:03:14.314472');
INSERT INTO Agora_comment VALUES(138,'xxxxxxx',54,95,'2024-07-22 09:03:14.342378');
INSERT INTO Agora_comment VALUES(152,'hahah, ga post mn d ay ka',79,273,'2024-08-26 10:20:44.345595');
INSERT INTO Agora_comment VALUES(153,'omgggg :(((((',27,277,'2024-08-31 10:10:49.754164');
INSERT INTO Agora_comment VALUES(154,'omgggg :(((((',27,277,'2024-08-31 10:10:53.993230');
INSERT INTO Agora_comment VALUES(155,'paminaw elca',18,330,'2024-09-04 07:09:46.774794');
INSERT INTO Agora_comment VALUES(173,'yeeahh',22,350,'2024-09-22 19:27:06.781873');
INSERT INTO Agora_comment VALUES(174,'lets gooo',22,350,'2024-09-22 19:27:46.436465');
INSERT INTO Agora_comment VALUES(175,'Nice G!',88,352,'2024-09-23 15:24:38.655245');
INSERT INTO Agora_comment VALUES(176,'aaaaa',54,352,'2024-09-30 10:59:59.891754');
INSERT INTO Agora_comment VALUES(177,'www',54,352,'2024-09-30 11:03:28.365485');
INSERT INTO Agora_comment VALUES(257,'kkkkkkkk',54,331,'2024-10-01 05:14:05.364929');
INSERT INTO Agora_comment VALUES(258,'kkkkkkkk',54,344,'2024-10-01 05:14:06.653350');
INSERT INTO Agora_comment VALUES(259,'kkkkkkkk',54,332,'2024-10-01 05:14:06.660765');
INSERT INTO Agora_comment VALUES(260,'aaaa',54,332,'2024-10-01 05:15:08.074705');
INSERT INTO Agora_comment VALUES(261,'aaaaaa',54,402,'2024-10-01 05:16:54.836689');
INSERT INTO Agora_comment VALUES(262,'aaaaaaaa',54,402,'2024-10-01 05:17:07.330960');
INSERT INTO Agora_comment VALUES(263,'aaaa',54,349,'2024-10-01 05:17:20.854028');
INSERT INTO Agora_comment VALUES(264,'aaa',54,402,'2024-10-01 05:17:38.757096');
INSERT INTO Agora_comment VALUES(265,'333333',54,402,'2024-10-01 05:17:42.891869');
INSERT INTO Agora_comment VALUES(266,'aaaaaa',54,402,'2024-10-01 07:37:37.641492');
INSERT INTO Agora_comment VALUES(267,'rrrr',54,350,'2024-10-01 07:37:45.590645');
INSERT INTO Agora_comment VALUES(268,'cc',54,349,'2024-10-01 07:37:58.371720');
INSERT INTO Agora_comment VALUES(269,'aaaaw',54,349,'2024-10-01 07:38:20.916681');
INSERT INTO Agora_comment VALUES(270,'aaaaw',54,335,'2024-10-01 07:38:22.152077');
INSERT INTO Agora_comment VALUES(271,'teddoy',13,347,'2024-10-24 08:42:15.037177');
INSERT INTO Agora_comment VALUES(272,'bahalag silver ka\',13,347,'2024-10-24 08:42:32.858958');
INSERT INTO Agora_comment VALUES(273,'wowers',13,92,'2024-10-24 08:52:06.988202');
INSERT INTO Agora_comment VALUES(274,'wowers',13,77,'2024-10-24 08:52:07.022562');
INSERT INTO Agora_comment VALUES(275,'1',13,92,'2024-10-24 08:52:15.840032');
INSERT INTO Agora_comment VALUES(276,'1',13,77,'2024-10-24 08:52:15.874314');
INSERT INTO Agora_comment VALUES(277,'1',13,350,'2024-10-24 08:52:25.440771');
INSERT INTO Agora_comment VALUES(278,'1',13,350,'2024-10-24 08:52:30.255811');
INSERT INTO Agora_comment VALUES(279,'Daddy tyga',13,350,'2024-10-24 08:53:54.676792');
INSERT INTO Agora_comment VALUES(280,'Daddy tyga',13,35,'2024-10-24 08:53:54.923072');
INSERT INTO Agora_comment VALUES(281,'yucks',13,350,'2024-10-24 08:54:12.472580');
INSERT INTO Agora_comment VALUES(282,'yucks',13,32,'2024-10-24 08:54:12.632451');
INSERT INTO Agora_comment VALUES(283,'yucks',13,35,'2024-10-24 08:54:12.647368');
CREATE TABLE IF NOT EXISTS "Agora_friend" ("id" integer NOT NULL PRIMARY KEY AUTOINCREMENT, "status" varchar(100) NOT NULL, "date_became_friends" datetime NULL, "friend_id" bigint NULL REFERENCES "Agora_account" ("id") DEFERRABLE INITIALLY DEFERRED, "user_id" bigint NULL REFERENCES "Agora_account" ("id") DEFERRABLE INITIALLY DEFERRED, "date_friend_request" datetime NULL);
INSERT INTO Agora_friend VALUES(1,'Friends','2024-05-09 16:30:53.419122',21,13,'2024-05-09 16:30:53.419122');
INSERT INTO Agora_friend VALUES(2,'Friends','2024-05-10 04:56:44.169096',13,20,'2024-05-10 04:56:44.169096');
INSERT INTO Agora_friend VALUES(3,'Friends','2024-05-10 04:58:19.926041',13,16,'2024-05-10 04:58:19.926041');
INSERT INTO Agora_friend VALUES(4,'Friends','2024-05-10 07:40:44.725634',13,19,'2024-05-10 07:40:44.725634');
INSERT INTO Agora_friend VALUES(5,'Friends','2024-05-10 07:58:00.110564',13,15,'2024-05-10 07:58:00.110564');
INSERT INTO Agora_friend VALUES(6,'Friends','2024-05-11 05:23:54.014947',18,13,'2024-05-11 05:23:54.014947');
INSERT INTO Agora_friend VALUES(7,'Friends','2024-05-20 06:10:41.960350',15,19,'2024-05-20 06:10:41.960350');
INSERT INTO Agora_friend VALUES(8,'pending','2024-05-20 06:14:41.589474',16,15,'2024-05-20 06:14:41.589474');
INSERT INTO Agora_friend VALUES(9,'Friends','2024-05-20 06:25:23.400875',15,20,'2024-05-20 06:25:23.400875');
INSERT INTO Agora_friend VALUES(10,'Friends','2024-05-21 06:13:13.721864',25,13,'2024-05-21 06:13:13.721798');
INSERT INTO Agora_friend VALUES(11,'pending','2024-05-21 06:19:58.991335',23,25,'2024-05-21 06:19:58.991286');
INSERT INTO Agora_friend VALUES(12,'Friends','2024-05-21 06:22:33.496590',28,29,'2024-05-21 06:22:33.496543');
INSERT INTO Agora_friend VALUES(13,'Friends','2024-05-21 06:25:09.798349',29,25,'2024-05-21 06:25:09.798320');
INSERT INTO Agora_friend VALUES(14,'pending','2024-05-21 06:29:33.300931',29,27,'2024-05-21 06:29:33.300883');
INSERT INTO Agora_friend VALUES(15,'pending','2024-05-21 06:31:40.122892',29,13,'2024-05-21 06:31:40.122801');
INSERT INTO Agora_friend VALUES(16,'Friends','2024-05-21 06:35:11.570577',32,27,'2024-05-21 06:35:11.570543');
INSERT INTO Agora_friend VALUES(17,'Friends','2024-05-21 06:35:17.491684',33,27,'2024-05-21 06:35:17.491632');
INSERT INTO Agora_friend VALUES(18,'Friends','2024-05-21 06:35:20.357533',32,28,'2024-05-21 06:35:20.357487');
INSERT INTO Agora_friend VALUES(19,'Friends','2024-05-21 06:35:29.726537',27,28,'2024-05-21 06:35:29.726504');
INSERT INTO Agora_friend VALUES(20,'Friends','2024-05-21 06:35:29.974435',28,27,'2024-05-21 06:35:29.974391');
INSERT INTO Agora_friend VALUES(21,'Friends','2024-05-21 06:35:39.878508',32,33,'2024-05-21 06:35:39.878472');
INSERT INTO Agora_friend VALUES(22,'pending','2024-05-21 06:36:02.685133',34,29,'2024-05-21 06:36:02.685085');
INSERT INTO Agora_friend VALUES(23,'Friends','2024-05-21 06:37:19.829733',32,35,'2024-05-21 06:37:19.829688');
INSERT INTO Agora_friend VALUES(24,'Friends','2024-05-21 06:37:31.196152',32,35,'2024-05-21 06:37:31.196104');
INSERT INTO Agora_friend VALUES(25,'Friends','2024-05-21 06:41:39.771769',33,36,'2024-05-21 06:41:39.771719');
INSERT INTO Agora_friend VALUES(26,'Friends','2024-05-21 06:50:44.997462',32,37,'2024-05-21 06:50:44.997413');
INSERT INTO Agora_friend VALUES(27,'Friends','2024-05-21 06:53:07.663056',38,27,'2024-05-21 06:53:07.663009');
INSERT INTO Agora_friend VALUES(28,'Friends','2024-05-21 06:56:53.051579',33,29,'2024-05-21 06:56:53.051523');
INSERT INTO Agora_friend VALUES(29,'Friends','2024-05-21 06:57:33.543251',33,37,'2024-05-21 06:57:33.543199');
INSERT INTO Agora_friend VALUES(30,'Friends','2024-05-21 06:58:50.757206',33,38,'2024-05-21 06:58:50.757156');
INSERT INTO Agora_friend VALUES(31,'pending','2024-05-21 07:03:59.851898',39,29,'2024-05-21 07:03:59.851844');
INSERT INTO Agora_friend VALUES(32,'pending','2024-05-21 07:12:03.170797',36,38,'2024-05-21 07:12:03.170741');
INSERT INTO Agora_friend VALUES(33,'Friends','2024-05-21 07:12:05.909979',37,36,'2024-05-21 07:12:05.909952');
INSERT INTO Agora_friend VALUES(34,'Friends','2024-05-21 07:13:35.156484',38,29,'2024-05-21 07:13:35.156434');
INSERT INTO Agora_friend VALUES(35,'pending','2024-05-21 07:20:04.816309',32,40,'2024-05-21 07:20:04.816257');
INSERT INTO Agora_friend VALUES(36,'Friends','2024-05-21 07:20:18.715817',37,40,'2024-05-21 07:20:18.715765');
INSERT INTO Agora_friend VALUES(37,'pending','2024-05-21 07:20:27.768143',38,40,'2024-05-21 07:20:27.768117');
INSERT INTO Agora_friend VALUES(38,'pending','2024-05-21 07:29:35.057591',23,37,'2024-05-21 07:29:35.057535');
INSERT INTO Agora_friend VALUES(39,'pending','2024-05-21 07:52:36.914343',32,42,'2024-05-21 07:52:36.914260');
INSERT INTO Agora_friend VALUES(40,'pending','2024-05-21 07:56:29.645042',33,42,'2024-05-21 07:56:29.644970');
INSERT INTO Agora_friend VALUES(41,'pending','2024-05-21 07:56:29.745752',33,42,'2024-05-21 07:56:29.745701');
INSERT INTO Agora_friend VALUES(42,'pending','2024-05-21 07:56:29.890128',33,42,'2024-05-21 07:56:29.890075');
INSERT INTO Agora_friend VALUES(43,'pending','2024-05-21 07:56:29.985152',33,42,'2024-05-21 07:56:29.984995');
INSERT INTO Agora_friend VALUES(44,'pending','2024-05-21 07:56:30.065561',33,42,'2024-05-21 07:56:30.065507');
INSERT INTO Agora_friend VALUES(45,'pending','2024-05-21 07:56:30.134229',33,42,'2024-05-21 07:56:30.134184');
CREATE TABLE IF NOT EXISTS "Agora_tag" ("id" integer NOT NULL PRIMARY KEY AUTOINCREMENT, "tag" varchar(500) NOT NULL);
INSERT INTO Agora_tag VALUES(19,'korean');
INSERT INTO Agora_tag VALUES(21,'gotHypeWiththisNewAnimation');
INSERT INTO Agora_tag VALUES(22,replace('atschool\n#SMC\n#finalproj\n#hashtag\n#manifest\n#pass\n#HBD\n#defended?\n#CCS\n#IT\n','\n',char(10)));
INSERT INTO Agora_tag VALUES(23,replace('HAPPY\n#REPOST','\n',char(10)));
INSERT INTO Agora_tag VALUES(24,'Family');
INSERT INTO Agora_tag VALUES(25,replace('REPOSTAGAIN\n#1','\n',char(10)));
INSERT INTO Agora_tag VALUES(26,'minecraft_goldarmor');
INSERT INTO Agora_tag VALUES(27,'needlambing');
INSERT INTO Agora_tag VALUES(28,'jibihug');
INSERT INTO Agora_tag VALUES(29,'ineedjibi');
INSERT INTO Agora_tag VALUES(30,'darno');
INSERT INTO Agora_tag VALUES(31,'alyascute');
INSERT INTO Agora_tag VALUES(32,'finals');
INSERT INTO Agora_tag VALUES(33,'imsoexcited');
INSERT INTO Agora_tag VALUES(34,'Winner');
INSERT INTO Agora_tag VALUES(35,'newpp');
CREATE TABLE IF NOT EXISTS "Agora_tag_post" ("id" integer NOT NULL PRIMARY KEY AUTOINCREMENT, "tag_id" bigint NOT NULL REFERENCES "Agora_tag" ("id") DEFERRABLE INITIALLY DEFERRED, "post_id" bigint NOT NULL REFERENCES "Agora_post" ("id") DEFERRABLE INITIALLY DEFERRED);
INSERT INTO Agora_tag_post VALUES(4,19,16);
INSERT INTO Agora_tag_post VALUES(6,21,19);
INSERT INTO Agora_tag_post VALUES(7,22,34);
INSERT INTO Agora_tag_post VALUES(8,23,38);
INSERT INTO Agora_tag_post VALUES(9,24,39);
INSERT INTO Agora_tag_post VALUES(10,25,43);
INSERT INTO Agora_tag_post VALUES(11,26,44);
INSERT INTO Agora_tag_post VALUES(12,27,45);
INSERT INTO Agora_tag_post VALUES(13,28,45);
INSERT INTO Agora_tag_post VALUES(14,29,45);
INSERT INTO Agora_tag_post VALUES(15,30,52);
INSERT INTO Agora_tag_post VALUES(16,30,53);
INSERT INTO Agora_tag_post VALUES(17,31,69);
INSERT INTO Agora_tag_post VALUES(18,32,81);
INSERT INTO Agora_tag_post VALUES(19,33,274);
INSERT INTO Agora_tag_post VALUES(22,34,347);
INSERT INTO Agora_tag_post VALUES(23,35,404);
CREATE TABLE IF NOT EXISTS "Agora_glow" ("id" integer NOT NULL PRIMARY KEY AUTOINCREMENT, "timestamp" datetime NULL, "account_id" bigint NULL REFERENCES "Agora_account" ("id") DEFERRABLE INITIALLY DEFERRED, "post_id" bigint NULL REFERENCES "Agora_post" ("id") DEFERRABLE INITIALLY DEFERRED);
INSERT INTO Agora_glow VALUES(46,'2024-05-19 02:31:19.808874',13,19);
INSERT INTO Agora_glow VALUES(47,'2024-05-19 02:40:32.616834',13,16);
INSERT INTO Agora_glow VALUES(50,'2024-05-20 02:03:21.495277',16,19);
INSERT INTO Agora_glow VALUES(53,'2024-05-21 05:15:05.787261',13,24);
INSERT INTO Agora_glow VALUES(54,'2024-05-21 05:15:19.239435',13,23);
INSERT INTO Agora_glow VALUES(55,'2024-05-21 06:04:53.282433',13,25);
INSERT INTO Agora_glow VALUES(56,'2024-05-21 06:11:34.813266',13,22);
INSERT INTO Agora_glow VALUES(57,'2024-05-21 06:12:12.357198',13,27);
INSERT INTO Agora_glow VALUES(58,'2024-05-21 06:21:31.584952',29,28);
INSERT INTO Agora_glow VALUES(59,'2024-05-21 06:21:56.531644',29,24);
INSERT INTO Agora_glow VALUES(60,'2024-05-21 06:22:14.805201',29,21);
INSERT INTO Agora_glow VALUES(61,'2024-05-21 06:22:49.920109',25,28);
INSERT INTO Agora_glow VALUES(62,'2024-05-21 06:26:21.458742',25,31);
INSERT INTO Agora_glow VALUES(63,'2024-05-21 06:26:56.925562',29,32);
INSERT INTO Agora_glow VALUES(64,'2024-05-21 06:27:30.755799',13,31);
INSERT INTO Agora_glow VALUES(65,'2024-05-21 06:29:07.251486',27,32);
INSERT INTO Agora_glow VALUES(66,'2024-05-21 06:29:19.567107',27,31);
INSERT INTO Agora_glow VALUES(67,'2024-05-21 06:29:45.766969',27,28);
INSERT INTO Agora_glow VALUES(68,'2024-05-21 06:30:12.814382',27,24);
INSERT INTO Agora_glow VALUES(69,'2024-05-21 06:30:52.124904',13,32);
INSERT INTO Agora_glow VALUES(70,'2024-05-21 06:30:58.269555',27,34);
INSERT INTO Agora_glow VALUES(71,'2024-05-21 06:31:47.402558',28,34);
INSERT INTO Agora_glow VALUES(72,'2024-05-21 06:32:26.848397',27,25);
INSERT INTO Agora_glow VALUES(73,'2024-05-21 06:32:39.532765',29,35);
INSERT INTO Agora_glow VALUES(74,'2024-05-21 06:32:49.057748',27,22);
INSERT INTO Agora_glow VALUES(75,'2024-05-21 06:32:51.544119',27,21);
INSERT INTO Agora_glow VALUES(76,'2024-05-21 06:33:06.106049',13,28);
INSERT INTO Agora_glow VALUES(77,'2024-05-21 06:33:37.207133',28,35);
INSERT INTO Agora_glow VALUES(78,'2024-05-21 06:34:08.443764',33,35);
INSERT INTO Agora_glow VALUES(79,'2024-05-21 06:34:39.533920',27,39);
INSERT INTO Agora_glow VALUES(80,'2024-05-21 06:43:02.176636',34,31);
INSERT INTO Agora_glow VALUES(81,'2024-05-21 06:44:28.904842',13,35);
INSERT INTO Agora_glow VALUES(82,'2024-05-21 06:46:06.706235',27,43);
INSERT INTO Agora_glow VALUES(83,'2024-05-21 06:46:28.718092',27,38);
INSERT INTO Agora_glow VALUES(84,'2024-05-21 06:47:22.113374',29,47);
INSERT INTO Agora_glow VALUES(85,'2024-05-21 06:47:46.425486',27,47);
INSERT INTO Agora_glow VALUES(86,'2024-05-21 06:48:34.245716',28,47);
INSERT INTO Agora_glow VALUES(87,'2024-05-21 06:48:35.392411',27,48);
INSERT INTO Agora_glow VALUES(88,'2024-05-21 06:48:40.670461',27,46);
INSERT INTO Agora_glow VALUES(89,'2024-05-21 06:49:07.073424',29,48);
INSERT INTO Agora_glow VALUES(90,'2024-05-21 06:49:33.019018',27,50);
INSERT INTO Agora_glow VALUES(91,'2024-05-21 06:51:36.803403',27,52);
INSERT INTO Agora_glow VALUES(92,'2024-05-21 06:52:16.742954',27,53);
INSERT INTO Agora_glow VALUES(93,'2024-05-21 06:53:05.995738',29,55);
INSERT INTO Agora_glow VALUES(94,'2024-05-21 06:53:11.673680',27,55);
INSERT INTO Agora_glow VALUES(95,'2024-05-21 06:53:28.780986',29,54);
INSERT INTO Agora_glow VALUES(96,'2024-05-21 06:53:56.381178',27,54);
INSERT INTO Agora_glow VALUES(97,'2024-05-21 06:54:36.383894',32,56);
INSERT INTO Agora_glow VALUES(98,'2024-05-21 06:54:38.637751',29,57);
INSERT INTO Agora_glow VALUES(99,'2024-05-21 06:54:41.888277',32,55);
INSERT INTO Agora_glow VALUES(100,'2024-05-21 06:54:44.709358',32,53);
INSERT INTO Agora_glow VALUES(101,'2024-05-21 06:54:46.571289',27,57);
INSERT INTO Agora_glow VALUES(102,'2024-05-21 06:54:48.113373',27,56);
INSERT INTO Agora_glow VALUES(103,'2024-05-21 06:55:10.786938',32,57);
INSERT INTO Agora_glow VALUES(104,'2024-05-21 06:55:46.966162',13,43);
INSERT INTO Agora_glow VALUES(105,'2024-05-21 06:58:52.696339',27,60);
INSERT INTO Agora_glow VALUES(106,'2024-05-21 07:00:05.244339',33,60);
INSERT INTO Agora_glow VALUES(107,'2024-05-21 07:00:21.883521',33,28);
INSERT INTO Agora_glow VALUES(108,'2024-05-21 07:09:07.191589',38,21);
INSERT INTO Agora_glow VALUES(109,'2024-05-21 07:09:19.804079',28,64);
INSERT INTO Agora_glow VALUES(110,'2024-05-21 07:11:38.912470',29,69);
INSERT INTO Agora_glow VALUES(111,'2024-05-21 07:11:44.237416',38,70);
INSERT INTO Agora_glow VALUES(112,'2024-05-21 07:20:03.455298',13,71);
INSERT INTO Agora_glow VALUES(115,'2024-05-21 07:20:12.772392',13,70);
INSERT INTO Agora_glow VALUES(116,'2024-05-21 07:20:15.443159',13,69);
INSERT INTO Agora_glow VALUES(117,'2024-05-21 07:22:58.188182',13,77);
INSERT INTO Agora_glow VALUES(119,'2024-05-21 07:30:22.398125',32,81);
INSERT INTO Agora_glow VALUES(120,'2024-05-21 07:32:13.801675',13,81);
INSERT INTO Agora_glow VALUES(121,'2024-05-21 08:09:05.230424',42,41);
INSERT INTO Agora_glow VALUES(122,'2024-05-21 08:09:11.979210',42,39);
INSERT INTO Agora_glow VALUES(124,'2024-05-21 08:58:19.966502',13,18);
INSERT INTO Agora_glow VALUES(127,'2024-05-22 04:01:34.705785',13,94);
INSERT INTO Agora_glow VALUES(128,'2024-05-28 08:47:32.991764',13,34);
INSERT INTO Agora_glow VALUES(130,'2024-06-14 12:39:43.808076',13,20);
INSERT INTO Agora_glow VALUES(131,'2024-06-24 13:54:47.637453',54,95);
INSERT INTO Agora_glow VALUES(144,'2024-07-02 11:13:21.637957',56,256);
INSERT INTO Agora_glow VALUES(145,'2024-07-02 11:21:18.612981',58,256);
INSERT INTO Agora_glow VALUES(154,'2024-07-22 08:22:05.341479',54,86);
INSERT INTO Agora_glow VALUES(157,'2024-07-24 02:40:50.669072',54,87);
INSERT INTO Agora_glow VALUES(165,'2024-08-26 10:20:51.105245',79,273);
INSERT INTO Agora_glow VALUES(166,'2024-08-31 09:38:29.544510',27,92);
INSERT INTO Agora_glow VALUES(167,'2024-08-31 09:38:29.546560',27,92);
INSERT INTO Agora_glow VALUES(168,'2024-08-31 09:38:31.402006',27,91);
INSERT INTO Agora_glow VALUES(169,'2024-08-31 09:38:32.351840',27,89);
INSERT INTO Agora_glow VALUES(171,'2024-08-31 10:10:23.674814',27,277);
INSERT INTO Agora_glow VALUES(172,'2024-08-31 14:37:49.656989',54,274);
INSERT INTO Agora_glow VALUES(179,'2024-08-31 15:29:47.996318',54,277);
INSERT INTO Agora_glow VALUES(182,'2024-09-04 06:44:01.847680',54,330);
INSERT INTO Agora_glow VALUES(183,'2024-09-04 06:51:43.563526',18,331);
INSERT INTO Agora_glow VALUES(184,'2024-09-04 07:10:05.697306',18,326);
INSERT INTO Agora_glow VALUES(185,'2024-09-04 07:10:05.698689',18,326);
INSERT INTO Agora_glow VALUES(186,'2024-09-04 07:10:49.562291',18,332);
INSERT INTO Agora_glow VALUES(187,'2024-09-04 07:10:49.563137',18,332);
INSERT INTO Agora_glow VALUES(188,'2024-09-04 07:17:51.417976',18,256);
INSERT INTO Agora_glow VALUES(194,'2024-09-11 13:26:47.081020',54,335);
INSERT INTO Agora_glow VALUES(199,'2024-09-12 12:57:03.136022',86,335);
INSERT INTO Agora_glow VALUES(200,'2024-09-12 12:57:03.137090',86,335);
INSERT INTO Agora_glow VALUES(201,'2024-09-12 12:57:16.420261',86,332);
INSERT INTO Agora_glow VALUES(202,'2024-09-12 12:57:16.421271',86,332);
INSERT INTO Agora_glow VALUES(203,'2024-09-12 14:15:26.745492',87,95);
INSERT INTO Agora_glow VALUES(204,'2024-09-16 15:35:28.113742',18,347);
INSERT INTO Agora_glow VALUES(205,'2024-09-16 16:35:11.924458',20,349);
INSERT INTO Agora_glow VALUES(248,'2024-09-22 16:52:09.510096',54,346);
INSERT INTO Agora_glow VALUES(273,'2024-09-23 16:14:09.442226',54,79);
INSERT INTO Agora_glow VALUES(274,'2024-09-23 16:14:12.992441',54,78);
INSERT INTO Agora_glow VALUES(289,'2024-10-24 08:51:55.433587',13,79);
CREATE TABLE IF NOT EXISTS "Agora_share" ("id" integer NOT NULL PRIMARY KEY AUTOINCREMENT, "timestamp" datetime NULL, "account_id" bigint NULL REFERENCES "Agora_account" ("id") DEFERRABLE INITIALLY DEFERRED, "post_id" bigint NULL REFERENCES "Agora_post" ("id") DEFERRABLE INITIALLY DEFERRED, "caption" varchar(800) NULL, "audience_id" bigint NULL REFERENCES "Agora_audience" ("id") DEFERRABLE INITIALLY DEFERRED);
CREATE TABLE IF NOT EXISTS "account_emailaddress" ("id" integer NOT NULL PRIMARY KEY AUTOINCREMENT, "verified" bool NOT NULL, "primary" bool NOT NULL, "user_id" integer NOT NULL REFERENCES "auth_user" ("id") DEFERRABLE INITIALLY DEFERRED, "email" varchar(254) NOT NULL);
INSERT INTO account_emailaddress VALUES(1,0,0,1,'a@gmail.com');
INSERT INTO account_emailaddress VALUES(5,0,1,5,'justcua2001@gmail.com');
INSERT INTO account_emailaddress VALUES(10,0,1,10,'rosebliss@gmail.com');
INSERT INTO account_emailaddress VALUES(11,0,1,11,'illusiveoasis@gmail.com');
INSERT INTO account_emailaddress VALUES(12,0,1,12,'christianjanobas@gmail.com');
INSERT INTO account_emailaddress VALUES(13,1,1,13,'justineacain.cua@my.smciligan.edu.ph');
INSERT INTO account_emailaddress VALUES(14,0,1,14,'mileyfan@gmail.com');
INSERT INTO account_emailaddress VALUES(15,0,1,15,'meme@gmail.com');
INSERT INTO account_emailaddress VALUES(16,0,1,16,'jonahsaffer@gmail.com');
INSERT INTO account_emailaddress VALUES(17,1,1,17,'katsukiyu38@gmail.com');
INSERT INTO account_emailaddress VALUES(18,0,1,18,'joshua@gmail.com');
INSERT INTO account_emailaddress VALUES(19,0,1,19,'junnie@gmail.com');
INSERT INTO account_emailaddress VALUES(20,0,1,20,'feryl34@gmail.com');
INSERT INTO account_emailaddress VALUES(21,0,1,21,'vincetecson822@gmail.com');
INSERT INTO account_emailaddress VALUES(22,0,1,22,'teetoi@gmail.com');
INSERT INTO account_emailaddress VALUES(23,0,1,23,'rosalioencabo@gmail.com');
INSERT INTO account_emailaddress VALUES(24,0,1,24,'creeplock@gmail.com');
INSERT INTO account_emailaddress VALUES(25,0,1,25,'june.avanzado@gmail.com');
INSERT INTO account_emailaddress VALUES(27,0,1,27,'mitsangelo@gmail.com');
INSERT INTO account_emailaddress VALUES(28,0,1,28,'teetoiis@gmail.com');
INSERT INTO account_emailaddress VALUES(29,0,1,29,'lucky@gmail.com');
INSERT INTO account_emailaddress VALUES(30,0,1,30,'pogi@gmail.com');
INSERT INTO account_emailaddress VALUES(31,0,1,31,'yokyokjanobas@gmail.com');
INSERT INTO account_emailaddress VALUES(32,0,1,32,'june@gmail.com');
INSERT INTO account_emailaddress VALUES(33,0,1,33,'lebronjims@gmail.com');
INSERT INTO account_emailaddress VALUES(34,0,1,34,'abc@gmail.com');
INSERT INTO account_emailaddress VALUES(35,0,1,35,'angkoltonyo@gmail.com');
INSERT INTO account_emailaddress VALUES(36,0,1,36,'edwinjims@gmail.com');
INSERT INTO account_emailaddress VALUES(37,0,1,37,'sury@gmail.com');
INSERT INTO account_emailaddress VALUES(38,1,1,53,'paquejefferson@gmail.com');
INSERT INTO account_emailaddress VALUES(39,1,1,56,'jayraldmontealto.sumalpong@my.smciligan.edu.ph');
INSERT INTO account_emailaddress VALUES(40,1,1,61,'r.awa@my.smciligan.edu.ph');
INSERT INTO account_emailaddress VALUES(41,1,1,63,'e.maglangit221i@gmail.com');
INSERT INTO account_emailaddress VALUES(42,1,1,64,'elcamaeubanan.surban@my.smciligan.edu.ph');
INSERT INTO account_emailaddress VALUES(43,1,1,67,'vaughnjosephcayabyab.imperial@my.smciligan.edu.ph');
INSERT INTO account_emailaddress VALUES(44,1,1,68,'ferryljaybagaloyos.bojo@my.smciligan.edu.ph');
INSERT INTO account_emailaddress VALUES(45,1,1,69,'imperialvjoseph@gmail.com');
CREATE TABLE IF NOT EXISTS "Agora_account" ("id" integer NOT NULL PRIMARY KEY AUTOINCREMENT, "profile_photo" varchar(200) NOT NULL, "auth_user_id" integer NULL REFERENCES "auth_user" ("id") DEFERRABLE INITIALLY DEFERRED, "Age" integer NULL, "Birthday" date NULL, "UIAppearance" varchar(255) NULL, "bio" varchar(255) NULL, "firstname" varchar(255) NULL, "gender" varchar(75) NULL, "lastname" varchar(255) NULL, "cover_photo" varchar(200) NULL, "is_online" bool NOT NULL, "last_activity" datetime NULL, "profile_photo_id_imagekit" varchar(355) NULL, "cover_photo_id_imagekit" varchar(355) NULL);
INSERT INTO Agora_account VALUES(13,'https://ik.imagekit.io/b9bdd5j68/33319bf6a5fc83b287cec3be16ccf09b_zhvYbR9ux.gif',5,22,'2024-04-29','1','just a nobody','Justine','Male','Cua','https://ik.imagekit.io/b9bdd5j68/lbjsss_sPl-OhwTD.jfif',1,'2024-10-30 04:32:16.797089','66ef2f0be375273f60a1dbe8','671a0a1ae375273f602e313d');
INSERT INTO Agora_account VALUES(15,'https://ik.imagekit.io/b9bdd5j68/6e2ca12530375cfeec1ab0c1844aa694_PendcvyWQ.jpg',10,NULL,NULL,NULL,NULL,'Aniyah','Female','Guerra',NULL,0,'2024-09-15 16:14:26.172589','66e70841e375273f609bd9f3',NULL);
INSERT INTO Agora_account VALUES(16,'https://ik.imagekit.io/b9bdd5j68/79249a3020babbcbe6aef70cbb465fe0_uL5SK_sQl.jpg',11,NULL,NULL,NULL,NULL,'Evie','Female','Lindsey',NULL,1,'2024-09-10 09:35:08.253377',NULL,NULL);
INSERT INTO Agora_account VALUES(17,'https://ik.imagekit.io/b9bdd5j68/ed127797b900e455a6b25b9b58ab3d49_HHLAUWb5d.jpg',12,NULL,NULL,NULL,NULL,'Christian','Male','Janobas',NULL,0,NULL,NULL,NULL);
INSERT INTO Agora_account VALUES(18,'https://ik.imagekit.io/b9bdd5j68/28f551bd11230056d39aa016b859ff39_SOnWHpHml.jpg?updatedAt=1727013375888',13,24,'2000-09-22','1','2','Ylle','Male','Lui','https://ik.imagekit.io/b9bdd5j68/astronaut-space-station-laptop-sci-fi-space-suit-lights-3840x2400-2478_vcbwB-FI_.jpg',0,'2024-09-23 16:13:05.745782','66e8489be375273f6093e7c4','66f18764e375273f606270a6');
INSERT INTO Agora_account VALUES(19,'https://ik.imagekit.io/b9bdd5j68/756e550f695f0d95cd3a038bae8003b9_U6-W8PwGG.jpg',14,NULL,NULL,NULL,NULL,'Am_I','Female','Miley?',NULL,0,NULL,NULL,NULL);
INSERT INTO Agora_account VALUES(20,'https://ik.imagekit.io/b9bdd5j68/c826d1edb2fb1dac3fe0d3742af8f83f_D8oZmrGns.gif',15,NULL,NULL,NULL,NULL,'MemeBoy','Male','??',NULL,0,'2024-09-16 16:32:13.990182','66e85ebce375273f600e092b',NULL);
INSERT INTO Agora_account VALUES(21,'https://ik.imagekit.io/b9bdd5j68/91e8348b64deda0c02141554d3585492_hQSUSeTi_.jpg',16,NULL,NULL,NULL,NULL,'jonah','Female','Saffer',NULL,0,NULL,NULL,NULL);
INSERT INTO Agora_account VALUES(22,'https://ik.imagekit.io/b9bdd5j68/d50ce69e3d22ba4b8e227737e2e0c0e1_vWBX_M-Zb.jpg',18,NULL,NULL,NULL,NULL,'joshua','Female','cruz',NULL,0,'2024-09-22 19:31:08.377545','66f06f73e375273f602767bb',NULL);
INSERT INTO Agora_account VALUES(23,'https://ik.imagekit.io/b9bdd5j68/20240423_160333_pJkO-O9kb.jpg',19,NULL,NULL,NULL,NULL,'Junnie','Male','Avanzado',NULL,0,NULL,NULL,NULL);
INSERT INTO Agora_account VALUES(24,'https://ik.imagekit.io/b9bdd5j68/20240413_172244_pr6AFQLGa.jpg',20,NULL,NULL,NULL,NULL,'Feryl','Male','Bojo',NULL,0,NULL,NULL,NULL);
INSERT INTO Agora_account VALUES(25,'https://ik.imagekit.io/b9bdd5j68/goj_VHOUa3-7D.webp',21,NULL,NULL,NULL,NULL,'Vince','Male','Tecson',NULL,0,NULL,NULL,NULL);
INSERT INTO Agora_account VALUES(26,'https://ik.imagekit.io/b9bdd5j68/images_GBDqwv1ar.jpg',22,NULL,NULL,NULL,NULL,'Teetoi','Female','Brownie',NULL,0,NULL,NULL,NULL);
INSERT INTO Agora_account VALUES(27,'https://ik.imagekit.io/b9bdd5j68/monkey_2AHWjtrIN.jpg',23,NULL,'2024-03-19',NULL,'None','Rosalio','Male','Gwapo',NULL,0,NULL,NULL,NULL);
INSERT INTO Agora_account VALUES(28,'https://ik.imagekit.io/b9bdd5j68/WIN_20240223_09_50_45_Pro_cpSO60Yhx.jpg',24,NULL,NULL,NULL,NULL,'Jayrald','Male','Sumalpong',NULL,0,NULL,NULL,NULL);
INSERT INTO Agora_account VALUES(29,'https://ik.imagekit.io/b9bdd5j68/totoy-brown00_yQBh9zAwK.jpg',25,NULL,NULL,NULL,NULL,'jk','Male','avs',NULL,0,NULL,NULL,NULL);
INSERT INTO Agora_account VALUES(32,'https://ik.imagekit.io/b9bdd5j68/444763243_708308477993362_357686422966977151_n_quqi1p6EE.jpg',27,NULL,NULL,NULL,NULL,'Mitch Angelo','Male','Pacanon',NULL,0,NULL,NULL,NULL);
INSERT INTO Agora_account VALUES(33,'https://ik.imagekit.io/b9bdd5j68/joji-sta-maria-v0-drr4ag4hhejb1_5fjuFExcpl.jpg',28,NULL,'2024-05-22',NULL,'Magaleng Magloto','Joji Sta Maria','Female',':)',NULL,0,NULL,NULL,NULL);
INSERT INTO Agora_account VALUES(34,'https://ik.imagekit.io/b9bdd5j68/Omar_Maute_5EA0GPhlS.jpg',29,NULL,NULL,NULL,NULL,'maute','Male','junyl',NULL,0,NULL,NULL,NULL);
INSERT INTO Agora_account VALUES(35,'https://ik.imagekit.io/b9bdd5j68/download_utbnKJxAl.jpg',30,NULL,NULL,NULL,NULL,'june','Female','kris',NULL,0,NULL,NULL,NULL);
INSERT INTO Agora_account VALUES(36,'https://ik.imagekit.io/b9bdd5j68/avatars-000337357203-0tbozm-t240x240__1__SuKkV8kug.jpg',31,NULL,'2000-12-24',NULL,'EXB MEMBER','Jason','Male','Janad',NULL,0,NULL,NULL,NULL);
INSERT INTO Agora_account VALUES(37,'https://ik.imagekit.io/b9bdd5j68/437684417_395591570033011_878838985911562383_n_l83rz5W_i.jpg',32,NULL,NULL,NULL,NULL,'jung','Male','cute',NULL,0,NULL,NULL,NULL);
INSERT INTO Agora_account VALUES(38,'https://ik.imagekit.io/b9bdd5j68/lebronsunshinecover_MoO9gANUg.jpg',33,NULL,NULL,NULL,NULL,'Lebron','Male','James',NULL,0,NULL,NULL,NULL);
INSERT INTO Agora_account VALUES(39,'https://ik.imagekit.io/b9bdd5j68/taguro_eaQGmyjTi.jpg',34,NULL,'2024-05-21',NULL,'wraaaaaahh','Taguro','Male','',NULL,0,NULL,NULL,NULL);
INSERT INTO Agora_account VALUES(40,'https://ik.imagekit.io/b9bdd5j68/17162757344852524272096847707581_JIN1XZ-kk.jpg',35,NULL,NULL,NULL,NULL,'angkol','Male','tonyo',NULL,0,NULL,NULL,NULL);
INSERT INTO Agora_account VALUES(41,'https://ik.imagekit.io/b9bdd5j68/17162768953037617550493076607864_86cVVBCcF.jpg',36,NULL,NULL,NULL,NULL,'Edwin','Male','Jims',NULL,0,NULL,NULL,NULL);
INSERT INTO Agora_account VALUES(42,'https://ik.imagekit.io/b9bdd5j68/images_4SURLUqY8.jpg',37,NULL,'2024-05-25',NULL,'None','Sury','Female','Kawpost',NULL,0,NULL,NULL,NULL);
INSERT INTO Agora_account VALUES(54,'https://ik.imagekit.io/b9bdd5j68/83f65e8c6efc88fabfcfbb11cf63bd8a_lwh3UZwmY.gif',52,26,'1999-05-17','1','1','a','Male','a','https://ik.imagekit.io/b9bdd5j68/frieren-frieren-beyond-journeys-end-4k-wallpaper-uhdpaper.com-172_3_a_YwmRkxjtB.jpg',1,'2024-10-01 07:36:38.163870','66ef2dd7e375273f609cf2cd','66ef2d98e375273f609c2ecf');
INSERT INTO Agora_account VALUES(55,'../static/images/default-avatar-profile-picture-male-icon.png',53,NULL,'2000-07-02',NULL,NULL,'Jeff','Male','Pawu',NULL,0,'2024-09-23 16:20:34.770421',NULL,NULL);
INSERT INTO Agora_account VALUES(56,'../static/images/default-avatar-profile-picture-male-icon.png',54,NULL,'2001-12-06',NULL,NULL,'J','Female','T',NULL,0,NULL,NULL,NULL);
INSERT INTO Agora_account VALUES(57,'../static/images/default-avatar-profile-picture-male-icon.png',55,NULL,'2003-07-15',NULL,NULL,'Isabella','Female','Shien',NULL,0,NULL,NULL,NULL);
INSERT INTO Agora_account VALUES(58,'../static/images/default-avatar-profile-picture-male-icon.png',56,NULL,'2002-01-02',NULL,NULL,'kj','Male','jk',NULL,0,NULL,NULL,NULL);
INSERT INTO Agora_account VALUES(78,'https://glowph.tech/static/images/Delivery%20boy-2.png',59,NULL,'2001-01-01',NULL,NULL,'Max','Male','Jeee',NULL,0,NULL,NULL,NULL);
INSERT INTO Agora_account VALUES(79,'https://glowph.tech/static/images/Cranks.png',17,NULL,'2001-01-01',NULL,NULL,'Ylle','Male','who',NULL,0,NULL,NULL,NULL);
INSERT INTO Agora_account VALUES(80,'https://glowph.tech/static/images/Delivery%20boy-5.png',60,NULL,'2003-03-19',NULL,NULL,'vince','Male','tecson',NULL,0,NULL,NULL,NULL);
INSERT INTO Agora_account VALUES(81,'https://glowph.tech/static/images/Upstream-1.png',61,NULL,'2001-11-22',NULL,NULL,'reynan','Male','awa',NULL,0,NULL,NULL,NULL);
INSERT INTO Agora_account VALUES(82,'https://ik.imagekit.io/b9bdd5j68/glow_logo22_lE0Zp51H9.png',62,NULL,'2000-01-02',NULL,NULL,'Glow','Male','Official',NULL,0,'2024-09-22 19:33:22.373968',NULL,NULL);
INSERT INTO Agora_account VALUES(83,'https://ik.imagekit.io/b9bdd5j68/lbjsss_V1w5axO-O.jfif',63,NULL,'2001-08-28',NULL,NULL,'Erwin','Male','James',NULL,0,NULL,'671a0c60e375273f60391305',NULL);
INSERT INTO Agora_account VALUES(84,'https://glowph.tech/static/images/Guacamole.png',64,NULL,'2003-05-25',NULL,NULL,'basta','Female','idk',NULL,0,NULL,NULL,NULL);
INSERT INTO Agora_account VALUES(85,'https://ik.imagekit.io/b9bdd5j68/12702223538268fc941fd1d949557d92_nYPF_62Jk.jpg',65,NULL,'1999-08-12',NULL,NULL,'jbbi','Male','bones',NULL,1,'2024-10-24 08:51:23.914271',NULL,NULL);
INSERT INTO Agora_account VALUES(86,'https://glowph.tech/static/images/Delivery%20boy-5.png',67,NULL,'2000-07-25',NULL,NULL,'Vaughn','Male','Imperial',NULL,0,'2024-09-12 13:31:23.185453',NULL,NULL);
INSERT INTO Agora_account VALUES(87,'https://ik.imagekit.io/b9bdd5j68/twbg_1M3Gu_AhK.gif',68,NULL,'2003-01-05',NULL,NULL,'perel','Male','jay',NULL,0,'2024-09-16 15:19:46.936534','66e84be0e375273f60abcaec',NULL);
INSERT INTO Agora_account VALUES(88,'https://ik.imagekit.io/b9bdd5j68/Screenshot_2024-08-31_001007_IXaj0N4To.png',69,NULL,'2000-07-25',NULL,NULL,'Vaughn','Male','Imperial','https://ik.imagekit.io/b9bdd5j68/WALLPAPER_8__TEMP__tZDm2Xrov.jpg',0,'2024-09-23 15:26:43.205274','66f185bfe375273f6057346e','66f1879be375273f6063e4ee');
CREATE TABLE IF NOT EXISTS "django_cron_cronjoblog" ("id" integer NOT NULL PRIMARY KEY AUTOINCREMENT, "code" varchar(64) NOT NULL, "start_time" datetime NOT NULL, "end_time" datetime NOT NULL, "is_success" bool NOT NULL, "ran_at_time" time NULL, "message" text NOT NULL);
CREATE TABLE IF NOT EXISTS "django_cron_cronjoblock" ("id" integer NOT NULL PRIMARY KEY AUTOINCREMENT, "job_name" varchar(200) NOT NULL UNIQUE, "locked" bool NOT NULL);
DELETE FROM sqlite_sequence;
INSERT INTO sqlite_sequence VALUES('django_migrations',93);
INSERT INTO sqlite_sequence VALUES('django_admin_log',498);
INSERT INTO sqlite_sequence VALUES('django_content_type',25);
INSERT INTO sqlite_sequence VALUES('auth_permission',100);
INSERT INTO sqlite_sequence VALUES('auth_group',0);
INSERT INTO sqlite_sequence VALUES('auth_user',72);
INSERT INTO sqlite_sequence VALUES('django_site',1);
INSERT INTO sqlite_sequence VALUES('account_emailconfirmation',0);
INSERT INTO sqlite_sequence VALUES('socialaccount_socialaccount',13);
INSERT INTO sqlite_sequence VALUES('socialaccount_socialapp',1);
INSERT INTO sqlite_sequence VALUES('socialaccount_socialtoken',0);
INSERT INTO sqlite_sequence VALUES('Agora_audience',3);
INSERT INTO sqlite_sequence VALUES('Agora_photo',224);
INSERT INTO sqlite_sequence VALUES('Agora_video',4);
INSERT INTO sqlite_sequence VALUES('Agora_notification',111);
INSERT INTO sqlite_sequence VALUES('Agora_post',404);
INSERT INTO sqlite_sequence VALUES('Agora_comment',283);
INSERT INTO sqlite_sequence VALUES('Agora_friend',45);
INSERT INTO sqlite_sequence VALUES('Agora_tag',35);
INSERT INTO sqlite_sequence VALUES('Agora_tag_post',23);
INSERT INTO sqlite_sequence VALUES('Agora_glow',289);
INSERT INTO sqlite_sequence VALUES('account_emailaddress',45);
INSERT INTO sqlite_sequence VALUES('Agora_account',88);
INSERT INTO sqlite_sequence VALUES('django_cron_cronjoblog',0);
CREATE UNIQUE INDEX "auth_group_permissions_group_id_permission_id_0cd325b0_uniq" ON "auth_group_permissions" ("group_id", "permission_id");
CREATE INDEX "auth_group_permissions_group_id_b120cbf9" ON "auth_group_permissions" ("group_id");
CREATE INDEX "auth_group_permissions_permission_id_84c5c92e" ON "auth_group_permissions" ("permission_id");
CREATE UNIQUE INDEX "auth_user_groups_user_id_group_id_94350c0c_uniq" ON "auth_user_groups" ("user_id", "group_id");
CREATE INDEX "auth_user_groups_user_id_6a12ed8b" ON "auth_user_groups" ("user_id");
CREATE INDEX "auth_user_groups_group_id_97559544" ON "auth_user_groups" ("group_id");
CREATE UNIQUE INDEX "auth_user_user_permissions_user_id_permission_id_14a6b632_uniq" ON "auth_user_user_permissions" ("user_id", "permission_id");
CREATE INDEX "auth_user_user_permissions_user_id_a95ead1b" ON "auth_user_user_permissions" ("user_id");
CREATE INDEX "auth_user_user_permissions_permission_id_1fbb5f2c" ON "auth_user_user_permissions" ("permission_id");
CREATE INDEX "django_admin_log_content_type_id_c4bce8eb" ON "django_admin_log" ("content_type_id");
CREATE INDEX "django_admin_log_user_id_c564eba6" ON "django_admin_log" ("user_id");
CREATE UNIQUE INDEX "django_content_type_app_label_model_76bd3d3b_uniq" ON "django_content_type" ("app_label", "model");
CREATE UNIQUE INDEX "auth_permission_content_type_id_codename_01ab375a_uniq" ON "auth_permission" ("content_type_id", "codename");
CREATE INDEX "auth_permission_content_type_id_2f476e4b" ON "auth_permission" ("content_type_id");
CREATE INDEX "django_session_expire_date_a5c62663" ON "django_session" ("expire_date");
CREATE UNIQUE INDEX "socialaccount_socialapp_sites_socialapp_id_site_id_71a9a768_uniq" ON "socialaccount_socialapp_sites" ("socialapp_id", "site_id");
CREATE INDEX "socialaccount_socialapp_sites_socialapp_id_97fb6e7d" ON "socialaccount_socialapp_sites" ("socialapp_id");
CREATE INDEX "socialaccount_socialapp_sites_site_id_2579dee5" ON "socialaccount_socialapp_sites" ("site_id");
CREATE INDEX "account_emailconfirmation_email_address_id_5b7f8c58" ON "account_emailconfirmation" ("email_address_id");
CREATE UNIQUE INDEX "socialaccount_socialaccount_provider_uid_fc810c6e_uniq" ON "socialaccount_socialaccount" ("provider", "uid");
CREATE INDEX "socialaccount_socialaccount_user_id_8146e70c" ON "socialaccount_socialaccount" ("user_id");
CREATE UNIQUE INDEX "socialaccount_socialtoken_app_id_account_id_fca4e0ac_uniq" ON "socialaccount_socialtoken" ("app_id", "account_id");
CREATE INDEX "socialaccount_socialtoken_account_id_951f210e" ON "socialaccount_socialtoken" ("account_id");
CREATE INDEX "socialaccount_socialtoken_app_id_636a42d7" ON "socialaccount_socialtoken" ("app_id");
CREATE INDEX "Agora_photo_post_id_c254d885" ON "Agora_photo" ("post_id");
CREATE INDEX "Agora_video_post_id_aba14516" ON "Agora_video" ("post_id");
CREATE INDEX "Agora_notification_friend_request_id_6521086b" ON "Agora_notification" ("friend_request_id");
CREATE INDEX "Agora_post_account_id_5c71950e" ON "Agora_post" ("account_id");
CREATE INDEX "Agora_post_audience_id_ff6c5381" ON "Agora_post" ("audience_id");
CREATE INDEX "Agora_comment_account_id_58824282" ON "Agora_comment" ("account_id");
CREATE INDEX "Agora_comment_post_id_bf0c121a" ON "Agora_comment" ("post_id");
CREATE INDEX "Agora_friend_friend_id_7cb1095d" ON "Agora_friend" ("friend_id");
CREATE INDEX "Agora_friend_user_id_7e1feded" ON "Agora_friend" ("user_id");
CREATE UNIQUE INDEX "Agora_tag_post_tag_id_post_id_baa4a09f_uniq" ON "Agora_tag_post" ("tag_id", "post_id");
CREATE INDEX "Agora_tag_post_tag_id_a8cef828" ON "Agora_tag_post" ("tag_id");
CREATE INDEX "Agora_tag_post_post_id_fda866f5" ON "Agora_tag_post" ("post_id");
CREATE INDEX "Agora_glow_account_id_a7b804f0" ON "Agora_glow" ("account_id");
CREATE INDEX "Agora_glow_post_id_cd7700b1" ON "Agora_glow" ("post_id");
CREATE INDEX "Agora_share_account_id_67d47c53" ON "Agora_share" ("account_id");
CREATE INDEX "Agora_share_post_id_c6c88d85" ON "Agora_share" ("post_id");
CREATE INDEX "Agora_share_audience_id_c28a6c42" ON "Agora_share" ("audience_id");
CREATE UNIQUE INDEX "account_emailaddress_user_id_email_987c8728_uniq" ON "account_emailaddress" ("user_id", "email");
CREATE UNIQUE INDEX "unique_verified_email" ON "account_emailaddress" ("email") WHERE "verified";
CREATE INDEX "account_emailaddress_user_id_2c513194" ON "account_emailaddress" ("user_id");
CREATE INDEX "account_emailaddress_email_03be32b2" ON "account_emailaddress" ("email");
CREATE UNIQUE INDEX "unique_primary_email" ON "account_emailaddress" ("user_id", "primary") WHERE "primary";
CREATE INDEX "Agora_account_auth_user_id_832d0434" ON "Agora_account" ("auth_user_id");
CREATE INDEX "django_cron_cronjoblog_code_48865653" ON "django_cron_cronjoblog" ("code");
CREATE INDEX "django_cron_cronjoblog_start_time_d68c0dd9" ON "django_cron_cronjoblog" ("start_time");
CREATE INDEX "django_cron_cronjoblog_end_time_7918602a" ON "django_cron_cronjoblog" ("end_time");
CREATE INDEX "django_cron_cronjoblog_ran_at_time_7fed2751" ON "django_cron_cronjoblog" ("ran_at_time");
CREATE INDEX "django_cron_cronjoblog_code_start_time_4fc78f9d_idx" ON "django_cron_cronjoblog" ("code", "start_time");
CREATE INDEX "django_cron_cronjoblog_code_start_time_ran_at_time_8b50b8fa_idx" ON "django_cron_cronjoblog" ("code", "start_time", "ran_at_time");
CREATE INDEX "django_cron_cronjoblog_code_is_success_ran_at_time_84da9606_idx" ON "django_cron_cronjoblog" ("code", "is_success", "ran_at_time");
COMMIT;
